"ID","B_cells_naive_CIBERSORT","B_cells_memory_CIBERSORT","Plasma_cells_CIBERSORT","T_cells_CD8_CIBERSORT","T_cells_CD4_naive_CIBERSORT","T_cells_CD4_memory_resting_CIBERSORT","T_cells_CD4_memory_activated_CIBERSORT","T_cells_follicular_helper_CIBERSORT","T_cells_regulatory_(Tregs)_CIBERSORT","T_cells_gamma_delta_CIBERSORT","NK_cells_resting_CIBERSORT","NK_cells_activated_CIBERSORT","Monocytes_CIBERSORT","Macrophages_M0_CIBERSORT","Macrophages_M1_CIBERSORT","Macrophages_M2_CIBERSORT","Dendritic_cells_resting_CIBERSORT","Dendritic_cells_activated_CIBERSORT","Mast_cells_resting_CIBERSORT","Mast_cells_activated_CIBERSORT","Eosinophils_CIBERSORT","Neutrophils_CIBERSORT","P-value_CIBERSORT","Correlation_CIBERSORT","RMSE_CIBERSORT","T_cells_MCPcounter","CD8_T_cells_MCPcounter","Cytotoxic_lymphocytes_MCPcounter","B_lineage_MCPcounter","NK_cells_MCPcounter","Monocytic_lineage_MCPcounter","Myeloid_dendritic_cells_MCPcounter","Neutrophils_MCPcounter","Endothelial_cells_MCPcounter","Fibroblasts_MCPcounter","aDC_xCell","Adipocytes_xCell","Astrocytes_xCell","B-cells_xCell","Basophils_xCell","CD4+_memory_T-cells_xCell","CD4+_naive_T-cells_xCell","CD4+_T-cells_xCell","CD4+_Tcm_xCell","CD4+_Tem_xCell","CD8+_naive_T-cells_xCell","CD8+_T-cells_xCell","CD8+_Tcm_xCell","CD8+_Tem_xCell","cDC_xCell","Chondrocytes_xCell","Class-switched_memory_B-cells_xCell","CLP_xCell","CMP_xCell","DC_xCell","Endothelial_cells_xCell","Eosinophils_xCell","Epithelial_cells_xCell","Erythrocytes_xCell","Fibroblasts_xCell","GMP_xCell","Hepatocytes_xCell","HSC_xCell","iDC_xCell","Keratinocytes_xCell","ly_Endothelial_cells_xCell","Macrophages_xCell","Macrophages_M1_xCell","Macrophages_M2_xCell","Mast_cells_xCell","Megakaryocytes_xCell","Melanocytes_xCell","Memory_B-cells_xCell","MEP_xCell","Mesangial_cells_xCell","Monocytes_xCell","MPP_xCell","MSC_xCell","mv_Endothelial_cells_xCell","Myocytes_xCell","naive_B-cells_xCell","Neurons_xCell","Neutrophils_xCell","NK_cells_xCell","NKT_xCell","Osteoblast_xCell","pDC_xCell","Pericytes_xCell","Plasma_cells_xCell","Platelets_xCell","Preadipocytes_xCell","pro_B-cells_xCell","Sebocytes_xCell","Skeletal_muscle_xCell","Smooth_muscle_xCell","Tgd_cells_xCell","Th1_cells_xCell","Th2_cells_xCell","Tregs_xCell","ImmuneScore_xCell","StromaScore_xCell","MicroenvironmentScore_xCell","Bcells_EPIC","CAFs_EPIC","CD4_Tcells_EPIC","CD8_Tcells_EPIC","Endothelial_EPIC","Macrophages_EPIC","NKcells_EPIC","otherCells_EPIC","B_cell_TIMER","T_cell_CD4_TIMER","T_cell_CD8_TIMER","Neutrophil_TIMER","Macrophage_TIMER","DC_TIMER","B_cells_quantiseq","Macrophages_M1_quantiseq","Macrophages_M2_quantiseq","Monocytes_quantiseq","Neutrophils_quantiseq","NK_cells_quantiseq","T_cells_CD4_quantiseq","T_cells_CD8_quantiseq","Tregs_quantiseq","Dendritic_cells_quantiseq","Other_quantiseq","MHC_IPS","EC_IPS","SC_IPS","CP_IPS","AZ_IPS","IPS_IPS"
"E250042049_L01_250204001325020400131AA039B39J16",0.285363014967203,0.298323576396945,0.0241956773584971,0.102400777859122,0,0,0.0256937558785519,0.0666007815825802,0,0,0.0537938197517646,0.0167556074170923,0.0402337015326287,0.0177105881114611,0.0224413544708289,0.0226456562767917,0,0,0.0238416883965338,0,0,0,0,0.527494299599762,0.854292864007458,51.3603283092857,111.9671936,139.019816374,1379.18765247556,17.3335163544444,252.702023435714,15.6554086566667,103.115467045,33.6733615974333,203.71863531,0.145227875336472,0,0,0.879474396722768,0.035939994027047,0.0341684628151433,0,0,0,0,0.0228057618398479,0.0640443209050868,0.0969812912532218,0.00136850431135261,0.0547288102846388,0,0.234062081347019,0.234511012930832,1.44981140781686e-17,0,0.00689113991091552,0,0.00928955047118684,0,7.41380978903034e-18,1.37326729825414e-17,3.43494887632323e-20,1.13125388018004e-18,2.10238861002004e-17,2.05597663667142e-21,2.98246527384971e-19,0.0252742999156658,0.0452657495935304,0.00444975586792406,0.0381245986018308,0,0.00288527830976237,0.256441347631066,0.0805312952907097,0.00642031019987002,0,7.38678197742213e-18,0.054060188006589,0.00923331655800232,0,0.15807880513445,1.29690528311016e-19,0,2.05368035882098e-18,0.0420479059426696,0.067016396667536,0.10958039894386,0,0,2.38706096890629e-18,1.29672045905985e-18,0.137304235888461,0,7.64274765226427e-19,0.249452174354672,0.0115120491232642,0.401441762359902,0.0640394981273616,0,0.671278410763568,0.00344556995545776,0.674723980719025,0.150930927272757,0.00604518070469725,0.11531061482333,0.0346645197360364,0.0343802594769012,0.00871025224912956,0.00335715459343205,0.646601091143716,0.139305001111271,0,0.109868958791691,0.0544217449605425,0.0262368670596938,0.287656353158541,0.710516457455973,0.0413026754976881,0,0.0110895911155027,0.0693117920216476,0,0,0,0,0,0.167779483909189,1.50748145258166,0.858053519483657,-1.00625925917121,-0.606283483345848,0.752992229548264,3
"E250042049_L01_250204001825020400181AA037B39J16",0.636895870792081,0,0,0.0160126298923626,0,0.023175192823254,0.0386490671886932,0.0698046276714704,0,0,0.0811245031417007,0,0,0.0977006390843886,0,0.0101725985184903,0,0.0264648708875594,0,0,0,0,0,0.5186154567054,0.87034396659799,79.5096559164286,45.30180623,120.745332180429,3512.12239952222,3.561730515,406.014598957143,28.1554468766667,252.143858510786,100.687296695533,1351.64325699875,0.136454200284961,5.9546618550185e-20,0,0.980960348266053,4.19908309886008e-18,0.0483208258340052,0,2.54877432030743e-18,0,0,0.0260366996381784,0,0.0247681199028412,0,0.0476315731355598,2.28390410248795e-17,0.232226365586122,0.192056227583028,5.06782797939637e-19,3.34099328095322e-20,0.0111918998368135,0,0.00240808965689646,8.50144222826701e-19,2.45326742434925e-17,0,0,4.57593818721476e-18,0,7.11120669944189e-22,0.000225697944053002,0.0235590919176643,0.0366355772448964,0.00210114746106348,0.0276512810406453,0.00108125450561121,0.00219151864418944,0.272478489882747,0.0445500741647497,6.90932561864379e-18,6.64215529659216e-18,4.9364237219215e-17,0.0816046221945237,0.00529323723353983,0.00142739895066228,0.215007114248728,0,5.72317830288077e-18,0,0.0192912770302287,0.00087596120859764,6.08254190165503e-19,0.0326487568641168,0.0122468838612827,0,2.37869788208119e-17,0.193644404826271,5.18918527452635e-20,0,0.315585537572812,0,0.254004101315984,0.106694868315315,2.90410364464691e-17,0.688113814149575,0.00559594991840676,0.693709764067982,0.428621073664346,0.0281801073327519,0.130664211490302,0.017873725975148,0.0602095216026286,0.00257030974049454,5.62841755717928e-09,0.331881044565912,0.161086740074884,0,0.175193689660649,0.0723488342304795,0.0250142698111096,0.351928875359616,0.789846118591854,0.0233478962341173,0.00666070611933505,0,0.0317223585576658,0.00656331765661174,0,0,0,0.0369209407618775,0.104938662078538,1.17721650960487,0.841563070400964,-0.875626732951234,-0.28076090995064,0.862391937103961,3
"E250042125_L01_250204001025020400101AA046B39J21",0.148533684163004,0.392752489336534,0,0,0,0.0752613569067907,0.0160628048626562,0.0220404802006066,0.00743961030256231,0,0.105457713714194,0,0,0.172054891525678,0,0.0181467169829983,0,0.0403308062127955,0,0.00191944579217953,0,0,0.003,0.441861293303558,0.90457065854612,42.7603735753571,7.229347449,38.5110176814286,1710.121553,2.60896633666667,276.465904931429,8.92854206,146.169338845,36.2465747795333,1008.55567515913,0.0646669463335535,1.35661219829122e-18,0,0.89356347332295,1.82334952745875e-17,0.0550352220238408,0,0,0.0036865987478076,0,0.0160542320796699,3.52367429411384e-19,0.0334797664913406,4.90566819231636e-19,0.0479333589454931,0,0.215814159674017,0.226521280943503,0,0.0127650425907693,0,6.99004198542466e-18,0.00622395581733166,2.55691301705739e-19,0,5.78139735484936e-17,0,0,0.310367337832216,0.000596570825040851,1.56281465910914e-19,0.0525708198755908,0.0321839985150535,0.0126152229426677,0.0182095646861615,0,0.00862927263556409,0.258786554477094,0.0342518418598543,0,0,2.6987356768591e-18,0.123814755822875,1.37696852543239e-20,0.0059889127365838,0.131618678460542,1.74397338305026e-20,0,4.3708039411892e-18,0,0.00127915154630062,0.00186563786205722,0.0490725684563134,0.0271259874731101,0,0.0151552427942276,0.0953538246246069,1.0104407547552e-20,0,0.422163000228995,0.0169396164393609,0.21121626356321,0.0786300721621409,0.023585961537135,0.651405933650315,6.78306099145609e-19,0.651405933650315,0.341893124720433,0.0341161769947687,0.10103521015737,0.0121499549197247,0.0257161813629723,0.0027462417393848,2.99958389465314e-09,0.482343107105763,0.134023668507703,0,0.0887292931700977,0.036693938155946,0.0546164305350008,0.250149217817744,0.319704291160219,0.0194578512656621,0,0.00791656091031786,0.0320784363050361,0.00376308589889261,0,0,0.012639486583448,0.0629418142857676,0.541498473590657,1.11567080241281,0.723133704502678,-0.842766842924459,-0.135872731630545,0.860164932360482,3
"E250042125_L01_250204002125020400211AA036B39J21",0.0355312549262331,0.0595122026275355,0.0703977633161341,0.0418689353088809,0,0.115241938134854,0,0.0289326798227048,0,0,0.167850583521239,0.0149072139215829,0.321120380914736,0.0845496537303427,0,0,0,0.0276799908567586,0.0324074029189973,0,0,0,0.637,0.00349554525558829,1.08913986035224,29.3292754842857,12.08739043,33.0016125,29.4816999494444,6.70184116011111,134.931078543571,7.07065816583333,229.430836704286,169.000247938333,3629.9724923125,1.52633766254181e-18,0.117696206086196,0,6.68870232463486e-18,2.69674419838308e-18,5.43818257997099e-18,2.18099976692946e-18,0,0.0128118136670739,1.82908368284535e-18,0,0,4.96652713973549e-18,2.01535652158874e-18,0.0159652221213726,0,1.59280946533786e-17,0,0.00192494395921667,0,0.135810117382241,0.0112782782285498,0.0703890502893207,0.00171402857269441,0.35180331701997,4.32405085279091e-18,0.417651384627923,0.384205008930094,7.96792274116875e-18,0.00175682889563494,0.117874910525586,0.0447686408167955,0.0841471804850301,0.0447941517671572,0,0.00956251290753968,0.00368659602739126,0,0.0345764836452276,0.0331971209865959,0.00587885064605858,1.78995316993211e-19,0.149590446532862,0.051211061160801,0,0,0,0,6.12752946703498e-18,0.0140945403791841,6.70590256979474e-18,0,0.087396003287404,0,0,2.99055068352185e-18,4.09779124966246e-18,3.3881317890172e-21,0.00352127018455213,0.0748853790047739,0,3.69263824428628e-19,0,7.31942201513588e-18,0.0412838464609359,0.302654820244203,0.343938666705139,0.0042213210380685,0.214582515938941,0.0388093650688072,9.86042290760547e-06,0.177502061999844,0.0153195209568393,5.82770103386234e-05,0.549497077564254,0.0774978616566657,0,0.021692796229258,0.00257695959847653,0.124443989116625,0.150386930273584,0.0123832701127731,0.00405191084863621,0.0145214001302304,0,0.103729344389321,0.033527906534817,0,0,0.000713145516458901,0,0.831073022467763,1.0139774094325,0.447563905077715,-0.86411489359175,-0.0501676709892429,0.547258749929218,2
"E250042125_L01_250204002425020400241AA035B39J21",0.0846068581278226,0,0,0,0.228043150282678,0.0426957371017388,0,0,0,0,0.0501177443300015,0.0120979339692706,0.250631860458961,0.171662429049172,0.00136787861193486,0,0,0.0777557210610454,0.0810206870073753,0,0,0,0.975,-0.039445660275893,1.09349012153219,5.67648701357143,5,18.4248378428571,7.74146805288889,0.555555555555556,48.811793911,3.337535535,11.6195097710714,20.7950358575,862.0482913575,0.050425394091953,0.0383601302138151,0.219823209373972,0,0.0197312841751546,0,7.94182485001498e-19,0,0.00145990169698227,0.022303128129369,1.31100731136981e-18,0.0259222356990551,0,1.93186420408832e-17,0.0228315832149931,0.12776329314754,0.0031311314461962,0,0,0.00293915638552462,0.184710393582255,0.076660141455828,0.0318412943418977,1.02860447876948e-19,0.346413130182932,0,0.0108793168164994,0.46455837834054,0.0362652082836606,0.00518249021148113,0.126611645603867,6.12307429278336e-19,0.0153774242012886,0.00152095765758136,0,0.017585144367049,0.00640403526325303,0,0.0238387420862353,0.0672351355206142,0,1.26986071885676e-17,0.0188179408903393,0.0489867688659404,0.215717339861778,3.69232442266608e-19,0.0540558540194434,0,0,0.170107962853814,0,0,0,1.43005368670969e-19,0,0.0215419413233218,0.0117952143123964,0.00536212426061447,0.497432717286199,5.84109361556804e-18,0,2.27302761016795e-19,6.88041041816316e-19,0.0331419810624035,0.0703476890269385,0.284741826989501,0.35508951601644,0.0127425478237118,0.445102357656271,0.0714548106477739,0.0193312414184578,0.201911616629413,0.0076941542676936,7.76322229721071e-08,0.241763193924455,0.0937000940221614,0,0,0,0.0949222457138206,0.109352843864157,0.0419185358307997,0.00157426575178793,0.0275708929409539,0,0.125352178681213,0.0387681792943484,0,0.00286386948054681,0.0226104449264272,0.000247732643487931,0.739093900450435,0.49987155829751,0.341977815006282,-0.644166537361465,-0.0704388438206296,0.127243992121697,0
"E250042125_L01_250204002625020400261AA033B39J21",0.028890218065131,0.119779997242121,0,0.0788165819524334,0,0,0,0,0.123871710772487,0,0.0789255661650039,0,0.290615927205797,0.0625537890944636,0,0,0,0.146580609973391,0,0.0289375780606203,0.0410280214685516,0,0.596,0.00868586583039477,1.07778908795309,5.177608917,2.101282351,16.5894868571429,7.15839526111111,1.56944444444444,30.7503607155714,3.16666666666667,7.70744939814286,7.41391312873333,11.219175894375,1.43619808475449e-18,3.67865600044522e-19,0.0921962562991837,0.084284790905865,0.265860812445753,8.13873869689589e-19,0,0,0,0.0367554424150042,0,0.0123082762683568,1.77266802719587e-18,0,0.0287896648669918,0.0176045343215299,0.166817725534299,0,0.0978962324406527,3.600105593239e-19,0.0232797146507979,0.0338185922905215,0.0503530655854347,0.00910389476420884,0.23172697529499,0.0263386956348529,0.020434649559178,0.564510367267514,0.0276953113282375,0.0225969698916005,0.00272973125703383,0,1.78791319043423e-19,0.0160214490506588,0.0112624033878794,0.0454011506068293,0.0282612704442877,0.0136825685235928,0.0514314010399603,0.141140985086654,0.0313170305494817,2.6907593201643e-18,0.100816647225951,1.1354875335685e-18,0.0791276399035582,0,0.115519182829436,0.0220387028084863,2.61693183248872e-19,0.032165111771833,0,0.0571124463841643,0.148564995135538,0.0147524261066012,0.00618709878369677,0.058397684068013,0.0911023895038816,0.00358447935095283,0.0237916467920381,0,2.85511337052084e-17,0,0.170308475223247,0,0.130019864140394,0.127503344972894,0.257523209113288,0.0773294273023567,0.00832698343354706,0.160543895433219,0.101358872571267,0.0645022872521999,0.00405306808301295,1.8969450054787e-10,0.583885465734704,0.0910165898895189,0,0,0,0.0969870395792727,0.103049146370639,0.194887563307921,0.00487618332183273,0.0342194412130504,0,0.194156919148778,0.0702241711375231,0,0,0.00672247418153468,0,0.49491324768936,0.480104747638657,0.402572816645112,-0.606324246899983,-0.365831598613372,-0.0894782812295863,0
"E250042125_L01_250204002725020400271AA032B39J21",0.548223962324902,0.00590470542876253,0,0,0,0.0276114211079674,0.172475918721476,0.00703068180618642,0,0,0.111797977807598,0,0.0500947045080623,0.0340590795748294,0,0.0107397388864503,0,0.00220666959449035,0.029855140239276,0,0,0,0.004,0.424780038713791,0.923882457909179,14.422115135,12.03085016,28.6630884242857,648.414129233333,0.444444444444444,138.445557640286,4.68432479666667,75.5785362144286,42.3123745704,420.2080612075,0.0883404274426342,2.00499041979909e-19,0,0.798486538008965,1.04872356848406e-18,0.0721004257988275,0,0,8.98323574365576e-18,4.74591571979094e-17,0.0456065003313016,0.00110505304339613,0.0360428907963036,7.25243661635637e-18,0.0593574766116799,5.92637987837108e-18,0.201362898105487,0.489603555952776,0,0,0.0289143692010692,6.96251298960002e-18,0.0234746423350113,4.7665765847272e-19,2.79453951374181e-17,0,0,0.0447948163330612,0.0195684665459141,0.00264957290409398,0.00478989454254329,0.0366487444422746,0.0311772752697219,0.0198890989187809,0.0348952434380532,0.000244127478973271,0.00279225189854358,0.297652873592,0.030129715755511,0,0.00514163992397274,0,0.0708794695123261,0.0232496121108775,4.30445492772003e-20,0.148332635651598,0,2.26572113167375e-19,4.29068954165352e-18,0.037103266768167,0.0200979253355103,0.0529989704238711,0,0.0414668841548258,1.63400334146002e-18,0.102778651135692,0.0991487591449288,0,3.38025338838e-19,0.521548956504246,0.0362901861199919,0.414276870374258,0.0325470048493752,1.86155448324123e-17,0.584184812571108,0.0144571846005346,0.598641997171643,0.202987096625557,0.0211717920565018,0.0416862814606316,0.00631076559145912,0.0626478673254332,0.00755542221510461,4.28194461499364e-08,0.657640731905867,0,0,0.0792998772502122,0.00783933202704598,0,0.284667760550761,0.289469686005995,0.00227178315422992,0.0190841308867071,0,0.00925684865730296,0.00984943292412114,0,0,0,0.0319684991397355,0.638099619231908,1.05108035749313,0.777892813688627,-1.05336012559475,-0.511304071612263,0.26430897397474,1
"E250042428_L01_250204003825020400381AA044B39J41",0.442020223589507,0,0,0.0411272889722607,0,0.0354822807625518,0,0.0820240204821917,0.00323890335354646,0,0.0372787513218907,0.023775105952757,0.059734443648212,0.246155616218323,0.0054987298840891,0.015379043856563,0,0.00478124929779252,0.00350434266031553,0,0,0,0.018,0.231397840589031,1.02279088236288,21.5170740866429,4.957957333,22.17850914,327.165836522222,1.29701920866667,139.198145842857,2.36808171833333,47.2087175562857,34.3685506126333,1335.90309022625,0.166342136091361,0.00419925329169021,1.14547793866923e-18,0.639085174998907,0.00842130716267103,8.13652459201745e-22,0.00523735532386503,0,0.00657796372433875,3.59436560951482e-18,0.00176486434116361,0.019970967385801,0,0,0.0452756910114827,0,0.109767909026851,0.0383756677861486,0,0.00379607142280993,0.030033865268661,0.00554781123380981,0.0196989319850354,0,0.0474951281095042,0,1.26286317990178e-19,0.145151118426096,0.0333956392846007,0.00107555965929234,0.00955788167195989,0.0240999887060138,0.0389982371056269,1.43271503700898e-18,0.0248633057177234,0.00384377732770841,0.00440259015517699,0.0939072755275577,0.0893434347451995,0.00944139855430452,0,0,0.286180832958526,0.0168127522556432,0.00697287813930323,0.180591139755547,9.11122277603288e-05,0,5.27529476982388e-18,0.040570536916927,0.0199170556582059,0,0.0749025477922653,0.00519077451211725,1.18778504839874e-18,0,0.08395650855321,0.000544763133293071,1.26121401067118e-18,0.104151015678309,0.00130759755250856,0.0649266023527601,0.0150164635553972,0,0.47824221297671,0.0408641233349277,0.519106336311638,0.147830472733763,0.141295937840169,0.285617532339221,0.0266645098209137,0.0571486949262603,0.00232417714495097,3.09479542402354e-10,0.339118674885242,0.114951255843009,0,0.00239716436993851,0.00294359760079395,0.0893388642296867,0.157371563368599,0.241047768108075,0.0238098692013913,0.00257058918917714,0,0.0738541653534941,0.0264430456405483,0,0,0.0063295423470942,0.11437435902015,0.51157066114007,0.903788221668625,0.672598482458408,-0.760371807362003,-0.257209711147586,0.558805185617444,2
"E250042428_L01_250204003925020400391AA043B39J43",0.412502776066143,0.30855826351808,0.0479359550571956,0.0157446601291949,0.0208578406430106,0,0,0.00732439403575483,0.0148263190336045,0,0.0400437715420141,0,0.0351453664461305,0.00359036621319111,0,0,0,0.0891464687706453,0.00432381854503525,0,0,0,0,0.659782534652157,0.755471669128616,60.02325401,19.54392522,31.2550567371429,1442.22282183778,3.09829575355556,111.18117442,6.56801934166667,90.6818480485714,59.6749169372667,331.2440607325,0.0798916257473237,0,3.38738743996847e-18,0.689292196782581,0,0.0263810548539478,6.77247051849408e-20,1.92772740327576e-18,0,0,0.0249883767697749,0.0279000968056,0.0238451845681363,0,0.0180394093952823,0,0.200685808672275,0.290125565056937,3.79888035530654e-17,0,0.0374219545071774,0,0.0071081872398054,1.17685402939154e-18,1.90289488611118e-17,1.95992176339739e-17,9.01247721823895e-19,2.51846444683653e-18,9.03929404208461e-18,0,0.00770511906979368,0.0050514866316819,0.0215192601182874,1.34417680583997e-19,0.0173440760972531,0.00159962040801108,0.00223723862210862,0.2173939202354,0.0946411920144904,4.96877392399133e-05,0,3.89431149783044e-18,0.0972597758339588,0.0212515148161402,0.000128292080540523,0.135189859682802,6.66484805126616e-05,2.17574717960535e-19,0,0.0281036800376149,0.048415799062767,0.00250644694896582,0,0,5.05097471066738e-19,0.00683826829765941,0.160480427543508,1.36643692076798e-20,1.66808580619292e-19,0.283156702665905,0.00914700242584235,0.262097225473179,0.129737454677531,0,0.493058570878077,0.0187109772535887,0.511769548131666,0.229025731273553,0.0169951699564658,0.144178344842712,0.035341305199303,0.0861648935034781,0.00694246906821886,3.23433922826682e-09,0.481352082921931,0.0859444921489635,0,0.0861747629864316,0.0268406269473096,0,0.29334496393012,0.528405060136151,0.0107449479791922,0.00583645299798401,0.000573633101709455,0.0236456732660366,0.0281178441441774,0,0,0.0117017926602043,0.00827089254381286,0.382703703170732,0.536196883177913,0.733420111080273,-0.815293244826457,-0.364681020391644,0.0896427290400854,0
"E250042449_L01_250204004525020400451AA029B39J29",0.254103678590204,0.383171624682676,0,0.0554633955476242,0,0.0473666217306458,0,0.108653212571005,0.00243914009148247,0,0.0437957032000469,0,0.0399497896089083,0.0202213184614439,0,0.00476401633748419,0,0.0400714991784804,0,0,0,0,0,0.602329576721027,0.798854540180755,45.01678495,18.79542996,24.5205072314286,1271.86910226667,3.44737182677778,83.9519521214286,5.98488501166667,57.6864456719286,8.67871471306667,31.10623531125,0.12753443553576,5.31739533653687e-19,1.60490893073636e-17,0.991443792882598,2.01535081268977e-17,0.1277612084558,0.101559558734305,0.0499804247790634,0.0169086554189294,0,0.0204855458962386,0.11715788645327,0.119614493820363,0,0.0477961225045218,5.77399545434605e-18,0.228132933898511,0.191497074551107,0,0.000223215930926658,2.10391242334017e-19,1.90813415859232e-18,0.00128227398132614,4.10099198911043e-19,7.26616419680685e-18,1.09336752068633e-17,3.31373819500643e-18,0.0766334489755541,0,5.42101086242752e-20,4.80528188707751e-19,0.00198962681847574,0.00203512933965145,3.75486417930257e-21,0.0384237085465176,1.72484614055601e-19,0.00195701329635864,0.240025628400162,1.12065402478135e-18,7.05657249797547e-19,5.81909399110366e-19,1.8587179603406e-17,0.00843000651683426,1.10909140051854e-18,0.00315956163635705,0.229750843751342,0.000964843969175615,0,3.9245995847394e-18,0.0226943330923911,0,0,0,0.0377241491902344,0,5.63755691551535e-19,0.11345483909395,4.47626405139031e-20,1.34521190282558e-18,0.384665857971285,0.0583552238514846,0.0401122356818286,0.0507763435917789,0.0245011183480827,0.799479103607234,4.00414748639728e-18,0.799479103607234,0.407651895710508,0.00256689585291417,0.340872449456866,0.110363045765969,0.027582589042426,0.00220190172839016,1.6989276957394e-09,0.108761220743999,0.102886594246633,0,0.0412760259581457,0.0146363083148854,0.0812768079005632,0.155168788558635,0.693091145820685,0,0.0204674611930872,0,0.12972529010751,0.0310600555556439,0,0,0.0430168217190643,0.0759642909400233,0.00667493466398628,1.05281153234789,0.825617344315632,-0.765991250990218,-0.36064365404779,0.751793971625517,3
"E250042452_L01_250204002925020400291AA039B39J20",0.251859542353978,0.371643927993081,0.065416449464045,0.0230555542991551,0,0,0.00462609312460713,0.0440868061967789,0.0205080851737326,0,0.0420903847730781,0,0.00120802316324917,0.117578984623835,0,0.02373970962828,0,0.0341864392061797,0,0,0,0,0,0.716449957116949,0.69888472373004,40.2368462231429,18.93722817,52.2857354,5526.21783566667,4.60359033033333,175.583534331429,5.815472005,53.8960611507143,39.2661619126667,2114.16974216325,0.0797014584609632,8.84635372167701e-21,3.64995011215915e-18,0.916972563285169,0.0031868176991404,0.030470338742371,0.0161784762853535,0,1.4090452697985e-18,0,0.0165218792022117,0.0254270601754299,0.00573373706548776,1.77347979597629e-18,0,4.58350408927991e-18,0.254295879157612,0.18559352940351,4.16702474688651e-18,2.1418659237792e-19,0.00205318646810271,3.66101284790198e-19,0.00313557788424482,0,0.0223018837087443,0,0,0,2.70379667057515e-18,1.25329924247386e-19,1.97677927694096e-19,0.0087799904444393,0.0242079616595955,1.27465757999096e-18,0.0182404904896193,0,0.00269610130022205,0.287213655970098,0.0487749195849026,1.00750898113015e-17,2.97906861085803e-18,3.70105415938486e-17,0.129361104715234,0.00312536749902256,0.000411027003788291,0.157734257275726,0.000335843136999969,2.35864843887503e-18,8.34745631066114e-18,0.0702390342963431,0.0650806498906088,5.92703225439058e-19,2.56920878395842e-17,0.022840495168384,0,1.9024690722905e-18,0.104922869165881,0,0,0.279321271063054,3.24446718952944e-18,0.246979033755987,4.4464885835697e-18,0.0256507524374717,0.646280069596438,0.0121775350884235,0.658457604684861,0.313197538885263,0.0906280657213478,0.18565107134695,0.00682071659497704,0.0336779978875437,0.0025660318706139,3.51307014235505e-09,0.367458574180235,0.0318280479730047,0,0.0907592974772971,0.011960915770649,0,0.315715904159204,0.472199007468833,0.00504985751100609,0.0180568540369458,0,0.003069147488977,0.0211439938360265,0,0,0.0176232804414813,0.0272495495283543,0.435608309688376,1.0357151179153,0.69088371244733,-0.751492363845144,-0.406910423686395,0.568196042831096,2
"E250042452_L01_250204003125020400311AA038B39J20",0.339165906591522,0.186936508335044,0,0,0.0278626670789008,0,0.0139318314219485,0.0380108733562688,0.0156367735779861,0,0.0761028090186315,0,0.0180677694539724,0.199145983776073,0.00804857315146545,0.0101416157320068,0,0.0669486885061807,0,0,0,0,0.001,0.487911082112465,0.875899007231308,22.3610851237143,1.512822166,20.1629402257143,407.815986896667,1.18975056555556,86.6784970042857,3.88678939416667,36.8377444872143,17.9584235111333,473.521009919625,0.197440944460477,1.98108934061173e-18,7.83778578457423e-18,0.840899589933361,5.60353607213957e-18,0.0475407263283143,0.0233354590477552,0,0,0,0.0221007662253242,0,0.00353631963896697,0,0.0463805830942823,0,0.273325084394823,0.138911158822773,1.65490741891354e-17,1.98593573873991e-20,0.00116846725706625,2.29983042264388e-18,0.014524191070095,3.1540450303793e-18,0,2.06705505562702e-17,0,4.27295462352721e-19,0,0.00128446201321583,0.00104409564238728,0.0116911918425528,0.0442786594693865,0,0.0388998627494289,0,0.00108523623980509,0.231927581697801,0.0410689197462555,0.00208391205145864,1.04730755852122e-17,0,0.15350400027429,0.0022455418184339,0,0.122950133665681,0,6.20543434957824e-19,5.5490788369062e-18,0.0283516429958573,0.00528291359813204,0,7.94017991163718e-06,0.0253772650024784,0,0,0.132714426486538,1.8756039646492e-19,3.93865798480768e-19,0.21357323075409,0.0342165052764161,0.26247048005858,0.0479798022397212,0.00283143598373269,0.594327096350229,0.000584233628533127,0.594911329978762,0.198222254658259,0.0691361018509119,0.211512578813722,0.0120863336886868,0.037450382557565,0.00271261416409438,1.66797518036918e-09,0.468879732598786,0.117770595886046,0,0.0158229381652938,0.00661227531593363,0.0854583714981508,0.160433101953507,0.440310404802624,0.0150996622594285,0.00874276298723177,0,0.019005762764987,0.0282943049162965,0,0,0.0558032511447594,0.0384781969861447,0.394265654138528,1.13538390173008,0.788402343448369,-0.835293027493533,-0.379848695441121,0.708644522243794,2
"E250042452_L01_250204003425020400341AA037B39J20",0.586270010294033,0,0.149502293938158,0.0386204112889192,0,0.0280759810071765,0,0.025833586511782,0.000214436117883501,0,0.0408441064378869,0,0,0.0747054560453514,0,0.0210501679355947,0,0.0186589195878648,0,0.0162246308353501,0,0,0,0.621049420300323,0.793156094911866,42.1224075025714,39.97815542,53.0862216342857,2593.50108256667,2.82848807633333,154.673620471429,19.2688008456667,149.740431312429,65.7792606295333,1378.40011363887,7.87967290194741e-20,0,6.48640862154983e-18,0.812325495284464,0,3.56581972876387e-20,2.06906823862765e-18,0,1.03082175630101e-18,1.72747614352729e-17,0.00793872086862589,0.00441782595060366,0.0109592313684728,6.76454674107454e-18,2.05595568577397e-19,0,0.0950763146221345,0.117606185154675,2.30428341942059e-18,2.16622415767688e-18,0.0112873445678023,2.72456380231056e-18,0.0078654337983228,0,0.0107864823456633,2.38477582717011e-17,0,0.139772365048289,0.0703499536089585,0,0.00178854215341544,0,0.00114180813920004,0.00364733193398099,9.71076728829864e-21,0,0,0.219014514830161,0.126833144870511,9.08617629817634e-05,0,1.13531761343725e-17,0.251255420935132,0.0216100648838234,0.000703010346611612,0.205387910744836,0.000532830539567492,0,0,0.0620821428285353,0.0841194533582524,3.03130000786275e-18,0.0415593413373484,0.0589591465271805,0,0,0.209736803519023,0,3.97191776886994e-18,0.0498140014164989,0,0.339618266958157,0,2.31991334281902e-17,0.544495547490045,0.0110369134567328,0.555532460946778,0.389188100915551,0.0524662983001622,0.15924977888917,0.0220015517549661,0.0546693488646681,0.00203204787219818,3.93399930629888e-10,0.320392873009885,0.159089760679922,0,0.0479178253565421,0.0184269007986956,0.129203061874251,0.168828944739554,0.432010871968944,0.000443509012435565,0,0,0.0339958737003448,0.0106120525837501,0,0,0,0.0337980267184747,0.489139666016051,0.79932857292266,0.636582801524322,-0.659878182680424,0.0719319613445909,0.847965153111149,3
"E250042452_L01_250204003725020400371AA034B39J20",0.417509293083342,0.0181144043311415,0,0.0785074386033467,0.035753863248625,0,0,0.0892316811455675,0,0,0.0385703741919968,0.0289025703527559,0.0869327932620159,0.0918798788048302,0.0112819706697423,0.0357729000526849,0,0.067542832253951,0,0,0,0,0.031,0.192048877677451,1.03699804148346,108.024473246429,46.69190713,95.9732157242857,1297.41446817778,16.0433700238889,345.919874585714,23.5696782416667,265.674300187143,341.7538816403,3039.4810054425,0.0802469096540722,0,0,0.747350881475702,0,0.00452011489118981,0,9.98556974497651e-18,0.025729051697239,2.08164244876945e-18,3.79787439896989e-21,0.00853520757051152,0,0,0,1.3054055022495e-19,0.141378700155648,0.116141367535892,0,1.38489719748855e-18,0.0645452560399524,0,0.00239569593839956,0,0,8.22281861928888e-18,0,0,7.42482474518947e-18,5.83137170829868e-20,0.0215848088063692,0.00410864902753644,0.005781897732804,0.0121623355594687,0.0109932526483796,0,0.00265240341535277,0.20033729810703,0.0462640661501073,2.04070234454911e-18,7.962103282323e-18,6.75626305017196e-18,0.253448883076802,0.0383076862361156,0.0186287240202058,0.151617179460834,0.00429246309847155,0,1.00231227577256e-17,0.050023461767007,0.0261366884687627,0.0253739704265846,0.0242480132960531,0.0117426414545596,0,3.42993405946847e-17,0.17954122593441,0,0.000999898279981679,0.193798789304418,1.36664985233809e-17,0.148630229319826,0,0,0.513991993814753,0.0322726280199762,0.546264621834729,0.105465476169066,0.0540350133056022,0.107280183033407,0.0151431709110182,0.114064294895013,0.00246892521302767,5.86455344083761e-10,0.60154293588641,0.00477760815398559,0.0933915148725475,0.183324399061968,0.134944369608234,0.173429126147738,0.246257554704551,0.300710657192416,0.00301813818044893,0.0126653367750558,0,0.0826346735078781,0.0304829351094234,0,0,0.0119088154965117,0.0248560143780214,0.533723429360244,0.953110758252999,0.604565954984589,-0.80878427948366,-0.0862758022184786,0.662616631535449,2
"E250042452_L01_250204004025020400401AA033B39J20",0.288358661821043,0.316859080721968,0,0.0319209131906446,0,0.0221128903084878,0,0.00321412224806362,0,0,0.15202782662675,0,0.0423247562052113,0.0894191382446975,0,0.0151535073025228,0,0.0173023202065039,0,0.021306783124107,0,0,0.00600000000000001,0.320914783113049,0.992546974607315,18.8789870373571,24.86669557,20.3923217718571,514.549012211111,1.04828385688889,69.8198026457143,2.53198292166667,50.5577757337143,24.6444646952667,320.11188315075,0,1.13775566887454e-19,0,0.944408687240583,0.0310249103690148,0.0177860980036499,7.41717669093758e-19,0,0,3.7912496550281e-19,0,1.41953676374473e-21,8.89766380207567e-19,1.08258699657715e-17,5.5742521170961e-19,0,0.179581030596888,0.203007802449691,0,0,0,9.81698786925177e-19,0.00258574136447038,2.04806481460348e-18,0.0337661840493979,0,0.00487540763685237,0.0151696348107152,0,0,2.41623917794205e-19,0,0.00124178819738814,0.0024660761753273,0.0290245545235224,0,0.00391339221436018,0.192951795838141,0.0308305473601051,0,2.46745294642312e-17,1.00355426193448e-17,0.0547784524456652,1.212763669462e-18,0.00211629959776609,0.250220042120847,0.0012272537542003,2.17538357267984e-18,2.40238736391698e-17,0.0163921860510551,0.0164227963169922,0,0,0.0293902805227964,1.16656343587505e-17,0.018140701607468,0.194871509283142,0,0,0.269245315065553,1.61374450935623e-18,0.129458349099294,0.0847360681228876,0,0.648955494509404,0.0168830920246989,0.665838586534103,0.256130431318578,0.0267852686154952,0.20235351964073,0.0356334216967716,0.0422177567831095,0.00114477012930051,4.26988560575496e-10,0.435734831389027,0.124748157407916,0,0.0245508328368896,0.00631325797720224,0.0975585252405425,0.147379525277457,0.394178887243019,0.00849894600004668,0.00371294862854496,0,0.0682568980977156,0.0165608252857877,0,0,0,0.026330992919698,0.482460501825188,1.18285087769365,0.637577626850577,-0.562137938377265,0.0570994673688853,1.31539003353585,4
"E250042452_L01_250204004125020400411AA032B39J20",0.380513389920634,0.211296209605895,0,0.0658064798688605,0,0,0,0.112993766900356,0,0,0.0386804616949624,0,0.0692101618665594,0.0837396100178669,0,0.0110053762402486,0,0.0267545438846174,0,0,0,0,0.00600000000000001,0.329258673578537,0.987383118644581,23.3859047681429,14.53743873,61.3368143742857,1618.91013188778,2.94438021377778,151.707133077143,7.976956295,150.947194785429,162.598012912667,2018.8576157375,0,0.055552303583897,2.35261806253607e-18,0.7427235973226,2.50022919955463e-18,0.0070668918472499,5.37156528124365e-18,0,0,2.0502584414636e-17,0,0,2.84324940649225e-17,5.14589916359998e-18,0,2.86543501615552e-17,0.0695685892010064,0.152066498487261,5.58408931824674e-18,0,0.0599961944497544,1.42016127741627e-18,0.00128802985100322,0,0,3.52830718374196e-17,0.00285057721435524,0.00555203699035652,0.0195049444267983,0,0.0177394423298633,1.62239859762392e-18,0,0,0.00928627821848221,0.0011515370539171,0.00259728754372876,0.185081184625308,0.0733423945834552,1.25869422604357e-17,0,0,0.166530989955158,0.0329470804125532,3.29215393718607e-20,0.20072761017292,0.00288977113229885,0,8.87207688895386e-19,0.0647905189763373,0.0252853090752815,1.34367152852705e-18,0.0684448176535822,0.00322054726151986,3.57734358733043e-17,0,0.323441093667728,3.49239940944743e-20,0,0.191602942631974,0,0.270237652937376,0.0109551249626289,1.48470845224788e-17,0.501339917027388,0.0577742490168257,0.559114166044214,0.256948902544048,0.06612505915826,0.0934443849447668,0.0293867365893767,0.101985404880286,0.00130643138821679,9.09472806706118e-10,0.450803079585573,0.113081441926281,0,0.0345107313775751,0.0270663714457648,0.102439876583788,0.170381354410087,0.276093542846398,0,0.00215993816000108,0,0.0680776984631263,0.0158124741207087,0,0,0,0.0176649312756022,0.620191415134164,1.1095812132399,0.548122464715816,-0.569406077507612,0.0816391288355036,1.16993672928361,4
"E250046465_L01_250204001125020400111AA046B39J27",0.398257507069384,0.243300307278949,0,0.0254551870530773,0,0.0839472464001016,0,0.0695545448196828,0,0,0.102451651361695,0,0.0352638053666561,0.0286394723958924,0,0,0,0.013130278254562,0,0,0,0,0.002,0.470705134040608,0.903241530898993,12.8491450725,12.07640269,20.8020273668571,667.236849522222,1.54101672588889,86.537331759,5.75176187833333,48.9959205154286,18.3084212780667,891.85940957725,6.39261501923373e-22,0,0,0.901692866079343,0.0140298043960714,0.00427903046345948,0,5.87577395911001e-19,0,4.1633711451202e-18,0.0130239651568518,0.00788304829449372,0.00557637345960393,0,0.0262467914371956,0,0.248089546322085,0.0960843360625313,4.18347364520662e-18,0,0,1.0502834696125e-18,0.00298450178575905,0,0,3.05315445435626e-18,0.00110193556145994,0,0.051358036213,0,0,0.00126571612028284,0.012081367416483,0,0.0193400584414044,2.01919739880953e-20,0.00281092297757,0.263140160935691,0.0879256010463849,0,1.95380693674791e-18,3.10779366997535e-17,0.207292702960816,0,0.000245970509468901,0.175077529375351,3.74427815119134e-20,3.58086260921367e-19,0,0.0532584230829777,0.0827757506060839,0,0.032736677789728,0.00662120625421862,6.49623448672638e-18,0,0.172940125165362,1.73868274528461e-20,0,0.196952327194661,0,0.293897589549696,0.0347901703476368,0,0.620121125957016,0,0.620121125957016,0.225879475166655,0.111939244717741,0.219643658471184,0.0102944236131776,0.0284413287822243,0.00299583874953809,8.56664481663636e-09,0.400806021932835,0.0870276659298138,0,0.0249677313179391,0.012477488600451,0.0639971944776929,0.194686925803642,0.662915295234349,0.0116553671969149,0,0,0.0328733469140626,0.0241824104120359,0,0,0,0.0345144022479287,0.233859177994709,0.881363592091962,0.656189114200198,-0.806090249435441,-0.225661141813336,0.505801315043383,2
"E250046465_L01_250204001525020400151AA045B39J27",0.532404709868934,0,0,0,0,0.0894805886330295,0.0170302625285708,0.0409667377904101,0,0,0.056367413890575,0,0.0238706870222246,0.197942302779741,0.0153280411487607,0.00552084011454696,0,0.0153212061379833,0.00576721008522389,0,0,0,0.003,0.451697299774791,0.903916541722389,48.1792741917143,2,43.7077509328571,782.146381414444,5.60512671411111,273.22452156,16.0312502983333,178.390053284286,62.2155467462333,1220.22838594475,0.0292538774518378,0,0,0.756116912906501,2.21692541389202e-18,0.019652093821764,0,5.25666094314691e-18,0.00450749036764645,0,0.0196129217531495,0.0058835100726601,4.82878003818386e-20,7.60829155059463e-18,0.0136336906643644,0,0.264099611995104,0.251019090741737,4.68955352693078e-19,0,0.0154763132030209,0,0.0100816999761186,0,3.31668371265339e-18,0,1.41075767841862e-18,1.65572203284907e-18,3.72845496939297e-19,0.000230437031513599,0.000828564454723109,0.0220093373578581,0.0364963922086383,4.20398094808978e-22,0.0191125514821644,0.00035942002802123,0.00514455712837801,0.235149831204131,0.0633065078324436,0,0,1.30405154275916e-17,0.239300922852266,0.0126622039844597,0.00159032187587798,0.118305908558895,0,7.53842135493749e-19,0,0.0350721101555289,0.100474929120808,0.00202174460473969,1.93285195189763e-17,0.0177712915848005,8.75348294751298e-18,0.0159191266846185,0.116323805367189,0,7.16791848861767e-19,0.255432531346407,1.25144506975938e-19,0.322837621000509,0,2.63861651671318e-18,0.535414874546123,0.00773815660151046,0.543153031147633,0.189770797266585,0.0385587265953171,0.146629526299855,0.0156519669533802,0.0407029862850374,0.00146533523363,2.32749951823404e-10,0.567220661133445,0.0561296487702231,0,0.0639718255670134,0.0137732943166712,0.0681891890282722,0.252598031032739,0.469074224086734,0.0173797577623234,0.0060568806329821,0.000467134711347633,0.00836940105133531,0.0123106587575429,0,0,0,0.049331668288804,0.437010274708931,0.840887035341173,0.691226783145156,-0.695755591166505,-0.461092601292252,0.375265626027572,1
"E250046465_L01_250204003025020400301AA036B39J27",0.155064038350552,0.368926753782017,0.058295038539233,0.0022047794161099,0,0,0,0.037248865283581,0.0712165400385163,0,0.0962321264891504,0,0.00808284054800999,0.122588835613021,0.0457844906783153,0.034355691261494,0,0,0,0,0,0,0.001,0.493720143360353,0.873777314562032,354.315709175,98.92422877,180.964594032429,4568.74997739111,8.17966584444444,488.346677962857,19.27560967,802.608019454286,97.8367099326667,1046.664412085,0.117673103093189,0,0,0.354382156408686,0.0474811873103507,0.066475147669165,0.00913786251148708,0.00294176414857228,0.0464003214317743,1.26993124760527e-18,0.0366913511797451,0.0617790102155581,0.0539925865038561,0,0.0147905512022259,1.17461799959876e-17,0.270022627093471,0.0998637235354832,0,3.64796569368423e-21,0.00101256774460662,3.54166346560712e-19,0.010770290294908,0,0.00399584569633271,0,0.000840933554820763,0,0.00322013591337811,4.97724514147453e-22,7.35847927633192e-19,0.00901775646931702,0.0152453691787393,0.00815302145979161,0.0320591230945989,6.36380052438471e-20,0.00897165354922025,0.0466241493640417,0.0810474106919215,0,0,3.29490468606743e-18,0.045056162209357,0.00590315320260146,9.36169849600261e-19,1.75729196709273e-18,0,0,0,0.0713073962720344,0.0477384407062522,0.0586786340341714,0.00124552853815637,0.0636462563580806,2.8176814188773e-18,4.3944253797948e-18,0.0792103553933693,0,0,0.365993377915562,0.0488232743475353,0.376734452896482,0.153411953507314,0.0684543502794407,0.306786540224488,0.00250420672046966,0.309290746944958,0.184257918438088,0.0154970917516554,0.125793839247537,0.0344960354715519,0.0325925793028935,0.00491142785881111,2.82372818029207e-09,0.602451105105736,0,0.422903272972939,0.364927220572919,0.29993732467194,0.047281727609864,0.430503183434113,0.299940812743138,0.0275783673744903,0.0171097894979151,0,0.0178937262968675,0.00645479911078635,0.480439687668829,0.00753316960164769,0.0986918027515628,0.00629539890828129,0.0380624460464819,1.43751748577278,0.853329158695482,-0.862463533144606,-0.341892800607198,1.08649031071646,4
"E250046465_L01_250204003325020400331AA034B39J27",0.0866829597679303,0,0,0.176465229037703,0,0.035677198514359,0,0.0651791045191005,0.0678608557635818,0,0.17494212855229,0.00680240042225233,0.0649440465513984,0.270103396999184,0.0285100072660063,0.0182797381434567,0,0,0.00455293446273787,0,0,0,0.002,0.467856329608766,0.883167400066545,125.638151572143,294.1065801,343.821758240714,422.945906112222,2.79692878011111,392.6820911,25.9214461,116.706786326429,56.9078927623333,2417.49229798463,0.489391911537755,0,0.00771261959002054,0.482295089934629,0.0440086943508573,1.53727879820228e-22,0.0843091198506896,5.61368604185694e-19,0.0444386172993526,0,0.0200570478901359,0.293625061712794,0.252496088116845,0.0933297580026521,0.0856677415550438,0,0.18166777824508,0.0581273787013308,0,0.0117954401606881,0.0372297161925067,0.00276917937689905,0.0103183352919814,0,0.0739432647960354,6.03108080406412e-19,2.28149579293757e-20,0,0,0,0.00852129949920422,0.149968278885131,0.19175427363918,2.05787550302966e-19,0.0121626181377881,0.00138269741595695,0.00538113697470757,0.123215070793452,0.00180963665840671,0.0106255459772689,0.00583892397580249,0,0.187121783210305,0.0282879987927514,1.20700870626905e-18,0.086908635324978,0,0.00184711453982331,0,0.0896636812807616,6.38366997089292e-19,0.0150781811677502,0.0527590879271505,6.40616722999604e-19,0,1.73307559092018e-17,0.0750406031497216,7.09913895753413e-22,0,0.00935152938554251,0.067474630883393,0.200578800498355,0,0.0172542733174917,0.640201137815704,0.055586490494271,0.695787628309975,0.0872901067030215,0.164933282559134,0.175519236003956,0.0857094927863012,0.076464625144257,0.0223522070773503,0.0138893222337374,0.373841727492243,0.0418899778789932,0.00853677699526431,0.137465240276493,0.0541259551878965,0.133587986768961,0.218852530239681,0.227618218508318,0.0487147834270705,0.0278193611381562,0.0298914772535421,0.022496882442736,0.0492839436640215,0,0.225916511444143,0.0805580675120081,0.0324336281641403,0.255267126445864,1.35850410538994,0.88438461200422,-1.24048774711811,-0.770689062978261,0.231711907297788,1
"E250046465_L01_250204004325020400431AA039B39J27",0.660345400745691,0,0,0.0277515978935981,0,0.0585095095062492,0,0.0654272479247028,0,0,0.0381168069972049,0,0,0.0750869583981434,0,0.058951189906237,0,0.015811288628174,0,0,0,0,0.005,0.372147861739835,0.986019047069149,12.7710513380714,10.49346928,42.2138240285714,1908.22474922222,4.59320795288889,171.104963,15.4230597733333,129.493463057429,61.0569374098,182.445244175,0,1.5921849741898e-18,6.45476937610676e-18,0.853371205735134,1.3787552708911e-17,0.0353950876491579,7.76842331821996e-18,1.09482377744821e-17,0,1.15175165767629e-19,0.014344064314812,0,0.00654794396564057,2.29610119242873e-17,0.0167860420596361,2.21776582638711e-17,0.0818733452036681,0.299535572139358,0,1.75961199674363e-18,0.00106353361009955,4.35254824804652e-18,0.0016178469561106,1.14420459085382e-18,0,3.41041111120883e-18,0,0.198390503385089,0.00266294670430944,0,0,0.00301529210565087,0.003814984509554,0.00362147357094576,0.0451188559190166,0,0.00162924007169317,0.163062810446111,0.0924390470007851,1.11574922639931e-18,0,4.69548098139365e-17,0.0252902531827074,4.68547325969321e-19,0.00868714686099822,0.23925748174876,0.000544697834538093,2.70055863407336e-18,4.2373856932546e-17,0.0280063940291765,0.067323887650422,2.45632329362821e-20,1.07560201995875e-18,0.0396745864345165,4.99401006875464e-18,9.54900116408769e-18,0.166052353816496,0,0,0.427705739690531,1.53426795076515e-17,0.167994587442368,0.093392004882153,0,0.601003569173201,0.000531766805049774,0.601535335978251,0.286531886439014,0.00391516416444515,0.267053687635635,0.0221806233880621,0.0414371857486231,0.00127942390013113,1.11584550829537e-09,0.377602027608244,0.208494845683656,0,0.0316408238988643,0,0.0807331814051625,0.201754701560164,0.547056566015401,0.00533467797237803,0.00208713502202215,0,0.042136160236442,0.0183772396837886,0,0,0,0.0746103206026627,0.310397900467305,0.496470606682457,0.604477512224278,-0.60297826182348,0.14336514716357,0.641335004246825,2
"E250046465_L01_250204004425020400441AA030B39J27",0,0.359717487387059,0,0.0856100041791414,0,0,0.0345112696808201,0.0917395585892719,0.00448038208678667,0,0.0844483629705724,0,0.0242569634802299,0.156865097444135,0.0908194352927954,0.053816813046833,0,0,0.0137346258423557,0,0,0,0.005,0.377225380434805,0.929579338713552,279.771177685,136.8764708,227.565255618,2545.50723712222,9.83570251633333,646.861984414286,43.1983657016667,181.072132081429,80.2527773856667,532.88072389875,0.208829988302883,8.90120152475809e-20,0,0.843376005756419,2.18412143944767e-17,0.0609737739093293,0.119912806768204,0.0297337144680731,0,1.14819221159673e-17,0.0215211980947759,0.238356163237167,0.258104236769562,0.0814062981335239,0.051175486485878,0,0.191625456126356,0.0736550403075751,2.0285070430165e-18,5.72780049112215e-19,0.00449036462517949,0,0.00163811120658287,1.38595483403262e-18,0.010137054303159,6.16747898404533e-18,7.58230115843667e-21,0.0013360181509633,0,0,0,0.0700734555653828,0.0760783083271939,6.59277632764323e-20,0.0189829589180209,0,0.00525458217690115,0.204671841993954,0.00260995466323472,0.011738623946244,3.10043470156546e-18,1.30934152812496e-17,0.0276632238878215,0.00218557755511887,1.74273954578456e-19,0.167946472945916,3.81246149421718e-05,0,0,0.048943669304859,0.0171227835994909,0.0176275956594194,0.0572832994271119,0.00873497439958384,2.7776450615012e-18,0,0.0925673861695775,3.38106452503112e-20,1.58834498895213e-18,0.09310264262991,0.0607862684969534,0.127895615751301,0.168914929831523,3.3008165279991e-17,0.800348198630042,0.00731370946416926,0.807661908094211,0.251406523573423,0.016790061858399,0.336429551205926,0.0549590253578349,0.0586254582090198,0.0207575095108788,5.10158999641301e-09,0.261031865182929,0.0767256399834794,0.160359510034248,0.145184580279773,0.124693498379016,0.103985191997245,0.18651461646398,0.458575060847034,0.0471363554614717,0,0.024942635594513,0.0331611566836852,0.0595817507835203,0.226927889238948,0.0686763565249079,0.0500736458306776,0.030925149035243,1.11022302462516e-16,1.23892852881225,0.943480114761463,-1.13410542520805,-0.730759584027343,0.317543634338321,1
"E250046485_L01_250204002825020400281AA037B39J28",0.264133666297366,0.151425898434155,0.00157349117453676,0.234218134945188,0,0,0,0.126757848023816,0,0,0.0986719320535547,0,0.0216005114735174,0.0606028020751515,0,0.0272358959520487,0,0.0107828865708943,0,0.00299693299977134,0,0,0.00600000000000001,0.333288060436762,0.968814217770108,45.98734619,65.34374785,68.1647311271429,466.832595717778,1.84189861088889,88.0786456828571,4.60465079183333,48.7291370713571,33.4902844547333,302.26246908125,0,4.76256994110416e-19,0,0.737995981829342,0,0.0133562301596505,0.0056005361842529,2.69013122181709e-18,0,8.68314224971342e-18,0.0134346038147398,0.109787042209185,0.122702854627241,0.00700157368618433,1.68148905848368e-18,5.10152708373757e-19,0.103823369534292,0.052554460629606,0,0,1.95893518620622e-18,0.0167685449581624,0.362336733993639,3.16538057806488e-19,0,0,0,0,0.00220848059298685,0.0270575707520494,0,0,0.0058932235527058,7.53490392310369e-19,0.00988063025080022,0,0,0.166605869411617,0.0433891287438085,0.0246803395594463,0,0,0.0883129786545754,6.21605728818378e-19,7.09774170421172e-23,0.196994625749866,0,0,0,0.0550162487127906,6.26700855920087e-19,0,0.00239273890889642,0,3.76472284390543e-18,2.33845817201719e-18,0.108260934322346,0.00397308681054329,0,0.0184180975995125,0.000239945148965497,0.105215988868498,0.0709218051387552,1.3575151355077e-17,0.582954799498327,1.21759609015832e-18,0.582954799498327,0.141225832976576,0.030247975841857,0.164627005994137,0.0583206951484556,0.032399412062482,0.00324319979511899,3.86249322057086e-10,0.569935877795124,0.0896870279632854,0,0.0850854973583855,0.0283732443967361,0.115229548368131,0.132636110665476,0.214177887904092,0.0169856349573326,0.00577493816532935,0,0.0528371584901194,0.0498987849251947,0,0.0558620752326297,0.0258468976993013,0.0202611729035698,0.558355449722432,1.38959442161463,0.829382123005144,-0.705092742710286,-0.359612615214825,1.15427118669466,4
"E250046485_L01_250204003225020400321AA035B39J28",0.100510353685993,0.311791311489541,0.299688604606513,0.00275914857790438,0,0.068008399080689,0.00887869030188222,0.0708389058221369,0,0,0.0364160246259875,0,0.0202888404670887,0.0211690238305814,0,0.0496086707481537,0,0.0085697561574227,0,0,0.00147227060610598,0,0,0.724299036355239,0.689068415563294,84.1423002392857,21.96042656,48.1726884957143,5013.29863898333,11.0093747005556,344.263603651429,161.464043485,83.3893996115714,213.68351615,1801.8121037975,0.105637643515839,0,6.33420287961507e-18,0.756986100971914,0,0.0728766915351099,0.0114355539306386,0,0,0,0.0265415464549322,0.00673453728324139,0.0384763528023364,5.75529059635685e-18,0.0966261224674182,0,0.213482483525992,0.219255250697054,0,0.0092840557825042,0.0283562932426555,0,0.00581104802435735,1.65947486655914e-18,0,0,0,0.039416460504044,0.265524723568042,0,0.00317924612196559,0.0417618964069245,0.0363789814189007,0.0129582273791779,0.028732891721418,0.000147676070485395,0.00541901149841806,0.203646938827581,0.0347700814303543,0,4.43032287214578e-18,3.5901023449847e-17,0.153412091577242,0.0105256333545659,0.00228772383798833,0.152292633784284,8.53520723152389e-05,1.46336177738257e-17,9.61003114648277e-18,2.7133892079322e-22,1.18770016392407e-17,0.00155204403199539,0,0.157471407258688,2.83893171375696e-19,7.90813565115641e-19,0.109233594888094,0,3.59314296583428e-19,0.432192992156084,0.0388314913353366,0.0887162916906807,0.11836219443748,6.47035335193917e-18,0.562332988110668,0.0141781466213278,0.576511134731996,0.236834679977629,0.0797434638004761,0.135331008414991,0.0250542404568079,0.075370192343876,0.00813641837575699,4.52194191044992e-10,0.439529996178269,0.140689924606948,0,0.0921384435312654,0.050612116840192,0.0558678992363999,0.251678424790473,0.800991937895517,0.0161261824199959,0.0261700168624781,0,0.0290865526380529,0,0,0,0,0.0251887730107775,0.102436537173179,0.682588004980633,0.750047720635586,-0.873697449246234,-0.398745471542818,0.160192804827167,1
"E250046485_L01_250204003525020400351AA041B39J28",0.122838308326248,0.0364655008563364,0.0757102324953561,0.178393059151617,0,0,0,0.173292766125083,0.0672106198648459,0,0.0909808062511794,0,0.0123397135722302,0.121130537307994,0.0609003334257016,0.0607381226234081,0,0,0,0,0,0,0.002,0.477601505866808,0.877758205312733,407.443000871429,285.0852769,214.450996918143,2101.25127116667,11.5538647075444,745.216566971429,84.6712165216667,310.887464350714,301.8356078277,1187.73974071125,0.24890556374708,0,1.06048928658366e-18,0.535762790164126,0.0324272712085922,0.0221486455736879,0.164418269633299,0.0371502085655417,0.0745450435991382,0.0100094426280862,0.0163281288559326,0.260825016284304,0.191393712888969,0.080785182260654,0.114684817233157,0,0.156234103644165,0.0272789433947074,6.88709179564727e-19,0.0133742321461227,0.10709031660774,0.0153655049075055,0.00760667809451671,0,0.166974819859908,3.50765362829087e-18,1.52327729236157e-20,0.0576413115173503,0.244745737718774,1.96737167336198e-19,0.0666820033264719,0.0791459864439195,0.10231417721761,1.58327494761467e-19,0.0131313180801974,0.00253896447324543,0.00706391309607937,0.134945721848137,0,0.0475193060735074,0.0376256874952671,0,0.154218090438929,0.0792648249612378,0,0.100085065683713,0,0,1.12224029940098e-18,0.0680503870859827,0,0,0.038118631963386,0.00239591029211366,2.0055046550656e-18,0,0.0514384968275187,1.77949610162653e-19,3.10402753937458e-19,0.0128435528999559,0.0583906350087559,0.0957400122707473,0,4.27480058034885e-18,0.661587162724656,0.137032568233824,0.79861973095848,0.0543169517157973,0.0219577254311862,0.234517396565735,0.0416635041396346,0.219256987812848,0.0288974518997638,4.16205054686311e-10,0.399389982018829,0.0119698437413208,0.344050682572811,0,0.0963425282948789,0.231967603127994,0.224867911487344,0.155128793285595,0.0346399454774819,0.0104986629134492,0.0334702160686346,0.059573710882531,0.048669076277118,0.0507942562878416,0.08496278222374,0.0839605990300255,0.0060904893195182,0.432211468234065,1.51582829694679,0.914597079337459,-1.17361238712901,-0.755942429458965,0.50087055969627,2
"E250046485_L01_250204003625020400361AA040B39J28",0.66356685529474,0,0.157364805752936,0,0,0.0577642641065029,0.00478809120077028,0.0122123103872898,0,0,0.0706459780431736,0,0.012190610710527,0.00539731363404035,0,0,0,0,0,0.0120853555492535,0.00398441532076659,0,0,0.616110009090533,0.814963705901341,15.0238913337857,0,39.140822755,2129.13557257778,3.05949873488889,125.024287028,3.807311265,112.498829873214,23.1931248766667,165.078455615,0,0,0,1.01285059860258,0,0.0281334501577002,4.33636310822131e-19,4.42653883116829e-17,1.93508770819874e-17,0,0.00520197313640825,0,4.66413203848698e-18,0,1.10247167798649e-17,2.95479887672475e-18,0.254985863767536,0.218522522225376,0,4.84713297893096e-18,0,0,0.00109058718750613,2.04145234674166e-18,0,1.31049888230424e-17,0.00118728389435007,0.0705461901933113,0,0,0,2.32149901451307e-18,0,0.00249781233390063,0.0322055717880077,0,0.0012370165987914,0.222809353188284,0.0949324451602536,0,2.0239451931347e-18,0,0.0675698788846584,0,0.0159571048593037,0.215275942783159,0.00110670685923346,0,6.52079298199059e-18,0.0550408379654086,0.0540029523903361,0.00226571293759448,0.0152751352285917,0.0315635057812932,9.82060206343797e-18,0,0.223518981709881,0,0,0.275080611212187,0,0.197042476785972,0.0484191007052557,1.26649679825485e-17,0.696704113593726,0,0.696704113593726,0.337971027733574,0.00523393085175345,0.166103971938347,0.0223212421023904,0.0240646820964617,0.00137203753899604,1.0101541279881e-08,0.442933097636936,0.127588706939988,0,0.0357211385149863,0.0443732071544364,0.130226171141553,0.130909969067677,0.657871222969052,0.0199354275909483,0,0,0.0900879126127865,0.00117199248848751,0,0,0,0.0205490443089798,0.210384400029746,0.516549542680172,0.593048652899181,-0.510099525066027,0.0791167631126748,0.678615433626002,2
"E250046485_L01_250204004225020400421AA031B39J28",0.453013724324052,0,0,0.016510894820231,0.174529147440178,0.16157333796134,4.45036407654565e-05,0,0,0,0.0511221994026036,0,0.0228435690621306,0.0726280853754021,0.00392572050617194,0.0128677310658769,0,0.030941086401248,0,0,0,0,0.002,0.465972008282767,0.891108866110187,319.688373345,164.5929993,168.831955711143,3337.41051811111,12.7946909941111,575.291994271429,40.071614,288.764116837857,159.684296744,391.085671145,0.253838931025283,1.09356784331286e-19,9.39999308086735e-18,0.938123641231591,6.11329233219862e-18,0.0847758940902668,0.192915673272061,0.0452712134843257,0.033663778168926,0,0.0207606035392504,0.195427177088876,0.0910373457934511,1.36665282768692e-18,0.143024855021029,0,0.191858120088183,0.114634215526151,1.7630859169915e-18,0.0107909130021551,0.0195880015268775,0,0.00339889413721857,5.05699072934429e-19,0.00143038482306912,0,2.09714147275022e-18,0.0105708851215437,0.0557254008210686,3.35397153129017e-20,0.00867826466810246,0.0269323072375856,0.0355453688118721,0,0.040883829047883,0.000127717393880738,0.00490493846249398,0.323700710674431,0,5.35602094761907e-18,0,0,0.24247882401691,0.0258156554471178,0.0338417871548785,0.221026224174516,0.000184808539985206,1.91381564439484e-18,2.88339820846135e-17,0.0623860230683687,0,0,6.58829893010729e-18,0.0297401277054985,0,8.7673472816774e-18,0.0883180846247136,0,0.000602072192392495,0.141563794214023,0.0404538250593373,0.0404042716776498,0.0470103636303493,0,0.838286054061611,0.0105091931749733,0.848795247236585,0.45759116435706,0.00540984223288055,0.47568439603167,0.000233554297694167,0.056258901344619,0.00482213614217958,3.96538668806814e-11,5.55424250428207e-09,0.0260873057719695,0.365523957765496,0.0236845546196788,0.101901219854326,0.106541084926119,0.230900621438912,0.661657325153887,0.00297179528936092,0.00615038771343629,0.0498919151970026,0.00744880067671292,0.0452658316533695,0.125260971343637,0.0390066444451466,0.042558112763645,0.0197882157638011,1.11022302462516e-16,1.19911387812893,0.853231372527821,-0.954509850495488,-0.37140636929753,0.72642903086373,2
"R.C1CR.JSL",0.13050757864459,0.522258975505611,0.0235703473686546,0.0210659782722515,0,0.0375000776003756,0.029041850443655,0.0285787186587823,0,0,0.0315812648709747,0,0,0.14999857633926,0.0163070330342546,0.000157130601437232,0,0.0094324686601537,0,0,0,0,0,0.7117005261569,0.70460321579061,251.586662107143,169.9827432,315.108060158571,23633.3435274444,19.7872817662222,2256.20761937143,119.774022066667,399.589667753571,271.405891163,2785.02073138125,0.172145950586225,1.38245256609386e-19,0,1.06977060510782,0,0.0920769771275709,0.0122966058447918,0,0,0,0.0285785891203681,0.0552110670993683,0.0984463994747478,6.98759144477101e-18,0.153962628810312,0,0.276647014851621,0.256589512323081,9.30747257093485e-18,0,0.00406927325596859,0,0,1.18057246237484e-18,7.65105709385466e-18,3.05276109182521e-17,0,9.44104413323361e-21,0,0,0.0013749678410081,0.0362313310408577,0.0547688357156086,0,0.0217582400551064,0.00119355353040451,6.65248311094873e-19,0.339216595298661,0.00196898442486233,0,1.4398174809783e-17,0,0,0.000100215566215902,0,0.15551755424284,0.00025220884320962,6.26481709424979e-18,0,2.43822182894831e-18,0,0.00875124257137259,1.5398297206668e-17,0.0245487178322913,5.04190469639566e-18,0.0360224613693182,0.120425222659334,0,0,0.437069802632848,0.0327283487187664,0.213021433227417,0.0756460708840685,0.0182922768052998,0.788647495535437,0.0020346366279843,0.790682132163421,0.505230356993479,0.0283546787022737,0.287893204068671,0.016805457125649,0.052321724898064,0.00563488861484032,2.14375598710684e-08,0.103759668159463,0,0.430955885634151,0.202273594325909,0.186363735202477,0,0.850870769149931,0.715592482501172,0.0272624516276735,0.0183167021787555,0,0,0.0527194043978653,0.112997153827101,0,0.0411667347428975,0.0319450707245354,0,0.738833293396751,0.858833637097975,-0.944088753629767,-0.491527442011619,0.16205073485334,1
"R.C2CR.SY",0.390075602243477,0,0,0,0,0.308169862772968,0,0.0575786318424908,0,0,0.110414500254335,0,0.0799343627504971,0.00433982680576814,0,0.000594398269033773,0,0.0293391113312484,0,0.00132994427481142,0.0182237594553707,0,0.173,0.0795368052858955,1.10094166811276,59.9705558973571,13.67664238,154.461806023,1972.84857567556,28.0245027491111,492.660316151429,24.18784895,506.530934991429,452.698122342,5366.9272479675,0,0,1.34616794157718e-17,0.468598072600622,0,0.0734581451641794,1.27383893099178e-17,5.90102870731081e-21,0,5.26528705146522e-18,0.0131363477868262,0,6.78086958183698e-18,1.24954860910123e-18,3.16887405350338e-19,6.14079545048594e-18,0.0839198336411764,0.580027106312289,0,0,0.0221137814158994,5.56515497220375e-18,0.00219531335602547,3.20370933550921e-18,3.22814801408922e-17,1.54798755905691e-18,5.2632024346331e-18,2.86171208181593e-20,0,0,0.00466170657066095,7.84053900674513e-20,0,0.00133546936711099,0.0212844495135261,0.000864870376054352,1.61996296544837e-20,0.0891172626482596,0.0348194016337895,1.19880488885727e-17,0,2.31287506299922e-18,3.94690119006248e-19,0.00263298855351803,0.00447808306237792,0.0964716645786811,0.00225795794369735,0,0,9.65913553676926e-19,2.92964787474661e-18,0,0,6.9122193670543e-20,0,0.0504303311207954,0.248144511091164,0,0,0.551164831475055,3.43427673623173e-18,0.180513141263366,0.172363453405055,5.91737117162039e-18,0.326588348076099,0.0110568907079497,0.337645238784049,0.0797924601356291,0.0632178975002913,0.106278681387624,0.0381613116438233,0.0788091725172493,0.00187685436483208,1.65536205485099e-10,0.631863622285015,0.208236853819948,0.0265638417213755,0.253292028574543,0.154171960249004,0.211227084971422,0.241770670943197,0.241300262339808,0,0.00943336331462817,0,0.146070222243976,0.0222571148213595,0,0,0,0.0224923063936096,0.558446730886618,0.472187195899718,0.630795471282024,-0.568204607794657,-0.0711462289382016,0.463631830448884,2
"R.C2CR.SYZ",0.0927022300428364,0.37722657195653,0,0.00667618106317097,0,0,0.0306577007968841,0.000591455851168694,0.00306100282027878,0,0.0301990481549468,0,0,0.225260411077704,0.102458041739481,0.0644571265687052,0,0.0406562609665752,0.0260539689617202,0,0,0,0,0.632613415955098,0.779476102844045,284.289616925714,136.5786131,278.446004258571,15757.3397935933,17.4255585114444,3767.32709162857,446.011024833333,302.146758999286,241.968760978333,4171.5062373775,0.575594271415961,0,0,0.700489966148062,0,0.100141920267217,0.0124539295359395,9.45115799796521e-20,7.5449396352942e-18,0,0.0130757778371701,0.0419842147968488,0.0479393250423671,0,0.152988432718799,0,0.194548838384718,0.218058520305906,0,0.0608652058217288,2.42295325804001e-21,0,2.08605066592971e-19,0,0.0177657510083002,0,4.25490739875972e-18,0.116714733490996,0.31333354637501,0.000749193909381803,2.05644588248199e-19,0.0906537510079872,0.0922331972765464,0.00607288332924818,0.0231167308730297,0.00258949516396795,0,0.120770670708981,0.0241219151551716,0,0.00199604370887684,0,7.74382640588981e-18,0,0,0.115961981875881,0.000175549025192095,0,6.5413278049214e-18,0,0,0.0430064450110024,1.79582284254999e-17,0.0470846650470869,0,0.0745559404999849,0.0606707668188645,0,4.98395889540148e-19,0.475970648465435,0.0413280991465199,0.107124450147469,0.158392662038696,0.00919380021014677,0.612737274904355,0.00888287550415009,0.621620150408506,0.542298522279193,0.0347377210377307,0.0574521298576797,0.0375621474220321,0.0366950726415205,0.0100688652196548,1.21253433949759e-08,0.281185529416846,0.139568492052647,0.307107279629755,0.514420182601355,0.355240122096896,0,0.851052130462207,0.412753368107959,0.104087477405316,0.0487556083846908,0,0,0.0464076732926135,0,0,0.0682321253201863,0.155306387596447,0.164457359892787,0.727714927900556,0.897813227359683,-0.998913709580879,-0.573728277586888,0.0528861680924716,0
"R.C2CR.WRN",0.44512509149845,0.143432394727792,0,0,0,0.174221268982474,0,0.0232072182031743,0.0055056916417332,0,0.0819927463588873,0,0.0409757866562286,0.0333941964396897,0.0341994653184139,0.0115519361202793,0,0,0,0.00639420405287771,0,0,0.005,0.360985990635373,0.97093315235602,137.699669767857,107.4196781,227.510407328143,8708.58378922222,16.2116575197778,947.710612114286,83.3253052833333,682.150802059286,243.145518874333,936.8785263875,0.0140889617763411,7.08096160377173e-19,0,0.993461831607419,0,0.0760429881385333,3.78389593368879e-17,4.87212037877356e-18,1.34650394430322e-18,0,0.0284391357312191,0,0.0380548534852398,1.1625272150111e-17,0.0240106402417203,0,0.117424891996625,0.464476339102194,1.03646786859758e-18,3.04980786034226e-18,0.00184926328284575,0,2.28071209131594e-21,1.32897345411741e-18,0.00841172013807271,3.79444524753895e-17,0,0.0647020683274065,0,0,2.49552219859563e-20,0,0.00693141849966116,0,0.0154283391347419,0,3.42461901586981e-20,0.250869953365025,0.023581823297067,1.04794830761514e-17,0,0,0,1.33231407133233e-19,0.00361315032470986,0.215311470762216,0.000809155841969692,1.57296201352479e-17,0,0,0.00690593920726059,0.000384727173868999,0,0.0416775007439521,0,0.0124427031036904,0.324215740602915,3.11834616749547e-20,5.25847620630991e-19,0.434482904792047,5.87232876174582e-19,0.163479322340566,0.174470478713113,0,0.672593447161441,0.00513049171045923,0.6777239388719,0.577247399413601,0.00381408351225494,0.135871038892501,0.0635050371730966,0.0441036881965227,0.00294738972622557,6.5175740219838e-09,0.172511356568224,0.374556623821576,0,0.300019687150269,0.208429332855629,0.123877101303537,0.381011725261076,0.735726277281474,0.00707326496534569,0,0,0.0371147385719942,0,0,0,0,0.196029021191621,0.0240566979895658,0.88815393672302,0.803528890617554,-0.729176291944195,-0.355458422485085,0.607048112911295,2
"R.C2CR.ZJB",0.129188577685083,0.485624983454845,0.00760099705359807,0.0262660507789173,0,0.0219016718971508,0.0256706346713141,0.037507601833808,0.00693401034668215,0,0.0985688047176025,0,0.0253614941663326,0.0795654217176619,0.0272445093122058,0.0118963845906348,0,0,0,0.00506296351983882,0.0116058942543259,0,0,0.5374345690244,0.845963345512012,175.701951152143,66.37146305,259.152127892857,8695.11593147778,41.8038706306667,1236.02341231429,126.681924933333,767.304020473571,286.92282384,3363.101315175,0.113102016719995,0,7.4103901233873e-18,0.692693784998867,1.67861149965905e-18,0.106246935469783,0,0,3.59107630895714e-18,0,0.0144203872705786,0.0368870041272964,0.0855921996476039,6.0398735083001e-18,0.0248919006351007,0,0.25655448662134,0.259534867575319,0,0,0,0,0.00239638209371291,8.60524888456035e-20,0,0,6.61440767644692e-19,0,8.20522882251194e-19,0.00064532755849242,0,0.02209882924549,0.0177189833758007,0.00622508037631978,0.0326806166650347,0.000595386961225697,0,0.166470642100018,0.00156373892736202,1.6346610146451e-19,1.16680706705678e-17,0,0,1.61126501282391e-18,2.07086639889617e-19,0.128620657736919,0.000500083722912095,1.58118444454247e-18,0,0.00239419875637884,7.290308756371e-19,0.0542550730006219,0,0.0149753889495346,4.21280682200162e-19,0.0377679437799948,0.142131432497208,1.68252102719443e-19,3.47037853728614e-19,0.439938908164283,0.0510134358972195,0.136261433581703,0.210515732428047,0.00329387839113322,0.522906823357792,0,0.522906823357792,0.373415699087971,0.0260498713590703,0.0594587955166116,0.0226782164712485,0.0488655213146605,0.00293069613058908,4.51566865692041e-08,0.466601154963162,0,0.403900461746554,0.353750476086878,0,0,0.706605140061437,0.809297004242577,0.050629292912286,0.0123567077182278,0.0557545767621767,0,0.0395242893210779,0,0,0,0.0324381290436545,0,0.575755491966434,0.856316292619678,-0.749725316011934,-0.423160823512028,0.25918564506215,1
"R.C2CR.ZJP",0.140854456230809,0.359259820422802,0,0.0255530410723945,0,0.0405133706517555,0.00329703038404081,0.0673336202612833,0,0,0.0212960705759564,0,0,0.295979394466885,0.0150252010990412,0,0,0.0233298889977815,0.00755810583725129,0,0,0,0,0.62757203976049,0.780915865550065,192.42658795,117.1873945,448.288239867143,9842.69793866667,36.5599850873333,2896.4634073,125.38077885,530.409402247143,314.259223274,7960.781998175,0.050741598575938,1.14686146775826e-18,2.45983716899107e-17,0.721805037422238,7.19415996579448e-18,0.0840721432924763,0,1.04874678152024e-19,4.27727897794519e-18,0,0.0235054812909727,0,0.0486557081942317,0,0.053180452785325,0,0.196316185023811,0.353341616414859,0,1.9499059612882e-18,0.00259647767671027,1.41444143691231e-17,1.34887134766122e-21,0,0,0,0,5.06245374731658e-18,0,0.000168769994769185,0,0.064466069478612,0.0639114468170792,0.00177430321695416,0.0370836952936123,0.000847206615427593,0,0.226954573604837,0.0447752052113888,1.51481941611612e-18,0,0,0,2.61860113510217e-19,0.000417402711592714,0.0994226201661319,0,0,3.90780695977691e-18,0.011541839151162,0,0.0360374451007809,0,0.0139711779117855,0,0.0637353219923071,0.0625709441132266,0,0,0.481185020011879,0.0311143986949398,0.282168737475784,0.153015398387541,2.08257246984889e-17,0.548903201462975,0.00129823883835514,0.55020144030133,0.362740166880505,0.058497248981333,0.185565245503578,0.0153793237994982,0.0529366403548304,0.00468399617951309,3.38702204894123e-10,0.32019737796204,0.279946504967357,0.344357228949438,0.159497058472353,0.310566076994615,0.163762940698963,0.82266243188203,0.540967404625112,0.0407021455315011,0.0450799699397999,0,0,0.0344359449078493,0,0,0.0232922084935706,0.0937958700762112,0.221726456425956,0.528636215178951,0.892889504438542,-0.923885639679682,-0.485867647560496,0.0117724323773145,0
"R.C2PD.WXN",0.460138610191703,0.145541518674197,0,0,0,0.0999944657649297,0.000436360759833076,0.0177823308348382,0,0,0.12044400397435,0,0.0340048362118222,0.0856596454309883,0,0.0176465724915788,0,0.0113540141624897,0,0.00699764150327011,0,0,0.004,0.419791106915562,0.933038501380994,88.47330064,50.02100527,182.134742515429,9629.29829466667,15.8609321186667,957.716272442857,49.0984550333333,734.0926985675,197.807807323333,1962.5114649125,3.59532252443558e-18,8.52615688127782e-19,0,1.08365541526624,0,0.0463094885024269,1.31306593519165e-17,1.23595041923255e-17,0,1.5781039686073e-18,0.0227916724100503,4.79751676721527e-18,0.0140487467475974,0,0.00224496667340609,6.07234658118542e-18,0.182975299369698,0.236166533888619,8.51225979857987e-18,4.53805196136414e-18,0.00107664756371279,5.45443062176763e-19,0.00222140840152718,0,2.31999651887971e-18,2.72713734520233e-18,0,0.159279529804132,0,0,0,2.54106270533446e-21,2.45438800849251e-21,0.00488367807516595,0.0291730672622873,0,0.00197553744352264,0.242234738314985,0.101988919292626,0,1.430666539168e-17,2.66214752263968e-17,0.00528490420235067,5.88258918959351e-19,0.00985326791340054,0.252053702287443,0.000594562705556373,1.32587476068303e-18,0,6.02792600242043e-20,7.91911969269029e-20,0,1.15260114030968e-18,0.0580084642132623,0,0.0202732642415862,0.176816477486346,2.6867161761348e-20,5.69655244947052e-20,0.356318041350069,1.79484229606917e-17,0.194052983910629,0.183256581322096,4.8094707848943e-18,0.74188565501902,0.000538323781856396,0.742423978800877,0.4083200356243,0.0191019605673031,0.185770661358278,0.0557098569847761,0.0365722884687589,0.000522742939859947,8.10001208819275e-10,0.294002453246723,0.568276262207543,0.0460304501549213,0.226379083036305,0.0856609759561714,0.0782160501431291,0.463231424833665,0.604671318092255,0.0129150900282694,0,0,0.091731406577276,0.00611238699571187,0,0,0,0.0622153445146291,0.222354453791859,1.02290797985868,0.778976160036847,-0.580640549200471,-0.164889308623254,1.0563542820718,4
"R.C2PR.AKX",0.116380857644712,0.459067440740031,0,0.0256477574147018,0,0,0.016522442952587,0.0279464615632065,0,0,0.0364223634386472,0,0.00415583995778909,0.12504619699517,0.0269747736300533,0.0328945617171985,0,0.119629331414157,0.00931197253174644,0,0,0,0,0.526221441861416,0.851253159857455,225.298620711429,158.7913606,333.702730967143,9558.61890204333,19.9408171315556,2800.55296147143,105.62073645,375.059982655714,243.612113312,5180.78099471375,0.257111397066183,0,5.42489979984252e-18,0.831715097307317,0,0.061578038289776,1.58232931349551e-17,3.43548699149117e-18,1.44522584345728e-17,0,0.0378318144432966,1.44737210377696e-18,0.00361404434436294,5.52243452275406e-18,0.140603443992193,0,0.241575023839084,0.284613637076212,0,0.0316824443251908,0,1.5642492275457e-18,0,2.85415905590634e-18,0.0678811067290301,4.53480000732726e-17,0,0.0734544435396313,0.272231010985195,0.000154487404690852,7.97519109754242e-20,0.0382099893558923,0.0475186519205922,0.00183587307047153,0.0133068048378332,0.00176263402802862,6.69361209981277e-19,0.173822472333624,0,1.00617661013222e-18,0,3.05947379422173e-17,0,3.06066852849608e-19,5.88339496579343e-19,0.106750917580459,0.000466057437862884,0,1.72372188097436e-17,0,0,0.00274842806969041,0,0.0201203552933825,0,0.116080660948784,0.0932076349933584,0,0,0.419586032734759,0.0338539676269861,0.0824737907301634,0.12407588040253,0,0.609942890550822,0.033940553364515,0.643883443915337,0.513450463362448,0.0576000959116659,0.020656849368806,0.0233213020607077,0.0341715271488308,0.00247911610136993,1.81536412769573e-08,0.34832062789253,0.564080660250721,0.119950573632656,0.189495716330305,0.197881783703147,0,0.679379054308358,0.511834508685734,0.0812732556742257,0.0191758276695105,0,0,0.0627214019239228,0,0,0.00733291230999997,0.231040801093855,0.0866212926427527,0.600106596124224,0.84176012368744,-0.7597739993155,-0.500264658228353,0.18182806226781,1
"R.C2PR.CYF",0.217897013063956,0.580983919546534,0,0.0542594540548538,0,0.0510321956837843,0.00513607281158013,0.00971509786596138,0,0,0.0429784681543469,0,0.0157781458799368,0,0,0.0216977472812446,0,0,0,0.000521885657802894,0,0,0,0.66596156412492,0.75149301976555,229.44845869,287.6535451,484.899888171429,12761.6346267778,23.7578678401111,1163.95282387143,93.3802334166667,432.967475083571,370.156117412,16003.325226,0.0101900260719807,7.70137571335038e-20,0,1.20368320119323,0,0.0250656574408165,0.036881982202189,5.42780120225724e-19,0,0,0.022486635903763,0.0918077284002787,0.112822892752638,9.66687458100553e-19,0.102574062964856,0.0139649081654694,0.261305540849545,0.113182590411176,0,0,0.0292863181423661,1.42433407678829e-17,3.33576791771517e-20,0,0.0272646666849742,4.55127307824609e-17,3.64732035427848e-18,0.0803149258321329,0,0,0.00923584348492659,0.00728588744243314,0.0105220211090308,0.0144860825086836,0.0316476668443724,0.000918511751958858,5.89734388235304e-20,0.38077574360598,1.54856807032875e-17,0.0136793071232381,0,0,2.07663649971359e-17,0.0032768001267389,0,0.222110813109583,0.00222888828315694,0,5.08590351685532e-18,9.97435370709177e-19,0,1.27262056178582e-17,7.89665107119463e-18,0.0163574653291962,0,0.0286046307834695,0.12486964346698,4.53642228683545e-20,0,0.463900368028432,0.00638723016493791,0.0189678789869578,2.11074451065792e-18,6.87536098698526e-18,0.889616322586878,0.0282754924136701,0.917891815000548,0.70643746082534,0.2496892441561,0.023608675097997,3.72272648842095e-07,0.0141822320436683,0.00584943596508315,0.000232578372795581,1.26636703951707e-09,0.246322880404308,0.057452447483211,0.42751606288786,0.227523512003454,0.240018273666886,0.386410474105672,0.916222585343209,0,0.015995158313168,0,0,0.0426064739869669,0,0,0,0.0251757823566559,0,0.849746124199491,0.793541136414297,-0.831130913276271,-0.427283311319736,0.384873036017782,1
"R.C2PR.CYP",0.427908791130032,0,0,0.00801750008351162,0,0.0800601489160045,0.0698579350659053,0.0637539429657425,0.0167294054574498,0,0.0782690162782128,0,0.00790072097695152,0.150621969135715,0.0205790685441605,0.0597185279952161,0,0.00607885765190987,0.010504115799188,0,0,0,0.002,0.466122727541291,0.885699307189243,253.421356235714,180.3142708,368.540534026857,3558.01568667222,25.5953825,1374.12270758571,102.487729366667,553.337137351429,206.751794565667,1984.93060793625,0.136164527717031,1.45968271067746e-18,0,0.593900359303186,4.07111805717648e-17,0.101641421700599,3.16288566770632e-19,0.00726918168888406,0,0,0.0283337532542235,0.0563409021456769,0.0857922416100952,4.3223311826802e-18,0.0456247908380571,9.85929100691933e-18,0.206805539403831,0.367642426878811,1.48167573800592e-17,1.60224548700308e-20,0.00250720068536608,8.04685449462863e-20,1.00495270103681e-20,2.80200677361247e-19,0,1.05855034334858e-17,2.14767167341551e-18,9.73268719591424e-18,0,8.0678521831706e-20,0,0.0325650317711404,0.036257521100939,0,0.0255256944041448,4.33699491335145e-05,0,0.150658348773897,0.0484002040856831,0,0,0,0,9.84717549694876e-21,6.84972101470277e-23,0.109466028500508,8.32094299734573e-05,0,0,0.0220307156665008,0,0.0407434733016294,0,2.24545904108067e-20,0,0.0213717646541138,0.0879210106816706,8.43529984195614e-20,3.58485730197844e-18,0.490516618462529,0.0534858273235741,0.222493242360388,0.151305498813696,7.63109699307813e-18,0.477067446208688,0.00125360034268304,0.478321046551371,0.211364413157502,0.013439770239506,0.152557338472571,0.0396455942139374,0.0418499322519937,0.00983311959386311,5.87175469091029e-09,0.531309826198872,0,0.286452475529187,0.234976572013915,0.165767169996649,0,0.675289090498085,0.611477190230164,0.0196202526288655,0.00652706589952238,0,0,0.0177416129280825,0.276951382582355,0,0.0676824957310104,0,0,1.06760816476197,0.860229113427707,-0.930503120142605,-0.460722750427684,0.536611407619383,2
"R.C2PR.WY",0.19347976628453,0.258671565736932,0,0,0,0,0,0.0825535245863139,0.00840430022002552,0,0.00472779046098702,0.0259093637619042,0.0143461818166581,0.0362972318823198,0,0.112750638496498,0,0.197078143243023,0.0269436731272396,0,0.0388378203835693,0,0.005,0.381029461824205,0.932767391819089,368.554522556429,75.87967285,221.095664623429,7157.14218272222,38.8525983884444,1546.30435781429,184.558004716667,675.231421045714,451.212294062667,24296.0556517875,0.179439460100827,5.91986367250866e-20,0.0182971719798644,0.845935173340178,0,0.0448643757570217,1.46102510468971e-18,0,1.05606805674774e-17,0,0.00862005372420972,0,0.0365094689015302,2.02788291662439e-18,0.0790168094094629,2.58862621998972e-17,0.252319813525434,0.355337926880646,0,0,0.0287366234496022,4.51448646459351e-18,0.0282655913366042,3.99115903586177e-18,3.75253764323135e-17,2.36821191737671e-17,3.21932869209815e-18,3.11821777963114e-19,0.0199357847786719,0.0026905100258984,0.00544045222689271,0.0415159827506972,0.0507266563011459,0.0109475790636865,0.00860319144271826,0.000193448516514568,0.00020794753239732,0.231916868976119,0.0151183021376963,7.86671589573964e-19,2.9812097084016e-17,1.28227001326672e-17,0.0280686699469645,0.00176063478276178,5.177008483312e-20,0.164774825912589,4.37114342857721e-06,0,0,2.6679473668209e-19,6.24381808562296e-18,0.0197290834911359,2.71234939595136e-17,0.0259559908620828,5.40323701505845e-18,0.108114095219876,0.0992724467464624,0,3.32837153211086e-19,0.597875397007062,0.0138629513516233,0.154423173937484,0.128104373491633,2.3712836767138e-17,0.597369565022396,0.0143683117248011,0.611737876747197,0.375498799454975,0.304258272042014,0.154778509430634,0.0115910181059089,0.0790078828069566,0.00819315831256851,9.33831835507498e-08,0.0666722664637588,0,0.339957776470227,0.544842311185968,0.138640988738515,0,0.930600003525216,0.512477490549338,0.0240274223618061,0.0641808339931084,0,0.0332766937794838,0.169921280708253,0,0,0.111447104381996,0.0582129800828902,0.0264561941431245,0.712450972343767,0.835968592314049,-0.924425393264724,-0.525553958572326,0.0984402128207666,0
"R.C2PR.ZJ",0.32615752073136,0.34656437492975,0.133202558428627,0.0012550087690097,0,0.0306655746413487,0.0132202460542643,0.040835257323377,0,0,0.0677025886945761,0,0.000195744134749259,0,0,0.028555704021658,0,0.00850991206848731,0,0.00313551020279377,0,0,0,0.679835731590746,0.737945227271582,87.0035836728571,38.90478916,154.201004084143,12657.8836636667,10.7667130362222,823.761935528571,45.1824385333333,546.557153721143,225.528285258667,1489.61670733875,0.0160563641529014,2.13734947929567e-18,0,0.875887128306164,0,0.0882869793128638,0,0,2.88859669934826e-18,1.55157160713963e-17,0.0393705222892635,0,0.0107031051983738,1.31245658955612e-17,0.02189005834196,5.326925279562e-18,0.064602468728602,0.378951341408652,2.95552667723211e-18,0,4.07589506704111e-20,8.75765644027949e-18,6.63897698542105e-20,4.49248708770801e-20,0,1.22849096150989e-17,4.87617558509168e-18,0.0775383774162009,1.46628116542182e-19,0,4.42487328044186e-19,0.00841337545822847,0.0102714588819289,0.0023378090395927,0.0327067794459998,0,1.63844406689238e-18,0.203056414522282,0.0988944295686898,0,0,0,4.5488125798862e-17,0,0.0032195084196874,0.187921855900471,0.00104750041110473,0,0,2.9203167981671e-18,1.44745801260149e-18,0,0,0.0857918925853755,3.75206292314518e-18,6.0765907775393e-18,0.168452573180356,9.81553327585672e-20,0,0.460139340398149,5.5967883584176e-19,0.252157117293973,0.257187550520011,0,0.611338188806928,1.08905421498304e-18,0.611338188806928,0.43960282149271,0.0138791714844421,0.0556441885119204,0.0880369438397004,0.0287118934199296,0.00385182050544017,5.9189179923403e-09,0.370273154826939,0.474237387512214,0,0.20414078105795,0.00240136730974357,0.108480368956777,0.359965535481238,0.397423210109884,0.000474252912083387,0.00259770869812241,0,0,0.0175236913802123,0,0,0,0.0994448139052549,0.482536322994444,0.636244454488042,0.743033829876929,-0.626139012826902,-0.0824894992512926,0.670649772286777,2
"R.C2PR.ZXN",0.535183812667119,0.194921238846615,0.0748431736850216,0.000815910635447712,0,0,0.0889321290200539,0,0,0,0.0353875968574396,0,0.00639704816407947,0.0160831396350362,0,0.0317577166400504,0,0.0105347719965999,0.00514346185253723,0,0,0,0,0.733595421981535,0.680676083323896,252.16573082,96.49422553,205.412995165429,23395.2511831111,52.6437891884444,1138.2902091,72.78720455,582.027952607857,826.972572958333,3858.9169947375,0.102301702438686,6.81962288666701e-19,0,0.84545004771314,0,0.0801549654376638,0,7.84880254243595e-21,2.74186428745966e-17,0,0.0206297618133971,4.10005645598728e-18,0.0165854305460663,1.88783289875545e-18,0.0275773993487631,0,0.223926933300283,0.372124550247943,0,1.43308246394425e-18,0.0738526497011383,0,0.000333135072707344,2.91183543249328e-18,2.9649145204431e-18,0,1.06648241700104e-18,0.0292336548459264,0,0,0.0172262856947171,0.00884384287511884,0.0208120223183765,0,0.00931674157850303,0.00174214591495109,4.84791571308479e-19,0.251994492910075,0.037283341619478,2.04239171887444e-18,3.32640406183524e-17,3.18281635999382e-17,4.42024272654967e-18,0.0129125193838742,0,0.1620582796975,0.00069731606251414,9.77136227821309e-18,1.49853598084714e-18,0,1.0036955306269e-19,0.0825347315403785,0,0.0430611077687559,0,0.0667741236633254,0.134633870198827,0,0,0.601536670036781,0.0031681723875596,0.126669862479924,0.140656392671634,2.87333488014969e-17,0.575740421444508,0.0369263248505691,0.612666746295077,0.41858528832267,0.0327086503893328,0.0908086898537126,0.0281772305458429,0.190271966589789,0.005415185463368,2.90262742568421e-09,0.234032985932657,0,0.545907967111979,0.259787997410852,0,0,0.859593634162494,0.748432643782939,0.0059328284377101,0.0855392030849911,0.0658712632758143,0,0.00349245941774245,0,0,0,0.0162333922654471,0.074498209735356,0.684729192965098,0.788131955422667,-0.822954054903148,-0.417897904008869,0.232009189475749,1
"R.C2PR.ZZL",0,0.144499236702658,0,0.117979935349895,0,0.0638046966570472,0.0497895420042912,0,0,0,0.0449607129447743,0,0,0.257587697563764,0.0429311682957477,0.0369255577604786,0,0.215163376025538,0.026358076695806,0,0,0,0,0.629297766877364,0.794229953240664,422.320674585714,407.5559945,600.938082981429,4168.62782551444,19.9185970154444,5332.30504972857,366.7017875,543.988647577143,297.04164901,18844.9550166063,0.61622397430653,3.44545478472419e-19,0,0.438374943275577,0,0.0824938028254396,0.00362364938964277,0.00175258672587532,9.03215715713017e-18,6.1024434324475e-18,0.0259933623891023,0.0755850530558824,0.0957864204412398,4.36626505420531e-18,0.168425352499977,0,0.156357523380265,0.302520182734388,2.0733761923347e-18,0.0582527055198052,0,0,0.0220091835724503,0,0,4.1619256722019e-18,0,0,0.108209160427021,0.00187151958489873,9.48860438448595e-20,0.178991106248058,0.131960341497234,0,0,0,0.00150413965149137,0.0963154917494624,0,0.0102520882416193,0,2.12874349851894e-17,0.0449567325249691,0,0,0.0429258366932783,7.6780626187768e-06,1.14235234778767e-18,0,6.88774500822191e-19,0,0.0359319994120244,0.0363072320608856,0.00292706913339667,3.506203745375e-18,0.0420835521325912,0.0367379878749619,0,0.00290628150317713,0.628813565348349,0.0384680242396556,0.124515399476141,0.144882529672475,0,0.501970929883465,1.7227273923621e-19,0.501970929883465,0.24054709331427,0.185013348023094,0.324624948024263,8.74619293249282e-08,0.0312747933442951,0.0149883990372344,1.63975768900607e-08,0.203551314397337,0,0.315996952619541,0.284231987009186,0.328107042932579,0.0276378440591395,1.24010691794677,0.277313100716399,0.169009024829834,0.043552824811143,0,0.0032878426444711,0.0451676290003885,0,0.0600596903407295,0.0672327355368187,0.172837774107459,0.161539378012757,1.14340374311407,0.922358901894898,-1.02300585816493,-0.593074485930503,0.449682300913536,1
"R.C2PR.ZZS",0.267215629722692,0.119121009896937,0,0.0948986509815951,0,0.1558648494079,0.0126971990554071,0.0283457317307516,0.00189350524723827,0,0.159659761889863,0,0.0720055083022248,0.0280238325888506,0.051987167254027,0.00828715392251273,0,0,0,0,0,0,0.018,0.228157757144263,1.01926565558825,107.138391385,85.02871085,245.651027730714,2314.12609591889,22.5939992635556,959.017571428572,84.2657500833333,621.374107709071,121.008209075667,732.6019432525,0.0769321590665038,7.50854386745777e-19,0,0.803051028481902,6.31007077452295e-17,0.0297092735277864,0.00645610149316725,0,3.13808042441003e-18,0,0.00989701533043465,0.0694869456636901,0.0610194280398698,3.32772130670661e-19,0.00263943264071121,0,0.2675874233194,0.153850664214256,4.80217910220038e-18,0,0,0,0.00127497817151989,0,0.0189730641524521,1.75536949974714e-17,0,0.0274081596072317,0,0,0,0.0129578454731146,0.0101260257947547,0.0119065400760685,0.0346304770447737,0.00199391859453174,0.00452474160014375,0.160404421642607,0.025592824078057,4.77879264104648e-19,0,0,3.47082708718762e-18,0,0.00638497013430319,0.165453732025984,0.00126358414518873,0,0,0.030578679888441,0.00741142342065304,0.00616335891007155,0,0.0272812189174636,0,0.0409651167302205,0.0651069135080917,0,7.75294135390407e-19,0.43215348583286,0,0.0485398458946136,0.0635168138182859,0,0.613417531108987,0.00948653207622607,0.622904063185213,0.209299268054024,0.00519233797600435,0.261458477849541,0.0424704143919757,0.0383855730828631,0.00591241591193708,1.80782001543919e-09,0.437281510925835,0.151643561644079,0.0686233818550607,0.277387495410442,0.12944476714603,0.137254635844476,0.452982948831157,0.822362896834395,0,0.0242881384047857,0,0,0.0404507580855415,0.0864784894791365,0,0.0201926435158323,0.00622707368030873,0,0.927616814427714,0.788146913557923,-0.721762630467634,-0.200912631512606,0.793088466005397,3
"R.C2SD.FGD",0.480859942009365,0.199780096704256,0,0.00506905355852138,0,0.0407177423256777,0.0538167514297153,0.00466687914384504,0,0,0.0463480522880932,0,0.00997418254185228,0.0618934179290859,0.0101711598229517,0.0793152491864021,0,0.00409449644584806,0.00329297661438582,0,0,0,0,0.678671021117782,0.733756854883713,162.021110514286,80.11749598,304.510204903,11536.7277085556,170.177076895556,1887.3831084,246.818254,479.175418672143,410.273509963333,11113.012116225,0.103132699690116,3.08895525437238e-19,0,0.834809631507367,0,0.0643122835953268,0,0,1.04357639681603e-18,0,0.0329254901281341,1.38237937102454e-17,0.00964614101801641,0,0.107961525378344,8.39314480680554e-18,0.210167133774811,0.416145479923507,0,4.75451980102338e-19,0.0292210550208953,0,0.0017457571565709,5.00597677769883e-18,0,0,0,0.012778482357173,0.0229762804513037,0,0.00292600512930117,0.0622774241907032,0.0555973079308265,0.00373509070343479,0.00717798829790726,0,0.000126213621238307,0.246661843821003,0.034093972747298,8.35744886579132e-19,1.58622642037015e-18,1.64735701125062e-17,0.0223474355026538,0.00972073964509005,2.23668633450164e-19,0.197430745733437,0,0,0,0.0341277821214072,4.37298132417353e-19,0.0272278559922135,0,0,2.86370246943432e-18,0.0829051063441347,0.105103434005594,0,0,0.525977935629603,3.83367811603941e-18,0.177548836784548,0.13998346730005,1.95640498859365e-17,0.602843362663985,0.0146105275104477,0.617453890174433,0.377413495841126,0.126176370943784,0.123751351476375,0.000786605210852404,0.0821498956075401,0.0164053125362537,6.77083533929411e-09,0.273316961613233,0,0.324643192094615,0.231004272025023,0.160275656961577,0,0.795102580063725,0.547208023840617,0.0298077618460827,0.0503987359515644,0,0.0135607707494339,0.0230163681799832,0,0,0,0.0617849769644388,0.274223362467881,0.889132990035998,0.818746089120214,-0.953807730958907,-0.446814298835325,0.30725704936198,1
"R.C2SD.LL",0.698471518913044,0,0,0.0124917211843356,0,0.0491498944817892,0,0.0365866929612015,0,0,0.0655070631250292,0,0.0251152790612157,0.0657882927867818,0,0.0427981227315184,0,0.0040914147550847,0,0,0,0,0.003,0.457677653387996,0.931427541276857,76.5030290962857,60.59054999,229.61734849,5200.43904177778,22.2154512982222,1095.97157574286,45.9460859333333,722.327823568571,242.954077663667,5611.1271885025,1.93373221284684e-18,0,0,0.84465100529654,0,0.0522557772725552,0,3.8151728797e-18,0,0,0.0163103638996786,0,0,0,0.0307783309734725,0,0.200044628448317,0.332497684498545,1.90086171191397e-18,0,0.00966822597083381,8.43768917633549e-19,0,1.57138843282572e-19,0,3.89173665651965e-17,0,0.0289277254437111,0.00597949143961308,6.19098764987351e-20,0.00154084704312445,0.0214760129832317,0.0176088079569868,0.0124962272552398,0.028399431167522,0,0,0.194845156296001,0.0821990801042449,2.95852592540304e-18,1.0718122658469e-18,1.41007133787326e-17,0,0.00232088739451649,0.0015561816562925,0.173745946956441,0.000471951934081456,0,0,0,0,0.00231688608517326,1.66841331268549e-18,0.0393282921764979,6.04945449300741e-18,0.0200013882794088,0.159890789299602,0,6.68950274615265e-20,0.522090419132516,0,0.184933987283262,0.145798296971645,0,0.596350966298196,0.0048341129854169,0.601185079283613,0.247142810342312,0.0565844396727552,0.134339507041881,0.00694059133665937,0.0479625608161634,0.00696159135367866,1.87856698161027e-09,0.500068497557983,0.316554193636917,0.142895540074229,0.0828944215416619,0.159147338670911,0.226434201224299,0.318400483277384,0.400951714092184,0.0136418986208368,0.00940987914609333,0,0.145608944989606,0.0350859781535309,0,0,0,0.0681566709428752,0.327144914054874,0.542312956537005,0.773945386245403,-0.888939014822739,-0.0204969725506091,0.40682235540906,1
"R.C3CR.JTL",0.0877791845892164,0.447446135094639,0.185126958358278,0.0219255664498309,0,0,0.0355342578397982,0.00654643780757272,0,0.00689445981380217,0.0119647576343764,0,0.0103956087305054,0.0276426262418452,0.0466893730800191,0.063140948458502,0,0.0229018191597329,0.0260118667418819,0,0,0,0,0.727716422367911,0.686830491412812,255.829305042857,114.6622542,337.768917661429,51659.7426443333,30.8890959567778,2247.34505298571,235.374377833333,299.188899860714,290.481159049333,2007.243959475,0.25700351490502,9.9110998977789e-19,3.13039531356937e-17,1.05185457996184,3.72893456497409e-17,0.0553740706335623,0.00460206475186282,0,0,0,0.0155023240338686,0.0464231803193296,0.0793759651541622,4.98577363288653e-19,0.145148021712739,0,0.235449896539688,0.288016935160143,6.91486232103476e-18,9.64210206553153e-20,0.00217265260278759,0,1.0371013039146e-19,4.29745272742055e-18,2.61228097130405e-17,0,0,0.0075538057480812,0,0,6.10643884371881e-21,0.12129756240965,0.148712287078512,1.26840039266449e-19,0.0255011581864763,0,5.09314662386002e-18,0.321334816597763,0,7.82651684765143e-19,1.33202103717804e-18,0,0,0,0,0.157764192134926,0.000262713067879896,0,1.33302655679117e-18,0.0180226139530162,0,0.0346260512758299,6.54442923899858e-17,0.144105563253599,0,0.0743218176238634,0.100523771336947,0,0,0.506825656176526,0.0469094317105574,0.0831351613835709,0.0340854514442605,0,0.830050987251533,0.00108632630139381,0.831137313552927,0.688289292178568,0.0210779899438016,0.105415431654478,0.00906556736541942,0.0598220920209335,0.0244223715586922,2.13341167480788e-09,0.0919072531446965,0,0.480063834083921,0.216310219631012,0.257526774443385,0,0.703655041429402,0.818918565726547,0.05121965717909,0.0510270004005629,0,0.00370462947183884,0.0301391785140233,0.0212212778072158,0,0,0.0237696909007224,1.11022302462516e-16,0.844830511234969,0.916412344698981,-1.07941569445242,-0.572402829954483,0.109424331527043,0
"R.C3CR.SW",0.0399739029514672,0.400200999059559,0,0.0247843622136143,0,0,0.00639703152278239,0.0471587008309395,0,0,0.0320887415488275,0,0,0.212342862033169,0.120028383057318,0.0261670102151898,0,0.046576442735286,0.026668497944605,0,0.0176130658872432,0,0.005,0.38268530840489,0.933546230675424,257.214302350714,87.87165621,238.505428265286,4932.08531084444,37.69143135,2858.28764507143,494.573005833333,422.706704955714,338.644092276667,14240.2637332038,0.265618536542189,0,1.56869908896256e-18,0.634668172456819,4.6979050605928e-18,0.0571534610034347,1.41164917340625e-20,4.3461904912993e-19,2.36546852931482e-18,0,0.027062930246479,0,0.00168931697911956,0,0.137662569486822,9.33890430389678e-18,0.171585364887496,0.239081044807259,0,0.00705210919985299,0.00816491791034117,1.06744153995443e-17,1.42692550638966e-21,0,0,1.29492975159148e-17,0,0.0396308472762912,0,0,0,0.0539619656715355,0.0543573209533239,0.00588757998060986,0.0161454836274281,5.5467688875565e-20,0.00551705881463293,0.103261675294114,0,0.0235602216754492,0,0,0.000925221560791629,3.42855131972365e-19,0,0.130185224780471,0.00213900076430183,0,0,0,0,0,1.22571344519657e-17,0.0160355354930098,0,0.0399911110585959,0.0418005308335628,0,0.00303875552490498,0.688191474772048,0.0225001834608476,0.0708376576736036,0.0465499242766515,0.0190890640094892,0.47455182063709,0.00408245895517059,0.478634279592261,0.236161316841264,0.202775621837735,0.215630862342649,0.00646989451202707,0.0431103867186096,0.00615794163629357,6.84456356452352e-10,0.289693975426965,0.285777827075882,0.180107139900627,0.298244542872665,0.126182911011606,0,0.710158783032326,0.37206789442887,0.10097041794711,0.0261076277230911,0,0,0.0665424539581696,0,0,0.0456980820041488,0.345255821665393,0.0433577022732174,1.10222481332286,0.844778448868387,-0.867384649406566,-0.422868017420285,0.656750595364395,2
"R.C3CR.WXD",0.350261114330544,0.308632983928078,0,0.0891001079884057,0,0.0237633936701701,0.00337845342818827,0.0434042379612872,0,0,0.01245063394934,0,0,0.109238116651924,0.0155859071109515,0.044185050981112,0,0,0,0,0,0,0,0.501704105039179,0.879546254517615,158.054601940714,121.4744426,462.684984985714,9560.46864577778,28.6857505548889,1431.42860927143,63.47624895,451.230884857786,166.18730198,3955.6599012975,0.0258162970404347,5.7856621196026e-20,0,0.944580221806274,0,0.0442079162993057,0,2.18693681737095e-17,5.99991206207274e-18,0,0.0422517646505766,0.0400618933431248,0.0494657680407263,1.85584112948962e-18,0.00944768730810366,0,0.182291893161133,0.411638948424931,1.78281788698428e-17,2.78436051365669e-18,0.000720931993690044,6.89648365298187e-18,0.00351536361457361,0,0,1.92884384349528e-17,0,0.0516396810675218,0,5.92103660628326e-06,2.29385459296945e-19,0.0273531004753717,0.0285722300689452,0.008048464244965,0.0245842371636679,0.000119521050742738,0.00364609979707693,0.187533281325493,0,0,9.55605012952957e-18,1.00332742880104e-17,0.0046335654128679,0,2.96065942517406e-19,0.219700285433603,0.00105557704254397,7.04608345420669e-18,0,0.00173908039699599,2.70821637703238e-17,7.24226869802576e-19,6.58614843107263e-17,0.0494182621721958,3.17682022275438e-18,0.0359926637150183,0.116126131885338,0,7.30538649575804e-20,0.444883445591557,0.00518590533731095,0.0744724269438113,0.159627335430164,0,0.691052968525626,0.000360465996845022,0.691413434522471,0.446184633337404,0.0435006584043249,0.0899254751708973,0.0374783763361044,0.0321813213068392,0.00540687477430876,7.118442646276e-09,0.345322653551679,0.196160634241499,0.0426785984615736,0.256444674274495,0.15110094733232,0.144496482627187,0.349832369456534,0.601782546796744,0.0504587056096563,0.0251010965006275,0,0.0316137426623271,0.0363254015034471,0,0.0146508794788327,0,0.112147875503301,0.127919751945064,1.23101326291202,0.867486605426688,-0.806711802252659,-0.309609513365998,0.982178552720054,3
"R.C3PR.SYT",0.263910895814225,0.485807346821498,0,0,0,0,0.0877067815505908,0.00313223050072586,0,0,0.0548909000633793,0,0.000496962963738183,0.0583490673875109,0,0.0233712255214954,0,0.0147156808277469,0.00761890854908967,0,0,0,0,0.683422972028591,0.729964652658842,112.817363482857,59.65556877,145.087441457143,25051.347097,161.915572110556,1402.10212798571,129.068462433333,323.530745883571,201.905231554667,2174.9964030375,0.0728462408367175,0,0,0.977773570801828,0,0.0712594705246254,0.00680444947979027,0,0,0,0.0236614681103245,8.32911897018352e-19,0.0377856043625894,0,0.0391167705755647,0,0.238195563255882,0.401342699926449,1.46543791123519e-17,0,0.00497570408744019,1.29645766046037e-17,0.00914110378042927,4.61557105235985e-18,0.00497575764258266,0,3.43719892529183e-18,0,0,0,0.0012264922081361,0.00663844089656682,0.0145980569865895,1.24378524431548e-20,0.0133367570017076,4.4343443526211e-22,0.00199738066760017,0.341008447728011,0.032632257258105,2.28428973902948e-17,1.07218755516412e-17,4.1356190312335e-17,0.0196624443010725,0.000318296414653375,0,0.182993922497489,0.000242324133727233,0,7.80885728323187e-18,0.0644818710997855,0.0227873405228939,0.0257727371622908,0,0.0116268923838769,0,2.40494829361515e-18,0.140238412912846,2.58208979158526e-19,2.85105590131095e-20,0.471655466303755,0.00951887432835359,0.356064646981341,0.0516265778392511,0,0.665165845800068,0.00497573086501142,0.67014157666508,0.615656083824366,0.0145967365373657,0.146334879976804,0.0166298817922999,0.0450623431018672,0.00256189677711205,3.63218317256729e-09,0.159158174358001,0,0.698270914922207,0.282760869033266,0,0,1.05310490106082,0.753925374095141,0.0293724340890696,0.0530138342307925,0.00629638996960054,5.35298912126646e-05,0.027960590107277,0,0,0,0.0609859661967412,0.0683918814201649,1.15997840394155,0.809904364140864,-0.741654663334811,-0.352872876172571,0.875355228575037,3
"R.C3PR.YWY",0.187496165168631,0,0.00556295036222811,0.0261712825533864,0,0.23382529421279,0,0,0,0,0.0700232777292675,0.0321274820200253,0.111269155134012,0.00643735355948734,0,0.193689305009845,0,0.0168643421264599,0.116533392123868,0,0,0,0.862,-0.0191748859332759,1.08509523990154,132.781571701786,41.10446371,154.18893991,211.103316474444,22.2344277855556,1243.16969255286,119.7003401,825.8542051,705.122824009,34541.6838230375,1.20504563904347e-18,0.000583286640330474,0.0333525600494475,8.21043727989234e-18,0,0,1.30189206911484e-17,0,1.24677738092703e-17,2.14273876719006e-17,0.00728783342210498,4.79577376767226e-18,0,0,0.0576924118401551,0.127381002030547,3.30664567427874e-17,0.187605457772277,0,0.00276046974468011,0.0468360898420801,0,2.47846457664548e-18,0,0.16226015834915,1.30387375312286e-17,3.21759015555534e-17,0.678424878074845,0.194975375994331,0,0.013098124451404,0.0191925755701288,0.0236479259134251,0.0291402561638527,1.58737140844027e-17,0.00462833807676812,0,0,0.00570191961382952,0,1.03779013255012e-17,2.75104824056594e-18,0,0.013063702164437,0.333156124105277,0,0.00105980498937728,0,1.48194070665885e-17,2.23914090509892e-17,2.84371753992218e-17,0,0,0,8.46376494630097e-18,0.0791007322021078,0,0,0.698191901955919,0.800445551276843,0,0,0.0406380627730592,2.26376319360097e-17,0.014635363543206,0.10483976741578,0.119475130958986,0.0130822766543017,0.325478083988994,0.0884343420084928,0.0442315211576379,0.0780649703826687,0.0098975236570782,4.91331013692186e-08,0.440811233017726,0,0.295147548383804,0.0440879200960114,0.139823541608473,0.380124208762878,0.252608975763644,0.0599707310279791,0.000744746708364513,0.0120311119491039,0.115853997972971,0.144638891754273,0.0303494909886764,0,0,0,0,0.636411029598632,0.566101283203029,0.654781398933782,-0.890141280711919,-0.00279258870626992,0.327948812718622,1
"R.C3PR.ZHB",0.0935607491523735,0.483055171023731,0,0.000914978418398473,0,0,0.00751332823078574,0.0479767718207567,0,0,0.0138441341775324,0,0.0036686138134716,0.276489358037289,0.00310120907611289,0,0,0.0576331326339291,0.0122425536156191,0,0,0,0,0.563605143503548,0.826345818177847,171.180416123571,27.15303811,172.297043456571,9276.54153333333,21.6158179861111,3051.83567398571,101.78286035,363.467005976429,307.224316985667,13684.5312435125,0.176541127149465,3.79310967423378e-18,0,0.903858707835387,0,0.0913394361047933,0,0,1.83917256996701e-17,0,0.00889048415297244,0,0,0,0.126972830295064,0,0.318586223839907,0.226721263253121,1.46511795743193e-18,0.00108933681732258,0.00671999420166446,0,0.000594474214484227,1.44350291330406e-18,2.35885142154388e-18,0,3.30123745061819e-18,0,0,0.000691321620263778,0.000622509802744251,0.0688336942821949,0.0679860822245299,0.00782708865735912,0.0232739550039606,0.000497319761743217,8.48733519450915e-20,0.204326463744605,0.0147170494924473,0.0047769607657804,1.41465617024747e-17,0,3.40163178362328e-17,7.0505989277898e-06,0.000548087833644557,0.107618071038263,0.000279137032434092,1.5624481722826e-18,2.27360018271563e-17,9.49682443690945e-18,3.84491040740388e-18,0.0222533702414704,0,1.72720624884239e-18,0,0.0871705819694645,0.0849117286405457,0,0,0.513289563380212,0.045552144727669,0.121195379405925,0.123998681454409,0,0.664703795959243,0.00335999710083223,0.668063793060075,0.410103570747586,0.146642885069626,0.11993746307106,0.000114262999712681,0.0432882610707055,0.00673941752656104,1.8471084904344e-09,0.27317413766764,0.242642614235531,0.201214460590488,0.139348381504216,0.358456795194287,0.0943433980469024,0.742510724608817,0.443966385419532,0.0723075819782637,0.0178182275086087,0,0,0.0664019255587614,0,0,0.0510745530869992,0.140823550400639,0.207607776047195,0.765481205614396,0.84235419758538,-0.92011608118247,-0.441246364865737,0.246472957151568,1
"R.C3PR.ZZ",0.00619535583556548,0,0.0939177099692169,0.0231925085517594,0,0.218236576745222,0.0164992268460273,0.0184254499342722,0.105203816614963,0,0.0479061416199971,0,0.0958000738209824,0,0.0582818805361011,0.270313050574806,0,0,0.0460282089510873,0,0,0,0.02,0.218864477200057,0.992288936139865,1157.23478784286,346.0683312,548.358263267857,32021.0976824967,36.5419726163333,4624.76193514286,592.594885,756.323606423571,1161.39473062633,9776.58846475125,0.258400407068996,0,7.83569843185609e-18,0.0173748411715527,0,0.173382769831283,0.119971520636126,0.140448802303448,0.0368467344843867,0.106409996974921,0.00187835287099569,0.101209878397342,0.124623650334942,0,0.215878636531879,0.0438053412190952,0,0.114666728450047,1.10666875592356e-18,0.0218589525629165,0.110633418049621,0,7.82360772190045e-21,1.45462491312689e-20,0.370386622181767,1.86506674469038e-18,1.60746688431792e-18,0.275100080928565,0.268162281670768,0,0.038530634701688,0.0569403585327274,0.0532187629452969,0.00377195410121749,0.0227819545362906,0.0142835683112514,0,6.99854063085905e-18,1.40738328324839e-17,0.0797124986422465,0.0806746427402738,1.4040956836855e-17,1.28740626555382e-17,0.0392078286297885,3.02044768315196e-18,1.5479706752228e-19,0.00074668877158052,2.32546620698649e-18,5.24843281510506e-19,0,0,8.42962655806925e-18,3.89797724340504e-18,0.00177432327330424,0.000385714958063533,0.105751742651292,1.87515520083045e-18,0,4.32622259222157e-18,0.457587512020704,0.0319936942552195,0,1.70417495145765e-18,0.143139367723827,0.294192953496368,0.240510020115694,0.534702973612061,0.0123831622636587,0.0866782519643724,0.401778721328225,0.128824729505026,0.312544476703549,0.0576298528240758,2.05452551029315e-09,0.000160803356567335,0,1.06053506831672,0,0.32678676630324,0.408855559502874,0.912904864761674,0.0791722347109825,0.0306367469269177,0.162563470029181,0,0.0833149509433047,0.0645699636711327,0.106847622302651,0.0413290734036635,0.216854184987286,0.0435862913322516,0.171125461692629,1.01084477060192,0.861166885120011,-1.10842193715783,-0.514268806139899,0.249320912424201,1
"R.U.GSG",0,0.595272602054619,0.0366829477452072,0.0543998082351685,0,0.00502981208044848,0.0148224271748377,0.047230478744573,0.0237272840725292,0,0.0182312101739768,0,0.000555727218881366,0.0673663613240012,0,0.0629749422561996,0,0.0706322961167399,0.00307410280281799,0,0,0,0,0.643359291697779,0.765717174518614,504.994043857143,212.0148903,419.062593011857,29278.7613417778,20.5215888994444,2088.80586098571,96.43242325,404.300477236929,297.580214796,5588.06832309375,0.32787858032393,9.73884059349646e-19,1.93009762443555e-17,0.833287405631053,0,0.104533871251005,0.0466171371772617,0.031313450556448,1.71658790813037e-19,0,0.0322428854683426,0.0808031974818921,0.148041121778761,0,0.0991959312557448,7.45321716347448e-19,0.325260653097186,0.288538530396193,0,0.00676927259193359,0.00826274006988564,0,0,1.22446684784787e-18,5.14638449298956e-19,7.97997462446907e-18,3.83590664941896e-19,6.87026929834334e-18,2.13855477286076e-18,2.38262531703542e-21,0.000372427486249735,0.0169656646520813,0.0433463268562996,1.67907948718107e-19,0.0406297156469717,0,0,0.203946480591359,0,0.00485646024506578,8.34830919841655e-18,1.16321931501252e-17,0,0.000488333882019683,6.68049044388253e-19,0.0774814241960635,0,2.74022054090945e-19,0,0.038906432768028,1.84039439486211e-17,0.0214536632845277,3.50302510812608e-17,0.0782828149849102,0,0.0826695855300135,0.0561009147205601,0,1.57174823159197e-19,0.442250590874251,0.089617882062498,0.149888637974713,0.0538943203355146,0.0238289166545247,0.67317913770692,0.00413137003494282,0.677310507741863,0.337290272240184,0.059088843786177,0.147144813844047,0.0432618084825227,0.0548505188478502,0.00857008112454641,1.92631400196546e-10,0.349793661482041,0,0.400035402082185,0.726186752057748,0.290210874330991,0,0.738912604539925,0.52313462851051,0.03097662250055,0.0670595721656121,0,0,0.0705395499890882,0.136703085435121,0.012553243837118,0.0974143299198635,0.0616189676421378,1.11022302462516e-16,0.949481471330397,0.915127143155724,-0.905131523384123,-0.452254720152375,0.507222370949624,2
"R.U.LJS",0.134890485413541,0.507139189293592,0.143357130987985,0.0640145472863457,0,0,0.0103221278052241,0,0.0084316791997173,0,0.0713267027027222,0,0.0155859452099845,0.0101066162989236,0.00327903455961472,0.0130942872848487,0,0.0111340642224049,0,0.00731818973509695,0,0,0,0.577058739199958,0.831879885098998,125.611129277143,98.14910502,331.927994381429,9634.71866466667,16.3743502108889,836.6835389,54.9565623166667,549.480631167143,196.851157838333,3232.0001275125,0.00761054986372628,9.47366631733218e-19,9.32464441364517e-18,0.922745177685907,8.88119264131105e-18,0.0359860088275925,0.0170996210865188,6.02618019876268e-18,1.53948785894704e-17,0,0.0103260950515098,0.0515923641564579,0.0580420016458915,1.40120626648291e-18,0,7.08378354505246e-19,0.247344982783038,0.148928645708649,0,3.54124101065941e-18,0.00304296990110802,7.06974765462059e-19,0.000601799789147551,3.44000027827332e-20,3.24126442437504e-18,0,1.2747685511003e-19,0.0516239304189383,1.61079385262667e-17,2.08612823260425e-05,0.000534698889047306,0,0,0.00751208856851703,0.0295029357647673,0.000311635248456942,0,0.186457275114831,0.0189145765944639,7.16132543924593e-05,0,1.07588300944602e-17,0,6.17572505694793e-19,0,0.200233074729957,0.00382341422853598,2.56083570710479e-18,0,0.000397966227582945,7.64508742611612e-19,0.0282070471151365,0,0.0136778987548683,0,0.0219078875084475,0.180299653205529,1.53352617100869e-19,1.08392638335558e-19,0.229695298124095,0.0218845751418696,0.0954264451085808,0.0916429376628354,1.88930533244286e-17,0.669226985071422,0.00152148495055401,0.670748470021976,0.314562932203392,0.0444548532572307,0.327518261197171,0.0218520281524307,0.0515289543171635,0.00284610434664853,7.86775034407009e-10,0.237236865739188,0.325610173127908,0.254983510264655,0.222038956330041,0.229828280234195,0.240042910567903,0.25465085504295,0.835181160651187,0,0,0,0.0650224712116415,0.0635096190459787,0.0362867490911929,0,0,0,0,0.923560042897528,0.814227211116466,-0.68719393708051,-0.118153670217748,0.932439646715736,3
"R.U.WYF",0.293480855902695,0.229808481916207,0,0.0124683317152973,0,0.156535933966348,0.00863214150556579,0.0976082589499958,0,0,0.0352603661761731,0,0.00037113696639693,0.0785230140544246,0.0304416270492285,0.0568698517976677,0,0,0,0,0,0,0,0.535237310543433,0.844955142946337,961.686544707143,522.3750237,434.532413947143,11880.9299086667,19.0823565357778,2163.74003792857,172.998149033333,608.106315351786,405.175980358667,3207.2760593275,0.209304190784187,0,6.34428839027126e-19,1.002191337868,0,0.253300428007629,0.077102409395004,0.135086391935759,0.00429082949094718,0,0.0262354349067816,0.078266340670384,0.11550724292267,0,0.167705182619908,0,0.181373003738634,0.167952148570079,0,0.0109060136054798,0.00630274637582551,0,0.000515977506477605,0,0.0894261689727166,0,1.42582986450855e-18,0.067503453506999,0.0538605268954369,0,0.000749326238387828,0.029405889991607,0.0272321648139648,0,0.0229049520415046,0.000697363343163583,0.00118752516521629,0.229536689447248,0,0,1.56678642033417e-17,1.13907934657047e-17,0.0666059824612272,0.00377223141760305,0,0.277156380882001,0.000230349250538771,0,4.80661027793582e-17,0,0,1.78948619477649e-19,0,8.6962563713168e-18,0,0.00600824735013636,0.0877269000797436,0,5.28409581161774e-21,0.326250581506456,0.0357639611084292,0.0457016385159601,0.0958482122395997,0.237792657820417,0.852507284075158,0.047864457674271,0.900371741749429,0.558258663601641,0.0292137371658252,0.242932817420394,0.0450492873211314,0.0566828962009875,0.00559182250746252,2.71359544698363e-08,0.0622707486466038,0.264014142695029,0.672677701572572,0.0898529752367942,0.248052299753075,0.260784748222529,0.501918030990876,0.668384959327548,0.0281014670621022,0.00384899851633042,0,0.0151130245341912,0.0217573754846481,0,0,0.11662883441005,0.14616534066513,2.22044604925031e-16,0.720959614784853,0.887760979858251,-0.94175512187916,-0.50171641763766,0.165249055126284,1
"R.U.XHB",0.411980327332321,0.252029037618419,0,0.0655717158621637,0.0204869849313331,0.0150216357808374,0,0.00351063389818701,0,0,0.0529232381892431,0,0.0227260377341655,0.0621497615820006,0.000845705237050945,0.0853341514823831,0,0.00742077035189549,0,0,0,0,0,0.501005725833447,0.881001187382373,121.219333976429,26.50420257,345.855515064286,10136.1899595411,26.5312793262222,1068.43912678571,77.0543787666667,425.5507683065,275.473292565333,4060.1936852125,1.43151429025204e-17,0,7.21310969071158e-19,0.612783771554057,0,0.0689452468520834,0.0241141479135824,0,2.3300149011352e-18,0,0.011941837744082,0.0504219595891924,0.0132906441045077,1.98141851090712e-18,0.00567454692152014,0,0.114970627312536,0.0737385299838597,2.9828344138888e-18,0,0.0109446691407997,8.70046413654561e-18,0.00220249960491867,0,0,9.89295325359355e-18,0,0.0603970174488193,0.058366795427093,0,0.000523850925685964,0,4.11639424506637e-19,0.00353573942325959,0.0222853235542411,1.69901390418212e-22,0.000402125161833866,0.104447792969884,0.0745269382868619,4.66266164553732e-18,5.240069459195e-18,1.1581634046454e-17,0.0167276571139939,4.42745853686472e-20,0.00798059168157975,0.151121151616499,0.00257341128132083,2.60028166131327e-18,1.14479986395593e-17,1.4343152607879e-18,2.90703524729084e-18,7.69808469343577e-18,0,0.024380989653594,0,0.00278793159728303,0.139426809309214,5.31406028844094e-20,1.32400268298747e-18,0.458654088525018,0.0137884194709214,0.0909239511165324,0.121744405143757,1.68624517567819e-18,0.456994036464994,0.00547233457039986,0.462466371035394,0.347264370431103,0.049159026029024,0.176655454388935,0.0472546151525582,0.0535607346136856,0.00251502835812732,3.41208770686694e-10,0.323590770685358,0,0.171199658629577,0.333827196001457,0.0167929996919795,0,0.762478178695206,0.528429203902041,0,0.0124701994208684,0.0438159535682539,0,0.0381253124683378,0,0,0,0.0817956648801985,0.295363665760301,0.733124883358587,0.682250847360558,-0.667231265204692,-0.0578476372574701,0.690296828256984,2
"R.U.ZCF",0.254851758093059,0.268195050349744,0,0.0243712459005659,0,0.0324703215170573,0.0044992828518692,0.0153417066991682,0,0,0.0347370425884923,0,0.0681135000484697,0.0642906324800087,0.0401426193589068,0.191493120182493,0,0,0.00149371993016629,0,0,0,0.004,0.404320918247143,0.92610849928908,102.433501506429,81.59819709,188.351035341429,4100.82489072556,31.8977474855556,1418.97915435714,113.108494033333,548.997447651429,391.572116556,9935.48227075375,0.0255634661237935,0.00121430961332113,0,0.617904833238313,0,0.0629189498202845,4.11222234990029e-18,0,3.06756123318146e-18,0,0.02208733033109,0,0.00479360259430611,0,0.0634185839404139,0,0.0794548374708981,0.322676789316202,1.61814366912665e-17,0,0.00914872874284837,0,0.000270621991044855,4.02642994507656e-19,0.0269857945865771,3.23682222744599e-17,1.0392559120525e-18,0.100752688586277,0.0923612155146037,7.10579717110481e-24,0.00123822490556431,0.0325241767229751,0.0398496239660711,0,0.0167940690176351,0.000330794214613995,1.5550485416507e-21,0.128843222151628,0.0542196790393915,1.43827108843173e-17,0,4.68717488381377e-18,0,1.7511159450152e-19,0.00481743858560806,0.103958929682309,0,2.37740802615576e-19,7.42532270280338e-18,1.60605993887327e-18,0.0139048019317334,2.84986342401999e-18,6.30488979217511e-18,0.0382215503546392,3.71956412231209e-18,1.83993565500116e-17,0.151939878631775,3.49656548582342e-20,2.49499386408487e-19,0.506053475691102,0,0.135894938155531,0.212492390461689,0,0.444815385985949,0.0186744164713733,0.463489802457322,0.253268631163531,0.164452952981233,0.122289913385825,0.036229920274228,0.08009191826683,0.00793490083629863,1.1607778729457e-08,0.335731751484276,0.210281627219317,0.0253587443092695,0.169054897796893,0.0720518920978129,0.189359529619712,0.329672173147599,0.303343983928178,0.0169317372572703,0.0182021700376742,0,0.102168682114379,0.016646952778942,0,0,0,0.107721401759638,0.434985072123919,0.840369330860017,0.783160921490752,-0.893573719754367,-0.276869879686004,0.453086652910398,2
"R.U.ZYL",0.103085353604406,0.18856707301723,0,0.0992193417972489,0,0.00463453303822817,0.186383319871037,0,0.00135719534055464,0,0.0612119250648446,0,0.0400887486205598,0.0331871406922037,0.11627290274386,0.0877468007283773,0,0,0.0729257278551443,0,0,0.00531993762630562,0.004,0.42103499615419,0.906239797998627,427.310986978571,622.9927911,947.519780545714,4983.49344344444,23.6400090545556,4342.45837345714,196.67598885,719.192952093571,314.740470002333,1070.15558695,0.216691572171053,0,0,0.822594110062631,0,0.074612564519277,0,0,0,0,0.0186692057050743,0.109354301464155,0.215465167466466,0.00433060866272147,0.198060414501513,0,0.262683524530742,0.174149141929045,0,2.94435913770196e-18,1.32063022072278e-19,9.68389915979092e-20,1.69768551245991e-18,0,3.79049958108329e-17,1.20640326539079e-17,0,0,0.0243896810983902,0,0,0.204576470336507,0.16551590593283,0.0372429066270079,0.0286716344492741,0,6.8118526744534e-18,0.20458518521206,0,0.00682091243790873,0.0445882145871022,0,2.61382348569474e-17,0,3.21299196302574e-18,0.112711121092304,0.00177943551704567,0,0,9.65919256459768e-20,0,0.095687840454137,1.77089058965884e-18,0.0188990843213102,0,0.0636087939477449,0.0941536858581643,1.82930801245713e-20,5.48103853243902e-18,0.347931168848406,0.0762644556163401,0.109664039431235,0.102288864634921,0,0.806523153933113,1.90185294164526e-17,0.806523153933113,0.259202700255357,0.00604216308925149,0.182056417245197,0.0646934893762667,0.0565201040851701,0.069432959136514,9.78371545446141e-09,0.362052157028529,0,0.822004891340268,0.462250878322229,0.588341286928646,0.108459360889564,0.721719462514327,0.528033328736306,0.142656113427132,0.00183114826764025,0,0.155442865824495,0.0361516440261826,0,0.086455101390527,0.00346607662175109,0.0459637217059654,2.22044604927047e-16,1.44624363004805,0.949900245329937,-1.15819238922335,-0.558453078063679,0.679498408090952,2
