"","logFC","AveExpr","t","P.Value","adj.P.Val","B"
"hsa-mir-31",5.2500571748816,7.1911911336267,5.96365038932693,3.00387340159737e-05,0.0262689742623603,2.4833128465895
"hsa-mir-663b",-3.96505710723573,3.95149208548737,-5.95746877674579,3.03687563726708e-05,0.0262689742623603,2.47414200306166
"hsa-mir-615",6.04574711194266,6.61666012714622,5.02255044415933,0.000168277910309356,0.0804211914239318,1.01211248207788
"hsa-mir-4467",3.09973600612909,1.54986800306455,4.96989593586244,0.000185944951269207,0.0804211914239318,0.925507270613426
"hsa-mir-3648-2",-3.22531658165507,5.11393353682612,-4.7141830113255,0.000303401821658466,0.104977030293829,0.498979069536238
"hsa-mir-4679-1",3.38033743650902,3.29262035894038,4.61264045513878,0.000369290534775302,0.106478770860212,0.326997480691655
"hsa-mir-4488",-3.81208128968533,8.36435883032539,-4.48862407408047,0.000470187684658882,0.116203527779981,0.115069153565234
"hsa-mir-3648-1",-2.92101808197327,5.22691171378239,-4.29888628047997,0.000682473355272783,0.145670915906657,-0.212892848715855
"hsa-mir-618",2.88743221634868,6.14415582631543,4.24586493829039,0.000757825574080873,0.145670915906657,-0.305284500292442
"hsa-mir-1255a",2.89544886622148,5.14531014675069,4.12158058212028,0.000969617172058652,0.167743770766147,-0.523010795393404
"hsa-mir-4516",-4.04541254439954,6.8543248003635,-3.9665915181936,0.00132072434351736,0.185903845889242,-0.796560773835402
"hsa-mir-3196",-2.65005799609677,4.56311083727043,-3.96043771704343,0.00133707663365953,0.185903845889242,-0.807463564249407
"hsa-mir-4679-2",3.18741414140702,3.08018427691594,3.90237239115643,0.00150187556545187,0.185903845889242,-0.910479427969666
"hsa-mir-526b",2.99242664116664,1.49621332058332,3.9015261278281,0.00150442418638693,0.185903845889242,-0.911982629455497
"hsa-mir-1298",2.90245304402696,1.45122652201348,3.74073892948947,0.00207772773908096,0.239631265907337,-1.19841081738923
"hsa-mir-223",2.62281909921594,11.4009890303687,3.57303550864376,0.00291316850909293,0.301424291281567,-1.49849216095968
"hsa-mir-3690-1",2.36651189118364,4.17568258675846,3.52389898443393,0.0032169173464525,0.301424291281567,-1.58657302585188
"hsa-mir-1323",2.81707037061078,1.40853518530539,3.51201702575828,0.00329502844332999,0.301424291281567,-1.60787864201475
"hsa-mir-4433a",3.12645945569042,2.7582172280856,3.50970609472798,0.00331044019326576,0.301424291281567,-1.61202261529819
"hsa-mir-449c",2.43112237993274,3.7020383961788,3.44736726290101,0.00375462677438242,0.324775215984079,-1.72382812619587
"hsa-mir-5193",2.15078073128366,4.49451964653938,3.37683257384061,0.0043296653233062,0.353248199890032,-1.85034040964184
"hsa-mir-4487",2.33145114561962,2.16572557280981,3.3585951442228,0.00449217364022006,0.353248199890032,-1.88304526718354
"hsa-mir-184",3.1048009606532,5.64830460684308,3.33612770797318,0.00470077636850602,0.353580135544148,-1.92332908493461
"hsa-mir-506",2.52074747474036,1.7886945709439,3.2616020927181,0.00546442221362898,0.393893767899089,-2.05687319919917
"hsa-mir-1469",-3.04137377060973,1.52068688530486,-3.16476241018745,0.00664391654543298,0.408542899147634,-2.23011244977177
"hsa-mir-544a",1.91829583405449,0.959147917027245,3.15975106640604,0.00671140523219497,0.408542899147634,-2.2390653441129
"hsa-mir-548ak",2.04309433898165,1.54986800306455,3.15107348301222,0.0068298792237306,0.408542899147634,-2.25456479753811
"hsa-mir-1295a",2.16463965683631,4.07474646958479,3.14133540007817,0.00696530197013196,0.408542899147634,-2.27195336734684
"hsa-mir-516b-2",3.93390278630549,2.30028472648608,3.11406647476617,0.00735883342185445,0.408542899147634,-2.32061509798078
"hsa-mir-523",2.68146470645282,1.34073235322641,3.10394854181723,0.00751038219968223,0.408542899147634,-2.33865863010659
"hsa-mir-3960",-2.54473128684658,10.3747813184816,-3.10363933313579,0.00751506190230759,0.408542899147634,-2.33920994154322
"hsa-mir-3141",-1.88357836881441,4.77986282085991,-3.08655154633756,0.00777820924296865,0.408542899147634,-2.36966684988506
"hsa-mir-3656",-1.96257397861484,9.6738038385563,-3.053022805544,0.00832128554650215,0.408542899147634,-2.42936627438212
"hsa-mir-3609",2.02276739337885,6.53804820171616,3.04646493435889,0.0084318021622146,0.408542899147634,-2.4410327535077
"hsa-mir-4324",1.92930085313048,3.7952681253418,3.04271928585203,0.00849557434888813,0.408542899147634,-2.44769472800709
"hsa-mir-541",2.31221264633419,2.68442715674081,3.04104416108105,0.00852424824940369,0.408542899147634,-2.45067372008342
"hsa-mir-516b-1",4.03223838482951,2.01611919241476,3.02164597610267,0.00886332929320945,0.408542899147634,-2.48515387440346
"hsa-mir-3606",1.9357849740192,0.967892487009601,3.01095240839088,0.00905590285866052,0.408542899147634,-2.50414783728541
"hsa-mir-1908",2.14348418388851,3.07174209194426,2.96233894406957,0.00998457314116924,0.408542899147634,-2.59036265115366
"hsa-mir-708",2.4539303709973,9.42444812711544,2.9597656688443,0.0100362591720528,0.408542899147634,-2.59491990216345
"hsa-mir-1255b-2",1.74930917114786,3.2646295860547,2.95740782163312,0.0100838489721784,0.408542899147634,-2.59909504210211
"hsa-mir-6871",1.86165416690705,0.930827083453526,2.95456962941538,0.010141428023184,0.408542899147634,-2.6041199966001
"hsa-mir-4731",1.96896353186951,1.31781509926809,2.95392579667331,0.0101545344874846,0.408542899147634,-2.6052597728007
"hsa-mir-4727",1.79743914092625,1.56538623712979,2.89841606901995,0.0113493219707988,0.43286721182119,-2.70336102496069
"hsa-mir-34b",2.52328520277698,3.42559363349838,2.88562363526145,0.0116436258446245,0.43286721182119,-2.72591933020372
"hsa-mir-8072",-2.50342643007879,8.06374162720198,-2.86199460518434,0.012207008287552,0.43286721182119,-2.76753483720976
"hsa-mir-1181",-2.26480528878337,3.79149595222499,-2.85926678216326,0.012273739519912,0.43286721182119,-2.77233460593488
"hsa-mir-4482",2.87499272652301,2.73979322846435,2.85753975420918,0.0123161723769775,0.43286721182119,-2.77537292666682
"hsa-mir-489",2.05664166714744,1.69498750024039,2.85279261808762,0.0124335491606514,0.43286721182119,-2.78372248926153
"hsa-mir-3665",-2.76479179988171,7.716510088143,-2.84349907115762,0.012666513382803,0.43286721182119,-2.80006013131241
"hsa-mir-3690-2",1.84249233535347,4.55687636621291,2.83978412972857,0.0127608253195842,0.43286721182119,-2.80658767133494
"hsa-mir-150",2.22969266685033,14.0674249899762,2.80411046827371,0.0137020886245267,0.450993347692433,-2.86917504000496
"hsa-mir-7110",-2.29011024802139,7.56453879685737,-2.79993615579769,0.0138165592067624,0.450993347692433,-2.87648706008683
"hsa-mir-1245a",2.34179010039666,3.03254921710538,2.78947047435818,0.0141076682463858,0.451967890115694,-2.89480848051153
"hsa-mir-1248",2.16533334285362,8.07136661799005,2.77695949383997,0.0144635136963748,0.453880009661604,-2.91668943654715
"hsa-mir-4433b",2.81707037061078,2.93685601887911,2.7603334751006,0.0149499460479109,0.453880009661604,-2.94573107110336
"hsa-mir-7846",-2.37341262578065,2.52003964622366,-2.75211943643889,0.0151961023116367,0.453880009661604,-2.96006337863068
"hsa-mir-2115",2.25694301534416,2.43076837287492,2.74855800360227,0.0153040507217688,0.453880009661604,-2.96627429465506
"hsa-mir-4518",1.69138048758417,2.17902357712542,2.7379551866869,0.0156298557666535,0.453880009661604,-2.98475308264553
"hsa-mir-517a",2.75559551356497,1.37779775678248,2.72330322163376,0.0160911898202075,0.453880009661604,-3.01025907565685
"hsa-mir-517b",2.75559551356497,1.37779775678248,2.72330322163376,0.0160911898202075,0.453880009661604,-3.01025907565685
"hsa-mir-34c",1.76528545748565,8.03515512552858,2.67597303631359,0.0176734406797415,0.453880009661604,-3.09240520294855
"hsa-mir-1293",1.79743914092625,1.42704040403685,2.66769147589646,0.0179653583504167,0.453880009661604,-3.10673851530109
"hsa-mir-6807",1.63563019853617,1.48448176593475,2.66573806620363,0.0180348909909884,0.453880009661604,-3.11011758125244
"hsa-mir-5582",1.78389181276047,2.08693340662062,2.66356127842327,0.018112681435967,0.453880009661604,-3.11388223913413
"hsa-mir-4422",2.25162916738782,1.45914791702724,2.6598704288563,0.0182453207683343,0.453880009661604,-3.12026343038518
"hsa-mir-526a-1",1.63563019853617,0.817815099268086,2.659364442883,0.0182635775786255,0.453880009661604,-3.12113804693379
"hsa-mir-6775",1.63563019853617,0.817815099268086,2.659364442883,0.0182635775786255,0.453880009661604,-3.12113804693379
"hsa-mir-5701-3",1.98841534075497,8.92981505999897,2.65894435003918,0.0182787486366695,0.453880009661604,-3.12186415826163
"hsa-mir-4635",-1.76914284173075,2.99188078582783,-2.6497419390711,0.0186141522630074,0.453880009661604,-3.13776196207345
"hsa-mir-4753",1.63563019853617,1.15114843260142,2.64938052444342,0.0186274454832219,0.453880009661604,-3.13838601133918
"hsa-mir-6769b",1.80341311025867,3.00901592009179,2.6246150367385,0.0195605070138503,0.469315112892358,-3.18108961777155
"hsa-mir-3170",-1.79743914092625,1.56538623712979,-2.60357972619896,0.0203882896828333,0.469315112892358,-3.2172682779803
"hsa-mir-6087",-1.53726768197298,9.8658591322059,-2.59831351662718,0.0206007489123367,0.469315112892358,-3.22631192453419
"hsa-mir-1972-2",1.60626506142632,4.105429395916,2.5941928405207,0.0207684776643499,0.469315112892358,-3.23338446038452
"hsa-mir-5701-1",1.95967804705174,8.95099629264698,2.57692486265754,0.0214857567066548,0.469315112892358,-3.26298477285443
"hsa-mir-6753",1.63563019853617,2.15114843260142,2.56904963922014,0.0218207315423459,0.469315112892358,-3.27646379972094
"hsa-mir-518e",2.42537480175808,1.21268740087904,2.55181760913098,0.0225712872849213,0.469315112892358,-3.30591201751884
"hsa-mir-548f-5",1.58430237934508,2.71044702372703,2.54912119282959,0.0226909516906186,0.469315112892358,-3.31051423623495
"hsa-mir-668",2.20244343791654,2.62954255253199,2.54532695949911,0.0228603674885281,0.469315112892358,-3.31698753357427
"hsa-mir-569",1.52832083357372,0.764160416786859,2.54322503184974,0.022954741950833,0.469315112892358,-3.3205722609874
"hsa-mir-7973-1",1.52832083357372,0.764160416786859,2.54322503184974,0.022954741950833,0.469315112892358,-3.3205722609874
"hsa-mir-363",2.3378712137841,11.4338659022922,2.53701040921717,0.023235962719688,0.469315112892358,-3.33116532452463
"hsa-mir-6089-1",-1.75559551356497,1.87779775678248,-2.53630508132125,0.023268087767478,0.469315112892358,-3.33236704726314
"hsa-mir-4724",1.61599896885165,2.58197551605495,2.53000400873118,0.0235569731599797,0.469315112892358,-3.34309780436663
"hsa-mir-142",1.83215797786856,15.5819623751464,2.52503945205547,0.0237870006803242,0.469315112892358,-3.35154625493649
"hsa-mir-6840",1.86165416690705,1.45914791702724,2.51257123190193,0.024374226167823,0.469315112892358,-3.37273967137073
"hsa-mir-3116-1",-1.9357849740192,1.49621332058332,-2.50471750366967,0.024751214443877,0.469315112892358,-3.38607125561269
"hsa-mir-4417",-2.23808183922204,1.64736175318474,-2.50171284738183,0.0248969113072006,0.469315112892358,-3.39116786508314
"hsa-mir-518f",1.77397603162912,0.88698801581456,2.50056290600373,0.0249528890846832,0.469315112892358,-3.39311788630391
"hsa-mir-4523",1.52832083357372,1.09749375012019,2.49954276115104,0.0250026492350299,0.469315112892358,-3.39484754775326
"hsa-mir-4768",1.52832083357372,1.09749375012019,2.49954276115104,0.0250026492350299,0.469315112892358,-3.39484754775326
"hsa-mir-650",-1.73191328623107,5.33997823183981,-2.49492505884119,0.0252290783231152,0.469315112892358,-3.40267386394806
"hsa-mir-5701-2",1.83430461083378,9.00075164986099,2.48763199191092,0.0255906903854667,0.470977599647419,-3.41502437217179
"hsa-mir-6718",2.04309433898166,1.54986800306455,2.47029624789607,0.026470220750275,0.482036651557639,-3.44433117607825
"hsa-mir-3116-2",-1.93863897852034,1.83097365616722,-2.46062198033945,0.0269735083504314,0.4860850983984,-3.46065450548475
"hsa-mir-4425",1.49636324626662,4.24546598857654,2.45128325306886,0.0274679838393277,0.488603041431636,-3.47638997726618
"hsa-mir-125b-1",1.95560966483727,13.042136592668,2.44526899937218,0.0277909908304909,0.488603041431636,-3.48651240059625
"hsa-mir-6772",1.7233083338141,1.96896353186951,2.42838098319086,0.0287174379798571,0.488603041431636,-3.51488767301349
"hsa-mir-2467",1.58496250072116,1.45914791702724,2.4149550049093,0.0294748439389933,0.488603041431636,-3.53739420156205
"hsa-mir-1185-2",1.85121946026772,3.46872860349373,2.4005744300158,0.0303071329164394,0.488603041431636,-3.56144906134771
"hsa-mir-6724-1",1.8359315467329,2.64127410718055,2.40015809241034,0.0303315579394641,0.488603041431636,-3.56214467375288
"hsa-mir-1267",1.52832083357372,1.62581458369391,2.39410305102889,0.0306889028477909,0.488603041431636,-3.57225617974382
"hsa-mir-125b-2",1.93355696839097,12.8649654539107,2.38953260552502,0.0309612730671006,0.488603041431636,-3.57988204711939
"hsa-mir-3148",1.49728436544322,1.41530884938828,2.38747694668624,0.031084523347722,0.488603041431636,-3.58331012657523
"hsa-mir-548ao",1.54795206325824,1.10730936496245,2.38235576672983,0.0313935971372421,0.488603041431636,-3.59184541985261
"hsa-mir-5196",2.31221264633419,2.8794146569812,2.37736152203084,0.0316978126615879,0.488603041431636,-3.60016232614709
"hsa-mir-342",1.73626882052848,12.2251305513596,2.37680346708602,0.0317319784826262,0.488603041431636,-3.60109123333629
"hsa-mir-4662a",-1.79743914092625,2.62202790427723,-2.36565059043099,0.0324221466929395,0.488603041431636,-3.61963783624923
"hsa-mir-6089-2",-1.78877407141527,2.22772036904097,-2.36309448117982,0.0325823139818491,0.488603041431636,-3.62388368296685
"hsa-mir-126",1.73030607609833,17.4436339604465,2.36092199223864,0.0327190315026718,0.488603041431636,-3.62749089220312
"hsa-mir-658",-1.54795206325824,1.30229686520284,-2.3561582143138,0.033020723632234,0.488603041431636,-3.6353960971189
"hsa-mir-5008",1.38997500048077,0.694987500240385,2.35489510926463,0.0331011566536839,0.488603041431636,-3.6374910833161
"hsa-mir-633",1.38997500048077,0.694987500240385,2.35489510926463,0.0331011566536839,0.488603041431636,-3.6374910833161
"hsa-mir-6849",1.38997500048077,0.694987500240385,2.35489510926463,0.0331011566536839,0.488603041431636,-3.6374910833161
"hsa-mir-450b",1.76002741570729,7.32788108710222,2.34761023141907,0.0335686745700145,0.488603041431636,-3.64956505520647
"hsa-mir-155",1.77687896865405,14.0138058830258,2.34373644761398,0.0338198142189609,0.488603041431636,-3.65597938391207
"hsa-mir-549a",2.32296797325806,4.15960179891532,2.34155758675941,0.0339618496687909,0.488603041431636,-3.65958534019001
"hsa-mir-4707",-2.13077247425959,1.39871957046313,-2.33561253000204,0.0343522658113117,0.488603041431636,-3.66941737707226
"hsa-mir-6873",1.42846740628742,3.49418370410525,2.33554876456249,0.0343564762041222,0.488603041431636,-3.6695227787492
"hsa-mir-585",2.09806103480149,6.04145715856738,2.33488690458577,0.0344002071823129,0.488603041431636,-3.67061673761184
"hsa-mir-1273h",1.54679231430189,7.22815331537797,2.32862597281111,0.0348164911316955,0.488603041431636,-3.68095893106516
"hsa-mir-1295b",1.46410580759292,2.50602893542558,2.32653488295969,0.0349565812047933,0.488603041431636,-3.68441060632807
"hsa-mir-144",2.1268764169758,10.3045611025591,2.31478619549037,0.0357536025316415,0.488603041431636,-3.70378006589983
"hsa-mir-6797",1.60245164068587,1.4678924870096,2.31148408984742,0.0359806785205865,0.488603041431636,-3.70921681253914
"hsa-mir-4647",1.43661842086226,2.57996337733818,2.30925378032495,0.0361348180176797,0.488603041431636,-3.71288708594673
"hsa-mir-3124",1.422493436955,2.62954255253199,2.3079308415557,0.0362265415378545,0.488603041431636,-3.71506346533426
"hsa-mir-4777",1.63563019853617,1.15114843260142,2.30668254463572,0.0363132908597304,0.488603041431636,-3.7171165760988
"hsa-mir-147a",-1.54795206325824,2.83061769877656,-2.30495875017009,0.0364334059795844,0.488603041431636,-3.71995099288436
"hsa-mir-6874",1.52832083357372,1.62581458369391,2.28921863915246,0.037547610514107,0.499672047610809,-3.74579127777218
"hsa-mir-5580",-1.65800159715569,2.95977327283743,-2.28227421811957,0.0380493049812824,0.502483187920752,-3.75716809534348
"hsa-mir-4637",1.52832083357372,1.76416041678686,2.27032821804188,0.0389270939565642,0.506602947788156,-3.77670439374087
"hsa-mir-520a",2.14764783194958,1.07382391597479,2.26037018827588,0.0396732922395671,0.506602947788156,-3.79295593836051
"hsa-mir-4804",1.58496250072116,1.84912291750802,2.25955904905904,0.0397346614699926,0.506602947788156,-3.79427836122754
"hsa-mir-6781",1.63563019853617,0.817815099268086,2.25921201456526,0.0397609446007227,0.506602947788156,-3.79484407841271
"hsa-mir-520g",2.13077247425959,1.06538623712979,2.25836142565784,0.0398254340457741,0.506602947788156,-3.7962305038987
"hsa-mir-8065",1.64414189590522,3.09118925530514,2.24919933854329,0.0405263213690356,0.507528749554342,-3.81114992997609
"hsa-mir-3910-2",1.81246843743577,2.29620921919865,2.24679817639387,0.0407119084589213,0.507528749554342,-3.81505557170686
"hsa-mir-20b",1.96178741864803,6.38498316973602,2.24594140079894,0.0407783214959847,0.507528749554342,-3.81644872887122
"hsa-mir-2861",-1.9001465727137,1.28340661969018,-2.2328559023258,0.041805328115216,0.512391914570953,-3.83769726944101
"hsa-mir-4284",1.64404643691013,6.35509505012764,2.23017090140154,0.042019027878863,0.512391914570953,-3.84205044342997
"hsa-mir-4669",1.52832083357372,1.43082708345353,2.22666761415209,0.0422993907015661,0.512391914570953,-3.84772679645366
"hsa-mir-6837",1.3614762603869,3.14484393778637,2.22599047257431,0.0423537825338996,0.512391914570953,-3.84882350588086
"hsa-mir-6503",1.49136561261962,7.09188734296041,2.19913786835527,0.0445641319274607,0.530897451792934,-3.89219329415445
"hsa-let-7i",1.57627915068272,18.9009861200847,2.19642672956952,0.0447931772950219,0.530897451792934,-3.8965587916785
"hsa-mir-138-2",1.4955269944215,5.20998711708996,2.19339440432482,0.0450506566774572,0.530897451792934,-3.90143854707503
"hsa-mir-486-1",1.98016999852065,11.483564912744,2.19268678785741,0.0451109395454111,0.530897451792934,-3.90257683100185
"hsa-mir-518c",1.79743914092625,0.898719570463127,2.18851640269476,0.045467749391174,0.531481124640074,-3.90928195638698
"hsa-mir-140",1.46998857691791,14.165180717628,2.17827898063925,0.046354812621405,0.536447601945233,-3.92571664996947
"hsa-mir-2681",1.63563019853617,2.01280259950847,2.17321464339528,0.0467995595879034,0.536447601945233,-3.93383348976194
"hsa-mir-548ba",1.82304433994319,3.77317633687865,2.17051073533267,0.0470386363038903,0.536447601945233,-3.93816355854063
"hsa-mir-450a-2",1.54345925117221,8.25884547423014,2.16718079316788,0.0473346257993178,0.536447601945233,-3.94349270283555
"hsa-mir-1913",1.44064269829579,1.58197551605495,2.16420464509998,0.0476006308408213,0.536447601945233,-3.94825240061386
"hsa-mir-3655",-1.44463357885115,2.77895845657301,-2.16089602241228,0.0478979813165366,0.536447601945233,-3.95354021184029
"hsa-mir-4452",1.47739493529775,4.07716915177777,2.15906559413995,0.0480632244517405,0.536447601945233,-3.95646394960244
"hsa-mir-4684",-1.52744567710478,4.99313960826345,-2.15146721162001,0.0487548459867405,0.538020787411285,-3.96858830540107
"hsa-mir-450a-1",1.49628571778838,8.36185110054957,2.15049629093292,0.0488438835319677,0.538020787411285,-3.97013609549879
"hsa-mir-1269b",1.52832083357372,0.764160416786859,2.14640705056327,0.0492205416021284,0.538020787411285,-3.97665130016517
"hsa-mir-486-2",1.94510746797171,11.4925237796158,2.1397926820791,0.0498354919758264,0.538020787411285,-3.98717715812866
"hsa-mir-548i-4",-1.35296456301786,1.53813644841598,-2.13869876062086,0.0499378792958719,0.538020787411285,-3.98891648633102
"hsa-mir-874",1.58603313277128,8.61528336379555,2.13728871027007,0.0500701426434779,0.538020787411285,-3.99115782852083
"hsa-mir-6501",1.3834142118602,5.30817547291269,2.12898473066359,0.0508556620972122,0.540083879616021,-4.00434297663145
"hsa-mir-3607",1.28215158058218,5.16467726953259,2.12673861093829,0.0510700861677302,0.540083879616021,-4.0079051352624
"hsa-mir-4494",1.38997500048077,1.02832083357372,2.12539551509733,0.0511987030387442,0.540083879616021,-4.01003430428674
"hsa-mir-3154",1.60245164068587,1.99621332058332,2.11778966617604,0.0519327193193594,0.543629973985766,-4.02207930871354
"hsa-mir-4745",-1.44064269829579,1.38698801581456,-2.11542050770843,0.052163338544299,0.543629973985766,-4.02582693411892
"hsa-mir-6755",1.25162916738782,2.59477811556342,2.11211713455596,0.0524864760414863,0.543722176956714,-4.03104891669259
"hsa-mir-1224",-1.36243289470278,5.88087743769675,-2.09405114264474,0.054286628254661,0.546611005112778,-4.05953667915524
"hsa-mir-4800",-1.3883023088919,3.66311468631545,-2.08358886208302,0.055354980529511,0.546611005112778,-4.07597886749673
"hsa-mir-6842",1.43771770707981,7.98906142661914,2.0825977561458,0.0554571846301002,0.546611005112778,-4.07753432680854
"hsa-mir-1245b",1.5649600642664,3.27976439757642,2.08086251169106,0.0556365436885354,0.546611005112778,-4.08025675820699
"hsa-mir-1972-1",1.25162916738782,4.38761532331466,2.07246311924972,0.0565122952432368,0.546611005112778,-4.09341848371835
"hsa-mir-1225",-1.44064269829579,0.720321349147894,-2.07176357226954,0.0565858016021237,0.546611005112778,-4.09451345455412
"hsa-mir-6866",1.52546478798213,4.75515903515771,2.07127748612629,0.0566369298774541,0.546611005112778,-4.09527419449193
"hsa-mir-4464",1.52832083357372,0.764160416786859,2.06985094227905,0.0567872242018302,0.546611005112778,-4.09750625963307
"hsa-mir-567",1.52832083357372,0.764160416786859,2.06985094227905,0.0567872242018302,0.546611005112778,-4.09750625963307
"hsa-mir-1255b-1",1.33087348987813,3.06532752655119,2.06757320477542,0.0570279567605752,0.546611005112778,-4.10106854746423
"hsa-mir-6800",1.25162916738782,0.959147917027245,2.06164061152115,0.0576593778847579,0.546611005112778,-4.11033754765137
"hsa-mir-876",-1.25162916738782,0.959147917027245,-2.06164061152115,0.0576593778847579,0.546611005112778,-4.11033754765137
"hsa-mir-6504",1.5120176334134,3.72497234857621,2.05923630535653,0.0579170981423589,0.546611005112778,-4.11409014819489
"hsa-mir-592",-1.83497210941713,6.11059136723523,-2.05729092780591,0.0581263990453778,0.546611005112778,-4.11712482844307
"hsa-mir-4690",1.23118444418528,3.18700739464802,2.05667434357115,0.0581928814073826,0.546611005112778,-4.1180863601819
"hsa-mir-99a",1.57576997237052,15.5407031893275,2.05549498198389,0.0583202389547871,0.546611005112778,-4.11992510483641
"hsa-mir-3178",-1.31584419336862,2.7886945709439,-2.05441733544564,0.0584368360746845,0.546611005112778,-4.12160479443949
"hsa-mir-514a-1",1.69298378046494,3.41790706278784,2.05427158665787,0.0584526219340254,0.546611005112778,-4.12183193337608
"hsa-mir-548am",1.24839536699039,3.39060035629096,2.04636450929801,0.0593149139444111,0.551692479160383,-4.13414216595657
"hsa-mir-6732",1.38997500048077,1.80229686520284,2.0386641488936,0.0601658578305794,0.553000158562477,-4.1461070915953
"hsa-mir-4435-2",1.30229686520284,0.984481765934753,2.03643325880637,0.0604144681897735,0.553000158562477,-4.14956912631059
"hsa-mir-3180-2",1.30229686520284,0.984481765934753,2.03643325880637,0.0604144681897735,0.553000158562477,-4.14956912631059
"hsa-mir-6760",-1.19498750024039,0.597493750120193,-2.02454736162528,0.0617549587604456,0.554417492817547,-4.16798120718154
"hsa-mir-3181",1.19498750024039,0.597493750120193,2.02454736162528,0.0617549587604456,0.554417492817547,-4.16798120718154
"hsa-mir-4432",1.19498750024039,0.597493750120193,2.02454736162528,0.0617549587604456,0.554417492817547,-4.16798120718154
"hsa-mir-1910",1.38997500048077,1.88997500048077,2.02335850341224,0.0618905242005237,0.554417492817547,-4.16981974071576
"hsa-mir-3922",1.45244447700619,3.94383722950375,2.02089861979894,0.0621718890016688,0.554417492817547,-4.17362208351908
"hsa-mir-522",2,1,2.01811107478548,0.0624921451441744,0.554417492817547,-4.17792797733434
"hsa-mir-3117",1.61216708923904,2.79851018578616,2.01494730170654,0.0628574514727916,0.554813219632293,-4.18281124717258
"hsa-mir-34a",1.57270828594605,8.9232300893517,2.00366918769807,0.0641756072472345,0.563572591562009,-4.20018609050377
"hsa-mir-3131",-2.44181305260175,4.99582089646568,-1.99092171002022,0.0656958226051055,0.574008955085012,-4.21976225761408
"hsa-mir-455",1.55248654388022,12.3644290036491,1.98309719957573,0.0666451183543493,0.576517961767732,-4.23174517891465
"hsa-mir-3912",1.44197667514829,4.3059508382953,1.98306152180471,0.0666494753488708,0.576517961767732,-4.23179975994664
"hsa-mir-6872",1.25162916738782,1.95914791702724,1.97883428791869,0.0671675463502569,0.577197343342555,-4.23826297891234
"hsa-mir-4781",1.47102532764852,4.45798537910151,1.96678395963976,0.0686645402558389,0.577197343342555,-4.25664635126611
"hsa-mir-3142",1.33333333333333,0.666666666666667,1.96459434949126,0.0689397838298093,0.577197343342555,-4.25998016388318
"hsa-mir-508",1.6552614282207,2.6892848810174,1.96323036329072,0.0691117488145932,0.577197343342555,-4.26205589209739
"hsa-mir-1237",1.86397175378764,3.742136727449,1.96222604361944,0.0692386175243699,0.577197343342555,-4.26358377364231
"hsa-mir-551a",1.40098001955676,2.56214417668543,1.96079029621521,0.069420352575399,0.577197343342555,-4.2657672495938
"hsa-mir-8485",1.24859763726798,6.50322088855529,1.95848644704825,0.0697128755051428,0.577197343342555,-4.26926910473747
"hsa-mir-483",1.54446761859297,4.86038134270535,1.95461815530862,0.0702065536357898,0.577197343342555,-4.27514384713802
"hsa-mir-365b",1.48688782977494,7.5931891391879,1.95381626556331,0.070309288052884,0.577197343342555,-4.27636087371751
"hsa-mir-512-1",2.16395103210989,1.41530884938828,1.95210490710378,0.0705289953525596,0.577197343342555,-4.27895728251515
"hsa-mir-6514",1.25622481796451,4.22787294948956,1.95208435772822,0.0705316372956968,0.577197343342555,-4.2789884516645
"hsa-mir-100",1.56782792929447,16.3143775571725,1.95053028607185,0.0707316975656772,0.577197343342555,-4.28134513419192
"hsa-mir-548ap",1.32240875294533,2.994537709806,1.94234412397327,0.0717940386657669,0.58311590090036,-4.29374201967083
"hsa-mir-512-2",2.07627289683196,1.37146978174931,1.93747975527707,0.0724321230571999,0.583356114055071,-4.30109482283115
"hsa-mir-766",1.32619713853838,7.01156070238876,1.93697965242933,0.0724980141744742,0.583356114055071,-4.30185018072002
"hsa-mir-1265",-1.52496961201908,2.48579313982364,-1.93139520263168,0.0732374856436729,0.584278300386507,-4.3102775993178
"hsa-mir-3653",1.39302080682528,7.72026484495326,1.93101492727395,0.0732880873895214,0.584278300386507,-4.31085097532861
"hsa-mir-6856",-1.19498750024039,0.930827083453526,-1.90909994904899,0.0762581278821521,0.599126507718391,-4.34378723235838
"hsa-mir-3678",1.29148970597205,2.56404068704051,1.90654247762212,0.0766117114478907,0.599126507718391,-4.34761708080384
"hsa-mir-5093",-1.30229686520284,0.65114843260142,-1.90475271602551,0.0768600330544203,0.599126507718391,-4.35029554405816
"hsa-mir-548an",1.30229686520284,0.65114843260142,1.90475271602551,0.0768600330544203,0.599126507718391,-4.35029554405816
"hsa-mir-4632",1.26911830735253,1.30122582034293,1.90459370701418,0.0768821298921866,0.599126507718391,-4.35053343963731
"hsa-mir-451b",1.95307039784637,14.6631067579438,1.90172974054201,0.0772811045416332,0.599535026264688,-4.35481633000982
"hsa-mir-519a-1",1.56681323938036,1.11673995302352,1.89402953225182,0.0783630675128286,0.605184077084478,-4.36631334470273
"hsa-mir-451a",1.96553412229609,14.7039274704667,1.89158836648087,0.0787089117595419,0.605184077084478,-4.36995264092725
"hsa-mir-4683",1.43178523096389,3.79216551231391,1.88723434520416,0.0793291617768632,0.607254202982182,-4.37643695952137
"hsa-mir-5009",1.19831552976459,3.76310879699219,1.87658568111317,0.0808646549405349,0.615496393337094,-4.39225952290338
"hsa-mir-517c",1.48647720621243,0.743238603106216,1.87339620089386,0.0813297279316878,0.615496393337094,-4.39698863604727
"hsa-mir-454",1.52901661138541,8.12971705157555,1.87241541786358,0.0814732220082049,0.615496393337094,-4.39844192954239
"hsa-mir-6762",1.44064269829579,2.51776049007415,1.86959383440491,0.0818873024188976,0.615934926889969,-4.40262040506233
"hsa-mir-5708",1.24317359400168,4.56903691147211,1.86378112235855,0.0827462956232015,0.616889865152412,-4.41121690367469
"hsa-mir-6774",1.22855128904188,4.28188064972329,1.86167691409808,0.0830592364328813,0.616889865152412,-4.41432500647286
"hsa-mir-487a",1.41021942546286,5.04820545505418,1.85997183282732,0.0833135953580682,0.616889865152412,-4.41684206216897
"hsa-mir-15a",1.19831835576118,7.95123723657331,1.8576099799802,0.0836670813724008,0.616889865152412,-4.4203264259993
"hsa-mir-3939",1.10730936496245,1.74864218272161,1.85508942861049,0.08404579883658,0.616889865152412,-4.42404205819513
"hsa-mir-4497",-1.17893809386541,6.52914619756745,-1.85278348206369,0.0843936139955779,0.616889865152412,-4.42743874728424
"hsa-mir-4638",1.10033408534427,2.8720951375595,1.85201147846833,0.0845103456885096,0.616889865152412,-4.42857536542691
"hsa-mir-6894",1.5756373098341,4.09608948945231,1.84505739688469,0.0855683692439231,0.621264839795239,-4.4388012924222
"hsa-mir-4520-1",1.19498750024039,1.45914791702724,1.84336320327521,0.0858279171740244,0.621264839795239,-4.4412891624228
"hsa-mir-130a",1.32415496262323,8.51083695245808,1.83723271621014,0.0867729826489535,0.623445342473443,-4.45028031489853
"hsa-mir-6750",1.43580950839742,1.49188078582783,1.83673638999226,0.0868499003098842,0.623445342473443,-4.45100746663049
"hsa-mir-4477b",1.30612874481545,2.20101643566597,1.82659159180039,0.0884354616938988,0.628704373812519,-4.46584473464475
"hsa-mir-4530",1.38997500048077,0.694987500240385,1.82576835531756,0.0885652524268618,0.628704373812519,-4.46704661450842
"hsa-mir-607",1.16395103210989,2.35595154768407,1.82144685335182,0.0892493633338456,0.628704373812519,-4.47335046701647
"hsa-mir-3174",1.51083169360901,2.88618832106409,1.82090461927339,0.089335532483201,0.628704373812519,-4.47414080367962
"hsa-mir-185",1.20017135646239,12.0535455533412,1.82050188157795,0.0893995814785431,0.628704373812519,-4.47472772548514
"hsa-mir-1185-1",1.46714200506724,4.7527887825216,1.80764206594318,0.0914663271457278,0.634424224803008,-4.49342777004826
"hsa-mir-3189",1.19498750024039,0.597493750120193,1.80063640523822,0.092610001954489,0.634424224803008,-4.50358141610644
"hsa-mir-3187",1.30229686520284,2.92026673995395,1.80045220910334,0.0926402424878956,0.634424224803008,-4.50384805901026
"hsa-mir-548j",1.15644432123547,5.21485318854108,1.80036325170357,0.0926548502707571,0.634424224803008,-4.50397682811028
"hsa-mir-6509",1.25162916738782,1.29248125036058,1.79801183446052,0.0930417205663394,0.634424224803008,-4.50737919381261
"hsa-mir-7152",1.28266563551832,1.74864218272161,1.7935735864709,0.0937758357333172,0.634424224803008,-4.51379373361246
"hsa-mir-519a-2",1.33333333333333,0.666666666666667,1.79356391558178,0.0937774409525713,0.634424224803008,-4.51380770030623
"hsa-mir-4645",1.2857985348524,3.77936291280543,1.79061149011629,0.0942686384221921,0.634424224803008,-4.5180694504716
"hsa-mir-3909",1.24498486445362,7.11008371180128,1.78975027094787,0.0944123490139412,0.634424224803008,-4.51931179312657
"hsa-mir-3177",1.07166384972346,4.65059722750034,1.78852445116339,0.0946172347902133,0.634424224803008,-4.52107945862466
"hsa-mir-622",-1.27237864761673,3.73592532993746,-1.78611582341988,0.0950209646961217,0.634424224803008,-4.52455061410295
"hsa-let-7c",1.15877653600598,12.9567491808094,1.78595951000906,0.09504721830507,0.634424224803008,-4.52477578405263
"hsa-mir-424",1.36805204042995,8.64147872983338,1.78471988430468,0.0952556470723814,0.634424224803008,-4.52656104256687
"hsa-mir-6805",1.30827083453526,1.98746875060096,1.78417736102562,0.0953469933229954,0.634424224803008,-4.52734212430595
"hsa-mir-6802",1.19498750024038,2.64058808910185,1.7749127316407,0.0969189146957446,0.641343176891039,-4.54065814526586
"hsa-mir-3913-2",1.26244192476548,5.62340900352118,1.77368885356765,0.0971282730320533,0.641343176891039,-4.54241403948096
"hsa-mir-6738",1.25162916738782,1.8208020839343,1.77087083787723,0.0976118468937997,0.642085532799519,-4.5464542049254
"hsa-mir-4770",1.9288654539636,2.26672959218464,1.76677823839931,0.0983179270463851,0.642228957361379,-4.55231467994799
"hsa-mir-323b",1.32199526329878,5.09406697111181,1.76284826467735,0.0990001894662836,0.642228957361379,-4.55793439738491
"hsa-mir-8062",1.35633298993008,4.95388122529313,1.76109056625118,0.0993066838808957,0.642228957361379,-4.56044533530884
"hsa-mir-6875",1.29148970597205,1.50739901989308,1.76107026749765,0.0993102283097469,0.642228957361379,-4.56047432377658
"hsa-mir-5588",1.42095502767308,9.04370019226793,1.76004268353744,0.099489803799335,0.642228957361379,-4.56194153667894
"hsa-mir-3615",1.1159463645698,11.0290463528783,1.75466361295642,0.1004345029025,0.645520066646413,-4.56961325004738
"hsa-mir-518b",2.0487855101013,1.8860469219577,1.75288218182325,0.100749104315845,0.645520066646413,-4.57215073734232
"hsa-mir-1277",1.20383277837159,6.24783792400475,1.75079368098668,0.101119039341721,0.645520066646413,-4.57512357411801
"hsa-mir-7702",1.10730936496245,2.08197551605495,1.74751265580983,0.101702620908661,0.646153793937101,-4.57978942421197
"hsa-mir-15b",1.1326136322821,10.1193021110525,1.74512822098411,0.102128587555343,0.646153793937101,-4.58317683034069
"hsa-mir-16-1",1.17447460901693,11.4899956437654,1.74395468650957,0.102338808981945,0.646153793937101,-4.58484293004426
"hsa-mir-124-2",1.19498750024039,1.12581458369391,1.73554530031625,0.103856389944613,0.653351107651568,-4.59676141365049
"hsa-mir-548x-2",1.05664166714744,1.19498750024039,1.72811949705163,0.105212867415997,0.658903357680067,-4.60725575114157
"hsa-mir-138-1",1.23439889124658,6.50106088042562,1.72175122689471,0.106388518601395,0.658903357680067,-4.61623291579662
"hsa-mir-514a-3",1.39743093815692,3.22703630265218,1.72120373285457,0.106490127321538,0.658903357680067,-4.61700372269289
"hsa-mir-6814",-1,0.5,-1.72031505666325,0.1066552366215,0.658903357680067,-4.61825454290132
"hsa-mir-4492",-1.27923029302989,6.61580335933724,-1.72016917670035,0.106682361431265,0.658903357680067,-4.61845983120275
"hsa-mir-4458",1.05664166714744,0.861654166907052,1.71619595276574,0.10742346676619,0.658903357680067,-4.624046866276
"hsa-mir-621",-1.05664166714744,0.861654166907052,-1.71619595276574,0.10742346676619,0.658903357680067,-4.624046866276
"hsa-mir-6818",1.42918170028723,3.94575316931006,1.70860157202399,0.108852555009753,0.658903357680067,-4.63470299003149
"hsa-mir-3195",-1.17009821176091,9.13633956577605,-1.70850331467006,0.108871153221879,0.658903357680067,-4.63484066327227
"hsa-let-7e",1.20872446100334,12.8942533673526,1.70839092024593,0.108892430713799,0.658903357680067,-4.63499813846441
"hsa-mir-3685",1.13834583309295,1.09749375012019,1.70522545084844,0.109493183424211,0.658903357680067,-4.63943054144867
"hsa-mir-146a",1.11630537231642,16.4534049582404,1.70481671241766,0.109570965840371,0.658903357680067,-4.64000248846408
"hsa-mir-3180-3",1.10730936496245,0.88698801581456,1.70419027422566,0.109690269949052,0.658903357680067,-4.64087889216721
"hsa-mir-4323",-1.19498750024039,0.597493750120193,-1.69974546916293,0.1105400392741,0.660058923619503,-4.64709136727847
"hsa-mir-3651",1.13077247425959,1.42704040403685,1.69919480645171,0.110645715520032,0.660058923619503,-4.64786030079368
"hsa-mir-548ah",1.22816605809069,3.03634520927698,1.68223945315129,0.113942994255147,0.666947504142729,-4.67145781086302
"hsa-mir-548v",1.2124766402051,1.99621332058332,1.68112714388709,0.114162263432003,0.666947504142729,-4.67300051497094
"hsa-mir-4671",-1.19498750024039,1.45914791702724,-1.68062296346529,0.114261773236393,0.666947504142729,-4.67369956420887
"hsa-mir-22",1.15879264591219,15.0941224186155,1.68049935211749,0.114286181854931,0.666947504142729,-4.67387093135082
"hsa-mir-6815",1.26665846389734,2.43076837287492,1.68043355474785,0.114299176224856,0.666947504142729,-4.67396214542977
"hsa-mir-6887",-1.47207036334606,3.79267684882047,-1.67132069636782,0.116111340251617,0.666947504142729,-4.68657276882543
"hsa-mir-6500",1.27716106431683,3.69522219930585,1.66737923616036,0.116902831807521,0.666947504142729,-4.69201323287171
"hsa-mir-548ab",1.09513407295408,3.18319723501321,1.66410078844941,0.117564746487232,0.666947504142729,-4.69653213815521
"hsa-mir-492",-1.50083344684306,2.91436775553142,-1.66363772365762,0.117658500302714,0.666947504142729,-4.69716994281811
"hsa-mir-2355",1.24291502912041,4.76702802860594,1.6604413039993,0.118307429801997,0.666947504142729,-4.70156937775791
"hsa-mir-940",1.16732437868337,4.13461051367568,1.65511368104941,0.119395927221411,0.666947504142729,-4.70888978802493
"hsa-mir-519b",1.30229686520284,0.984481765934753,1.65038970447876,0.120368337393761,0.666947504142729,-4.71536781939691
"hsa-mir-1915",-1.30229686520284,0.984481765934753,-1.65038970447876,0.120368337393761,0.666947504142729,-4.71536781939691
"hsa-mir-1271",1.15927587518886,7.10239390062383,1.64812501777691,0.120836938920836,0.666947504142729,-4.71846907833185
"hsa-mir-6843",1.3987990709345,1.89438703570764,1.64748706554726,0.120969226457216,0.666947504142729,-4.71934218214659
"hsa-mir-548e",1.02735921057015,6.96177824125701,1.64481300146214,0.121525091465056,0.666947504142729,-4.72299948751882
"hsa-mir-106a",1.22772888224495,6.92649860880455,1.64292370310423,0.121919155043684,0.666947504142729,-4.72558110499567
"hsa-mir-1204",1.05664166714744,0.528320833573719,1.64029945885051,0.122468343023028,0.666947504142729,-4.72916372562108
"hsa-mir-6499",1.05664166714744,0.528320833573719,1.64029945885051,0.122468343023028,0.666947504142729,-4.72916372562108
"hsa-mir-211",1.05664166714744,0.528320833573719,1.64029945885051,0.122468343023028,0.666947504142729,-4.72916372562108
"hsa-mir-524",1.05664166714744,0.528320833573719,1.64029945885051,0.122468343023028,0.666947504142729,-4.72916372562108
"hsa-mir-8066",-1.05664166714744,0.528320833573719,-1.64029945885051,0.122468343023028,0.666947504142729,-4.72916372562108
"hsa-mir-4634",-1.11643799422748,5.07729378026522,-1.6383516931333,0.122877341528542,0.666947504142729,-4.73182036368028
"hsa-mir-6132",1.19498750024039,0.930827083453526,1.62968522140515,0.124711482545457,0.666947504142729,-4.74361549640784
"hsa-mir-548a-3",1.048408186938,2.91417909394977,1.62874049166823,0.124912841575401,0.666947504142729,-4.74489876379699
"hsa-mir-526a-2",1.10730936496245,0.553654682481227,1.62780139107254,0.125113278467743,0.666947504142729,-4.74617389324737
"hsa-mir-378d-2",-0.991950148915334,10.4451870883994,-1.62442664670136,0.125835855908163,0.666947504142729,-4.75075213735686
"hsa-mir-6724-3",1.36248761375011,2.87623130711544,1.62201769499463,0.126353840174138,0.666947504142729,-4.75401628512595
"hsa-mir-3120",1.17326967612883,10.5874471360253,1.62098764989326,0.126575884977966,0.666947504142729,-4.75541101511329
"hsa-mir-6744",-1.64515324926843,3.59655265626334,-1.61931024295261,0.126938199026119,0.666947504142729,-4.75768103435402
"hsa-mir-610",1.05664166714744,1.19498750024039,1.61569917418899,0.127721206127951,0.666947504142729,-4.76256251409057
"hsa-mir-16-2",1.12637493120035,12.2141146151231,1.61562832622965,0.127736609914119,0.666947504142729,-4.76265821396791
"hsa-mir-3605",1.20460092465196,6.87084816958377,1.61547774131036,0.127769355441156,0.666947504142729,-4.76286161143533
"hsa-mir-3138",1.22816605809069,2.21653466973121,1.61503735529162,0.127865161244583,0.666947504142729,-4.76345637486879
"hsa-mir-214",1.17768489522056,10.595788296542,1.6087382088139,0.129242310230364,0.666947504142729,-4.77195175587922
"hsa-mir-664a",1.06311368015416,8.37978777858879,1.60792170165515,0.129421748077169,0.666947504142729,-4.77305130704754
"hsa-mir-181b-2",1.08688219656426,11.7421918594797,1.60503730059666,0.130057345080381,0.666947504142729,-4.77693257895086
"hsa-mir-328",1.11243687948068,11.0624991786784,1.60372947384516,0.130346414807961,0.666947504142729,-4.77869085109458
"hsa-mir-548p",1.04446637513907,3.15786338610571,1.60114781985887,0.130918657264463,0.666947504142729,-4.78215884334138
"hsa-mir-6513",1.32764216221369,3.80028472648608,1.60066015245416,0.13102699384228,0.666947504142729,-4.78281351349499
"hsa-mir-181a-1",1.07741397123398,13.8332180234331,1.59525769151342,0.132232314224762,0.666947504142729,-4.79005702370832
"hsa-mir-199a-1",1.14323726631845,15.3598207944256,1.59500351145185,0.132289256437856,0.666947504142729,-4.79039741434935
"hsa-mir-542",1.20798155727895,7.21398453362882,1.59150687155675,0.133074718107021,0.666947504142729,-4.79507627667695
"hsa-mir-181b-1",1.06247652811657,11.6640936990605,1.58926635440994,0.133580108011396,0.666947504142729,-4.79807064985633
"hsa-mir-1273d",0.971492404587732,7.96970709904347,1.58332681644258,0.134927830577923,0.666947504142729,-4.80599473209672
"hsa-mir-591",-1,1.16666666666667,-1.58261829846347,0.135089371307099,0.666947504142729,-4.80693863244056
"hsa-mir-6859-3",1,0.833333333333333,1.58261829846347,0.135089371307099,0.666947504142729,-4.80693863244056
"hsa-mir-7850",1,0.833333333333333,1.58261829846346,0.135089371307099,0.666947504142729,-4.80693863244056
"hsa-mir-509-3",1.54149695496926,3.60136617626119,1.58253106403925,0.135109272005596,0.666947504142729,-4.80705482776506
"hsa-mir-1229",1.16395103210989,2.6892848810174,1.58175457852982,0.135286521213597,0.666947504142729,-4.80808890549677
"hsa-mir-32",1.07846297353798,10.9862391715185,1.58092099629671,0.135477024960981,0.666947504142729,-4.80919863550177
"hsa-mir-3620",0.941685641263689,5.08141052036994,1.57663613883114,0.136459888729191,0.666947504142729,-4.81489666069817
"hsa-mir-3928",0.959116534781472,5.24681892140777,1.57513373862536,0.136805948109455,0.666947504142729,-4.81689205348551
"hsa-mir-4742",1.49514227572341,3.35216486826739,1.57405170733157,0.137055644138956,0.666947504142729,-4.8183283314223
"hsa-mir-503",1.42441567866562,7.18002694034506,1.57399725499502,0.137068220151557,0.666947504142729,-4.81840059304982
"hsa-mir-4677",0.99555986437125,6.12683760127561,1.57297340300583,0.137304866641928,0.666947504142729,-4.81975898898172
"hsa-mir-199a-2",1.13031379031988,15.3531223553881,1.57253751399914,0.137405720862309,0.666947504142729,-4.82033712084784
"hsa-mir-548a-1",0.928723197388992,3.10990757836202,1.57090423522779,0.137784184062948,0.666947504142729,-4.82250240646929
"hsa-mir-3179-1",1.05664166714744,1.52832083357372,1.56964646465897,0.138076239702308,0.666947504142729,-4.82416881670743
"hsa-mir-760",0.984021840978768,6.14055697109799,1.55878169033575,0.14062106994958,0.666947504142729,-4.83852520191894
"hsa-mir-4755",0.989273198083616,3.91376587993936,1.55861056749435,0.140661468618788,0.666947504142729,-4.83875076820739
"hsa-mir-4522",-1.38400103114835,1.74864218272161,-1.55534797885509,0.141433589380892,0.666947504142729,-4.8430480879082
"hsa-mir-365a",1.3139416649387,7.75734376794409,1.55461719553109,0.141607028538803,0.666947504142729,-4.84400978541605
"hsa-mir-361",1.02671513979746,13.5767975722875,1.55418900592566,0.141708736068572,0.666947504142729,-4.84457312974592
"hsa-mir-21",1.13718922878063,20.0969020505695,1.55400945161043,0.141751403919075,0.666947504142729,-4.84480932701109
"hsa-mir-520h",1.29148970597205,1.17406568655974,1.55189375480074,0.142254983362132,0.666947504142729,-4.84759102649057
"hsa-mir-29b-1",1.02868869568893,10.5722628216037,1.54993173865887,0.142723340072495,0.666947504142729,-4.85016831986092
"hsa-mir-664b",0.998244957392641,4.75683554760288,1.5487634901281,0.14300283601226,0.666947504142729,-4.85170184996951
"hsa-mir-548w",1.12452028776756,3.74003672131906,1.54784297772068,0.143223389635854,0.666947504142729,-4.85290961765152
"hsa-mir-6798",0.968963531869506,1.92512446423054,1.54441524312294,0.144047209534491,0.666947504142729,-4.85740262235379
"hsa-mir-3619",1.10730936496245,0.88698801581456,1.54417137494137,0.144105973432937,0.666947504142729,-4.85772201583085
"hsa-mir-939",1.13077247425959,3.15034873785095,1.54043251444768,0.145009457371764,0.666947504142729,-4.8626143935461
"hsa-mir-181d",1.05113296087886,10.0289467185552,1.53815065286578,0.145563216009842,0.666947504142729,-4.86559619454486
"hsa-mir-30a",1.1253775424179,14.6931808705943,1.53232737568728,0.146984517107756,0.666947504142729,-4.87319171070973
"hsa-mir-3913-1",1.00599428687869,5.66174377888063,1.53182532260211,0.147107602025818,0.666947504142729,-4.87384561359954
"hsa-mir-1261",-1.03251843647423,3.15786338610571,-1.53034117259898,0.147471970507848,0.666947504142729,-4.87577777873433
"hsa-mir-3613",1.07349184957423,9.95026048433088,1.5289580886024,0.147812212881251,0.666947504142729,-4.87757718815661
"hsa-mir-3941",0.991334930489018,3.48809410641115,1.52521557830994,0.148736206858345,0.666947504142729,-4.88244051781004
"hsa-mir-1279",1,0.5,1.52510920729382,0.148762540068306,0.666947504142729,-4.88257862288836
"hsa-mir-3686",1,0.5,1.52510920729382,0.148762540068306,0.666947504142729,-4.88257862288836
"hsa-mir-4783",-1,0.5,-1.52510920729382,0.148762540068306,0.666947504142729,-4.88257862288836
"hsa-mir-608",-1,0.5,-1.52510920729382,0.148762540068306,0.666947504142729,-4.88257862288836
"hsa-mir-617",-1,0.5,-1.52510920729382,0.148762540068306,0.666947504142729,-4.88257862288836
"hsa-mir-6823",1,0.5,1.52510920729382,0.148762540068306,0.666947504142729,-4.88257862288836
"hsa-mir-7855",1,0.5,1.52510920729382,0.148762540068306,0.666947504142729,-4.88257862288836
"hsa-mir-8085",1,0.5,1.52510920729382,0.148762540068306,0.666947504142729,-4.88257862288836
"hsa-mir-7157",1,0.5,1.52510920729382,0.148762540068306,0.666947504142729,-4.88257862288836
"hsa-mir-6771",1,0.5,1.52510920729381,0.148762540068306,0.666947504142729,-4.88257862288836
"hsa-mir-6084",-1.13077247425959,0.898719570463127,-1.52346297702483,0.149170582835564,0.666947504142729,-4.88471511636278
"hsa-mir-181a-2",1.06242582771825,13.9092843190552,1.52318411205881,0.149239797145684,0.666947504142729,-4.88507686938128
"hsa-mir-212",1.01100310609057,8.58265653970277,1.52033087512728,0.149949528946727,0.666947504142729,-4.88877550773368
"hsa-mir-640",0.968963531869506,1.15114843260142,1.51519182422528,0.151235027733078,0.666947504142729,-4.89542491186221
"hsa-mir-6867",0.968963531869506,1.15114843260142,1.51519182422528,0.151235027733078,0.666947504142729,-4.89542491186221
"hsa-mir-18b",1.16257899595248,3.00975690426366,1.51358289149047,0.151639394773629,0.666947504142729,-4.89750344066743
"hsa-mir-548ai",0.91829583405449,1.12581458369391,1.51258538407871,0.151890551470131,0.666947504142729,-4.89879130541245
"hsa-mir-29a",0.987628729991615,15.2857575001915,1.51208617362749,0.152016376247274,0.666947504142729,-4.89943560224171
"hsa-mir-3160-1",1,1.02832083357372,1.51066249151445,0.152375693820604,0.666947504142729,-4.90127222569929
"hsa-mir-520c",1.44064269829579,0.720321349147894,1.50943230926482,0.15268675004615,0.666947504142729,-4.90285823883092
"hsa-mir-1179",0.968963531869506,1.3461359328418,1.50652252497139,0.153424626459959,0.666947504142729,-4.90660603889157
"hsa-mir-199b",1.09736457189703,15.2275782250426,1.50321706686057,0.15426647438018,0.666947504142729,-4.91085724689771
"hsa-mir-1276",1.10730936496245,2.1892848810174,1.49461568182268,0.15647531188513,0.666947504142729,-4.92188853173685
"hsa-mir-1254-2",0.913862383968861,5.46984704405687,1.49413753092945,0.156598875536843,0.666947504142729,-4.92250043841808
"hsa-mir-4502",0.912321864722069,2.51280259950847,1.49242565279434,0.157041929620199,0.666947504142729,-4.92469004503551
"hsa-mir-4732",1.37380339105789,2.81767416978853,1.49213178490557,0.157118091623342,0.666947504142729,-4.92506574166032
"hsa-mir-378d-1",-0.904484350023669,10.4834732774176,-1.4887032480332,0.158008957819038,0.666947504142729,-4.92944506553904
"hsa-mir-6749",1.19646946858412,2.51653056834655,1.48809792670386,0.158166682213284,0.666947504142729,-4.93021750443342
"hsa-mir-494",1.28512575662999,7.17000235356218,1.4846706358195,0.159062195471332,0.666947504142729,-4.93458676624289
"hsa-mir-5787",-0.925253241914261,7.1332686430594,-1.48252950572128,0.159623799111539,0.666947504142729,-4.93731271247223
"hsa-mir-4470",1.06655744827879,2.97392142243518,1.48250978192319,0.15962898022581,0.666947504142729,-4.93733781041357
"hsa-mir-222",1.06502945407574,13.7685508306462,1.4813211406594,0.15994147623695,0.666947504142729,-4.93884987885949
"hsa-mir-4646",1.23347990604703,2.43655049256928,1.4812804023562,0.159952195471392,0.666947504142729,-4.93890168656989
"hsa-let-7a-3",0.994518623495908,16.1422414943448,1.47975607360289,0.160353715131304,0.666947504142729,-4.94083947112958
"hsa-mir-943",1.12359475374304,3.39241507564808,1.47847740177896,0.160691176219477,0.666947504142729,-4.94246386291578
"hsa-let-7a-2",0.990820681948247,16.1231048264279,1.4768053282107,0.161133357059744,0.666947504142729,-4.94458650041084
"hsa-mir-577",0.984808140832515,6.85653257702272,1.4759732353248,0.161353782913441,0.666947504142729,-4.94564216931606
"hsa-mir-380",1.11367897261169,3.3874571850824,1.47281856750337,0.162191759006891,0.666947504142729,-4.94964058146205
"hsa-mir-103b-2",1.03771271720387,12.3966170422447,1.46902689266123,0.16320374531395,0.666947504142729,-4.95443821980245
"hsa-mir-599",1.16559949036726,3.39015466724123,1.46899639489378,0.163211906368065,0.666947504142729,-4.9544767727431
"hsa-mir-6746",1.13077247425959,1.23205290379646,1.46876069850383,0.163274989049386,0.666947504142729,-4.95477470258779
"hsa-mir-103a-1",1.03194004767183,11.9630914414574,1.46860577810167,0.163316463605884,0.666947504142729,-4.95497050950968
"hsa-let-7a-1",0.98210001520599,16.1481792982173,1.46711934934923,0.163714849772723,0.666947504142729,-4.95684847832101
"hsa-mir-103a-2",1.04245596997544,11.9442801775275,1.46701478587522,0.16374290488091,0.666947504142729,-4.95698053317724
"hsa-mir-2682",1.09650220573166,1.9382261033466,1.46577844304112,0.164074928069165,0.666947504142729,-4.95854141474276
"hsa-mir-3929",0.874590070071895,7.37591430061615,1.46237936445182,0.164990651000547,0.666947504142729,-4.96282784595384
"hsa-mir-3136",0.968963531869507,1.67946926617514,1.45919176546299,0.165853261940811,0.666947504142729,-4.96684104614706
"hsa-mir-498",1.05664166714744,0.861654166907052,1.45838485057739,0.166072218949698,0.666947504142729,-4.96785594918055
"hsa-mir-718",-1.05664166714744,0.861654166907052,-1.45838485057739,0.166072218949698,0.666947504142729,-4.96785594918055
"hsa-mir-5090",0.968963531869506,2.48448176593475,1.45664648318624,0.166544743122884,0.666947504142729,-4.97004101050313
"hsa-mir-135a-2",1.89767408219287,4.24356054746591,1.45133284390142,0.167996032589807,0.666947504142729,-4.97670832089285
"hsa-let-7g",1.01676073446928,18.3962956167733,1.45114882896877,0.168046479271707,0.666947504142729,-4.97693889717268
"hsa-mir-124-1",1.08767813527793,1.31781509926809,1.45035026819368,0.168265546034548,0.666947504142729,-4.97793927163494
"hsa-mir-5001",1.0516060363507,4.90223069049034,1.44946116571544,0.168509729635659,0.666947504142729,-4.97905259835248
"hsa-mir-663a",-0.902625133386292,5.18606771873876,-1.44772075982157,0.168988566833272,0.666947504142729,-4.98123048161493
"hsa-mir-659",0.925243314129106,6.05803635653761,1.44716097445333,0.169142820056201,0.666947504142729,-4.98193057249833
"hsa-mir-573",1.13077247425959,2.00602893542558,1.4470517372997,0.169172934819149,0.666947504142729,-4.98206716603041
"hsa-mir-215",1.12704739220516,17.266163137088,1.44521950345627,0.169678712572304,0.666947504142729,-4.98435712809302
"hsa-mir-103b-1",1.0269378887787,12.4058707312054,1.44235665078193,0.170471495707718,0.666947504142729,-4.98793094124613
"hsa-mir-4532",-0.934139510220033,9.3793833015326,-1.44157898864323,0.170687375684267,0.666947504142729,-4.98890083450583
"hsa-mir-1301",0.995289998893233,9.12411030278097,1.4398720628272,0.171162014394848,0.666947504142729,-4.99102835725983
"hsa-mir-548f-1",0.901854424855441,6.8131937743022,1.43821835144215,0.171622897601774,0.666947504142729,-4.99308779590419
"hsa-mir-3135a",0.880145895125549,6.18109260435108,1.43003203541348,0.173919539396959,0.666947504142729,-5.00325703692983
"hsa-mir-2278",-0.885117276204185,2.21653466973121,-1.42994029181337,0.173945420921202,0.666947504142729,-5.00337076182082
"hsa-mir-7844",-1,1.16666666666667,-1.42670033395304,0.174861477675402,0.666947504142729,-5.00738355953041
"hsa-mir-3164",0.925869192887851,2.26037373737018,1.42617877790509,0.175009312414279,0.666947504142729,-5.00802889918134
"hsa-mir-6134",1,1.02832083357372,1.42562303400298,0.175166951159005,0.666947504142729,-5.00871634969695
"hsa-mir-6827",0.935784974019201,1.99621332058332,1.42545447682656,0.175214786153025,0.666947504142729,-5.00892481454886
"hsa-mir-4649",1.1531438728791,0.909905269772883,1.41913493855287,0.177016002573654,0.666947504142729,-5.01672746833766
"hsa-mir-4311",-1.1531438728791,1.96654693692032,-1.41882416861368,0.177104971422236,0.666947504142729,-5.01711051270853
"hsa-mir-4498",0.898664604369967,2.33061769877656,1.41736826145697,0.177522266722351,0.666947504142729,-5.01890418950686
"hsa-mir-516a-2",1.23347990604703,0.616739953023515,1.41678574419319,0.177689455706129,0.666947504142729,-5.01962146965825
"hsa-mir-519d",1.23347990604703,0.616739953023515,1.41678574419319,0.177689455706129,0.666947504142729,-5.01962146965825
"hsa-mir-4640",0.91829583405449,1.98746875060096,1.41654431521372,0.177758786515385,0.666947504142729,-5.01991868838065
"hsa-mir-877",0.926094206461362,7.01500712409714,1.41497993002729,0.178208568531068,0.666947504142729,-5.02184366703842
"hsa-mir-6861",0.901514705491277,2.70238652013346,1.41390426297573,0.178518380479074,0.666947504142729,-5.02316636505912
"hsa-mir-6857",0.903656795211088,2.58260087186513,1.41311383324521,0.178746321133864,0.666947504142729,-5.02413784583216
"hsa-mir-1249",0.940276622055103,5.9929685016563,1.40640203891552,0.180691498251188,0.666947504142729,-5.03237078929963
"hsa-mir-330",0.926043410400474,10.1444957168668,1.40242232801595,0.181853064076563,0.666947504142729,-5.0372387212385
"hsa-mir-1973",-1.10730936496245,1.22032134914789,-1.39952493769515,0.182702578390666,0.666947504142729,-5.04077632281545
"hsa-mir-1244-4",0.861654166907052,0.764160416786859,1.39949752116228,0.182710632424407,0.666947504142729,-5.04080977134982
"hsa-mir-1289-2",0.861654166907052,0.764160416786859,1.39949752116228,0.182710632424407,0.666947504142729,-5.04080977134982
"hsa-mir-3180-1",0.861654166907052,0.764160416786859,1.39949752116228,0.182710632424407,0.666947504142729,-5.04080977134982
"hsa-mir-3193",0.861654166907052,0.764160416786859,1.39949752116228,0.182710632424407,0.666947504142729,-5.04080977134982
"hsa-mir-4736",0.861654166907052,0.764160416786859,1.39949752116228,0.182710632424407,0.666947504142729,-5.04080977134982
"hsa-mir-4782",0.861654166907052,0.764160416786859,1.39949752116228,0.182710632424407,0.666947504142729,-5.04080977134982
"hsa-mir-6770-1",0.861654166907052,0.764160416786859,1.39949752116228,0.182710632424407,0.666947504142729,-5.04080977134982
"hsa-mir-3199-1",1.0184274785004,3.14484393778637,1.39754147191466,0.183286003802531,0.666947504142729,-5.04319491855609
"hsa-mir-29b-2",0.902275083663438,10.57566221133,1.39427807623525,0.184249234224612,0.666947504142729,-5.04716867168294
"hsa-mir-326",0.908777817265175,8.79213439114945,1.39252761404585,0.184767609345342,0.666947504142729,-5.049297309633
"hsa-mir-548av",0.824643729444137,1.80229686520284,1.39077949592088,0.185286480611813,0.666947504142729,-5.05142110489215
"hsa-mir-484",0.954331683435536,11.626409988971,1.39002551805439,0.185510641659455,0.666947504142729,-5.05233650037241
"hsa-mir-378c",-0.848505638858736,11.9887776964601,-1.38474387997961,0.187087119873793,0.666947504142729,-5.058738464179
"hsa-mir-7108",-0.89541527885278,4.54934819595361,-1.37916045468424,0.188765553980413,0.666947504142729,-5.06548637266116
"hsa-mir-3065",1.0381717291205,8.64541886211808,1.37911947581241,0.188777917893709,0.666947504142729,-5.06553582250611
"hsa-mir-374a",0.924346046008733,11.7976447892466,1.37776082090816,0.189188217553801,0.666947504142729,-5.06717470789322
"hsa-mir-3684",0.861654166907052,1.09749375012019,1.37656998571885,0.189548434883021,0.666947504142729,-5.06861016186042
"hsa-mir-935",0.92497781478841,3.29310660617076,1.37434474341889,0.19022304914293,0.666947504142729,-5.07129000760288
"hsa-mir-520d",1.1531438728791,0.57657193643955,1.37333611416177,0.190529473002433,0.666947504142729,-5.07250361955282
"hsa-mir-4279",-0.968963531869506,0.817815099268086,-1.37288270939702,0.190667349271362,0.666947504142729,-5.0730489508475
"hsa-mir-374c",0.93331450660437,10.3990569823516,1.36896688082917,0.191861499396004,0.666947504142729,-5.0777530580734
"hsa-mir-4743",0.968963531869506,1.15114843260142,1.36896338392035,0.191862568506898,0.666947504142729,-5.07775725440436
"hsa-mir-505",0.956731512708746,10.010514169159,1.36879325642172,0.191914587485184,0.666947504142729,-5.07796139960546
"hsa-mir-1305",0.861654166907052,0.430827083453526,1.36750277138337,0.192309545739753,0.666947504142729,-5.07950929941249
"hsa-mir-3122",-0.861654166907052,0.430827083453526,-1.36750277138337,0.192309545739753,0.666947504142729,-5.07950929941249
"hsa-mir-3666",0.861654166907052,0.430827083453526,1.36750277138337,0.192309545739753,0.666947504142729,-5.07950929941249
"hsa-mir-3914-1",-0.861654166907052,0.430827083453526,-1.36750277138337,0.192309545739753,0.666947504142729,-5.07950929941249
"hsa-mir-3923",0.861654166907052,0.430827083453526,1.36750277138337,0.192309545739753,0.666947504142729,-5.07950929941249
"hsa-mir-3927",0.861654166907052,0.430827083453526,1.36750277138337,0.192309545739753,0.666947504142729,-5.07950929941249
"hsa-mir-4275",-0.861654166907052,0.430827083453526,-1.36750277138337,0.192309545739753,0.666947504142729,-5.07950929941249
"hsa-mir-4288",0.861654166907052,0.430827083453526,1.36750277138337,0.192309545739753,0.666947504142729,-5.07950929941249
"hsa-mir-4304",-0.861654166907052,0.430827083453526,-1.36750277138337,0.192309545739753,0.666947504142729,-5.07950929941249
"hsa-mir-4329",0.861654166907052,0.430827083453526,1.36750277138337,0.192309545739753,0.666947504142729,-5.07950929941249
"hsa-mir-4506",0.861654166907052,0.430827083453526,1.36750277138337,0.192309545739753,0.666947504142729,-5.07950929941249
"hsa-mir-4686",-0.861654166907052,0.430827083453526,-1.36750277138337,0.192309545739753,0.666947504142729,-5.07950929941249
"hsa-mir-4788",0.861654166907052,0.430827083453526,1.36750277138337,0.192309545739753,0.666947504142729,-5.07950929941249
"hsa-mir-548bb",0.861654166907052,0.430827083453526,1.36750277138337,0.192309545739753,0.666947504142729,-5.07950929941249
"hsa-mir-5703",0.861654166907052,0.430827083453526,1.36750277138337,0.192309545739753,0.666947504142729,-5.07950929941249
"hsa-mir-6126",0.861654166907052,0.430827083453526,1.36750277138337,0.192309545739753,0.666947504142729,-5.07950929941249
"hsa-mir-626",-0.861654166907052,0.430827083453526,-1.36750277138337,0.192309545739753,0.666947504142729,-5.07950929941249
"hsa-mir-6801",-0.861654166907052,0.430827083453526,-1.36750277138337,0.192309545739753,0.666947504142729,-5.07950929941249
"hsa-mir-759",0.861654166907052,0.430827083453526,1.36750277138337,0.192309545739753,0.666947504142729,-5.07950929941249
"hsa-mir-8055",0.861654166907052,0.430827083453526,1.36750277138337,0.192309545739753,0.666947504142729,-5.07950929941249
"hsa-mir-936",0.861654166907052,0.430827083453526,1.36750277138337,0.192309545739753,0.666947504142729,-5.07950929941249
"hsa-mir-4434",0.861654166907052,0.430827083453526,1.36750277138337,0.192309545739754,0.666947504142729,-5.07950929941249
"hsa-mir-6767",0.861654166907052,0.430827083453526,1.36750277138337,0.192309545739754,0.666947504142729,-5.07950929941249
"hsa-mir-203a",-0.997175645276201,13.0038883249163,-1.36707027019945,0.192442062246974,0.666947504142729,-5.08002782574962
"hsa-mir-6743",0.935784974019201,1.99621332058332,1.36619563645326,0.192710273079353,0.666947504142729,-5.08107604722547
"hsa-mir-4449",-0.862512148128327,5.14101707971249,-1.36572895370196,0.192853507925265,0.666947504142729,-5.08163514487063
"hsa-mir-4479",1.0973935838311,2.42026673995395,1.3652770924777,0.192992276141225,0.666947504142729,-5.08217634852648
"hsa-mir-6803",0.877537634772505,3.57168338136565,1.36347314928928,0.193547082142596,0.666947504142729,-5.08433562094765
"hsa-mir-4688",0.925869192887851,2.06538623712979,1.36314032313101,0.193649584820851,0.666947504142729,-5.08473376935446
"hsa-mir-422a",-0.910485917128041,8.36346732287993,-1.3615249400374,0.194147711308451,0.666947504142729,-5.08666515227245
"hsa-mir-338",1.01456085558079,8.66455347243124,1.36049314113773,0.194466425169598,0.666947504142729,-5.08789788420036
"hsa-mir-5003",0.861654166907052,1.29248125036058,1.35849164077384,0.195085881855176,0.666947504142729,-5.09028714077571
"hsa-mir-101-2",0.946206876229736,14.4261034296125,1.35837384366513,0.195122389415219,0.666947504142729,-5.09042767605446
"hsa-mir-5187",0.968963531869506,2.01280259950847,1.35799386414521,0.195240190039941,0.666947504142729,-5.09088093944813
"hsa-mir-5096",0.818590075457491,9.84401780633737,1.35744617500709,0.195410085175381,0.666947504142729,-5.0915340883697
"hsa-mir-134",1.09055140401537,9.60005172746147,1.35373457298972,0.196564597603005,0.666947504142729,-5.09595511060436
"hsa-mir-135a-1",1.60519180962086,4.8478323335119,1.35310085011219,0.196762271394103,0.666947504142729,-5.09670904282476
"hsa-mir-6881",0.91829583405449,1.45914791702724,1.35305910505861,0.196775298354719,0.666947504142729,-5.09675869698902
"hsa-mir-203b",-0.987660205586037,13.0126442886558,-1.35304427546273,0.196779926246232,0.666947504142729,-5.09677633595319
"hsa-mir-6855",0.819810539545765,3.04553546830906,1.35219471768392,0.197045196036465,0.666947504142729,-5.09778659175177
"hsa-mir-101-1",0.944906925728683,14.3636314921779,1.35110582612721,0.197385619723166,0.666947504142729,-5.0990807478543
"hsa-mir-501",0.918606408062935,9.89665988623979,1.34904893109837,0.198029972096087,0.667820373735341,-5.10152322185682
"hsa-mir-6721",0.861654166907052,1.8208020839343,1.34475283366251,0.199381274574234,0.671069270454133,-5.10661552005314
"hsa-mir-6515",0.83819105760992,4.98648642392681,1.33878272098568,0.201271482938148,0.675252160988324,-5.11367152346203
"hsa-mir-590",0.900027597367476,6.11035781813741,1.33649863746264,0.201998463304344,0.675252160988324,-5.1163647147178
"hsa-mir-7853",1.05664166714744,1.46410580759292,1.3360056537891,0.202155648041589,0.675252160988324,-5.1169455367682
"hsa-mir-6511a-1",0.919942183991674,3.37826692605033,1.33556514692369,0.202296184262588,0.675252160988324,-5.11746439325643
"hsa-mir-3680-1",-0.912321864722069,0.984481765934753,-1.33278415917158,0.203185229292524,0.675252160988324,-5.12073699258923
"hsa-mir-187",1.69415405339732,2.9835406720779,1.33241987899841,0.203301917569615,0.675252160988324,-5.12116528200032
"hsa-mir-4685",0.919663966832068,3.9956087546659,1.33225020588423,0.2033562866329,0.675252160988324,-5.12136473850993
"hsa-mir-378f",-0.890048714713314,8.93244889010292,-1.32781301014771,0.204782275566674,0.676346095021022,-5.12657390222573
"hsa-mir-619",0.787878062562891,7.96413687480121,1.32714944541438,0.204996216058801,0.676346095021022,-5.1273517662294
"hsa-mir-8086",0.785597814140882,7.86731383052987,1.32639494376695,0.205239693878139,0.676346095021022,-5.12823586856777
"hsa-mir-193a",0.903112917780778,9.88164155298149,1.32543855056258,0.205548656135945,0.676346095021022,-5.12935598672444
"hsa-mir-629",0.823966268673793,11.1309145120867,1.32515450447931,0.205640489006392,0.676346095021022,-5.12968853918031
"hsa-mir-4706",-1.10730936496245,1.55365468248123,-1.31486563718701,0.208989179559389,0.68060292751794,-5.1416974594512
"hsa-mir-582",1.00915516266003,10.0280607273774,1.31378841218994,0.209342294368548,0.68060292751794,-5.14295060020241
"hsa-mir-23a",0.899041141199,15.0091111071003,1.31375714340769,0.209352551421163,0.68060292751794,-5.14298696348683
"hsa-mir-6885",1,2.2233083338141,1.31344500975393,0.209454962228017,0.68060292751794,-5.14334991527237
"hsa-mir-548f-2",0.889099144506154,4.26759391219627,1.31323258895298,0.209524680265293,0.68060292751794,-5.14359688201392
"hsa-mir-4709",0.820041796269127,4.37141107117071,1.31286455760394,0.209645514792745,0.68060292751794,-5.14402469324029
"hsa-mir-4484",0.850847007676259,2.72772036904097,1.31273322710562,0.209688647611018,0.68060292751794,-5.14417733354254
"hsa-mir-7156",1,1.16666666666667,1.3093226382693,0.210811275705598,0.682088353913155,-5.14813719775357
"hsa-mir-452",0.865438444811122,10.1603482478112,1.30894814018094,0.210934837770831,0.682088353913155,-5.14857152379232
"hsa-mir-514a-2",1.13658149817898,3.42994491599654,1.30445165333138,0.212422937002424,0.682776938167045,-5.15377884160573
"hsa-let-7f-1",0.870554460910945,17.0425765845185,1.29862998303192,0.214362044297629,0.682776938167045,-5.160500209155
"hsa-let-7f-2",0.864150536711271,17.1769682540531,1.29100910118814,0.216921741725551,0.682776938167045,-5.16926354521485
"hsa-mir-3149",1.06195551510378,2.69492878966178,1.28760250116084,0.218073787287233,0.682776938167045,-5.17316784668651
"hsa-mir-1976",0.882049961510788,6.50916600897482,1.2832970121696,0.219536770103743,0.682776938167045,-5.17809085293919
"hsa-mir-378h",-0.867674890960553,6.29795329032064,-1.28128737218525,0.220222297246308,0.682776938167045,-5.18038431890985
"hsa-mir-520f",1.40315112187632,1.03490889427149,1.28029692105785,0.220560783493867,0.682776938167045,-5.18151362023914
"hsa-mir-340",0.882727544933363,12.5342685362494,1.27765678591946,0.221465064298715,0.682776938167045,-5.18452053566898
"hsa-mir-518d",1,0.5,1.27619392559746,0.221967376614072,0.682776938167045,-5.18618453188877
"hsa-mir-133b",-0.912141815596935,4.41234509272347,-1.27599990685723,0.222034065882265,0.682776938167045,-5.18640511510521
"hsa-mir-4529",1.01963122968452,2.23312394865637,1.27574970987313,0.222120088494504,0.682776938167045,-5.18668952954834
"hsa-mir-5091",-0.85152961722588,5.08700020616606,-1.27404730472251,0.222706109599425,0.682776938167045,-5.18862359890605
"hsa-mir-548t",0.889141553637709,3.83621267098575,1.27375977425156,0.222805207286824,0.682776938167045,-5.18895005688393
"hsa-mir-1538",0.786631981695461,3.0289461893839,1.27361555285069,0.22285492649013,0.682776938167045,-5.18911378204463
"hsa-mir-331",0.835069951903479,9.87311853779067,1.27221947513248,0.223336667401783,0.682776938167045,-5.19069790668328
"hsa-mir-1289-1",0.844165026942341,2.46517685245283,1.27193099561826,0.22343631491552,0.682776938167045,-5.19102507353133
"hsa-mir-301a",0.924571593437804,5.93302111396715,1.27174931453111,0.223499089823657,0.682776938167045,-5.19123108958712
"hsa-mir-1909",0.916153744334678,2.00602893542558,1.27133574338849,0.223642039992085,0.682776938167045,-5.19169996972279
"hsa-mir-1247",1.0352293001775,6.13349619778319,1.26725724049831,0.22505564280254,0.682776938167045,-5.19631749847002
"hsa-mir-152",0.87755990985116,13.4474404825976,1.26646433289442,0.225331281200564,0.682776938167045,-5.19721384542759
"hsa-mir-4301",0.787523359794903,2.63184351911949,1.26642227057652,0.225345910763794,0.682776938167045,-5.1972613826991
"hsa-mir-5010",0.871417486616059,6.55148448859025,1.26586223583925,0.225540766178759,0.682776938167045,-5.19789419489494
"hsa-mir-4423",-1.05664166714744,1.19498750024039,-1.26556086490858,0.225645678572398,0.682776938167045,-5.19823463839996
"hsa-mir-421",0.873675427089001,7.77833271366069,1.26384204633943,0.22624476544655,0.682776938167045,-5.2001750819267
"hsa-mir-548h-3",0.810986469092035,2.17946926617514,1.26175293093637,0.226974606685048,0.682776938167045,-5.20253077376197
"hsa-mir-485",0.937095766500628,7.82595333740999,1.26154354268805,0.227047859609715,0.682776938167045,-5.20276671128068
"hsa-mir-412",0.97799089902758,6.17420257444103,1.26124200200857,0.22715338413042,0.682776938167045,-5.20310643145795
"hsa-mir-4739",0.797439140926253,1.92704040403685,1.26063465644323,0.227366042809283,0.682776938167045,-5.20379048172869
"hsa-mir-6131",0.755826770288328,3.07018525082777,1.26035534509193,0.227463894799268,0.682776938167045,-5.20410498155988
"hsa-mir-224",0.875722886099179,11.757603076041,1.25796251747776,0.228303542048011,0.682776938167045,-5.20679701343785
"hsa-mir-628",0.873048087478167,6.72509374699236,1.25783653745979,0.228347816214855,0.682776938167045,-5.20693863447951
"hsa-mir-509-1",1.19498750024039,1.26416041678686,1.25718379364105,0.228577323501818,0.682776938167045,-5.20767224040231
"hsa-mir-4258",-0.861654166907052,0.764160416786859,-1.25537608720858,0.229213868268303,0.682776938167045,-5.20970231751877
"hsa-mir-4794",0.861654166907052,0.764160416786859,1.25537608720858,0.229213868268303,0.682776938167045,-5.20970231751877
"hsa-mir-6858",0.861654166907052,0.764160416786859,1.25537608720858,0.229213868268303,0.682776938167045,-5.20970231751877
"hsa-mir-1193",0.861654166907052,0.764160416786859,1.25537608720858,0.229213868268303,0.682776938167045,-5.20970231751877
"hsa-mir-6816",0.861654166907052,0.764160416786859,1.25537608720858,0.229213868268303,0.682776938167045,-5.20970231751877
"hsa-mir-4744",0.861654166907052,0.764160416786859,1.25537608720858,0.229213868268303,0.682776938167045,-5.20970231751877
"hsa-mir-6779",0.861654166907052,0.764160416786859,1.25537608720858,0.229213868268303,0.682776938167045,-5.20970231751877
"hsa-mir-7843",0.861654166907052,0.764160416786859,1.25537608720858,0.229213868268303,0.682776938167045,-5.20970231751877
"hsa-mir-3150b",0.832499886490272,4.12686893011473,1.25421627282096,0.229623006008295,0.682776938167045,-5.2110035891197
"hsa-mir-378e",-0.827440438354673,9.45813691963348,-1.25356002238312,0.229854760222277,0.682776938167045,-5.21173945854021
"hsa-mir-4265",-0.773976031629121,1.38698801581456,-1.25287059400601,0.230098429320855,0.682776938167045,-5.21251220341612
"hsa-mir-548ar",0.766633929519121,3.5931025047861,1.25286442410956,0.230100610903748,0.682776938167045,-5.21251911741969
"hsa-mir-30c-2",0.929720249715032,13.2879480713717,1.25199380413647,0.230408612183617,0.682776938167045,-5.21349446681501
"hsa-mir-1273c",0.767262194743723,6.9240634704924,1.25190689624429,0.230439375577993,0.682776938167045,-5.21359179969079
"hsa-mir-2110",0.844870569692031,8.88688067919468,1.25149949241847,0.230583630208959,0.682776938167045,-5.21404800217952
"hsa-mir-3125",-1.01963122968452,1.37146978174931,-1.25098971879193,0.230764232178278,0.682776938167045,-5.21461867090858
"hsa-mir-3179-2",0.861654166907052,1.53813644841598,1.24982370217356,0.231177745047796,0.682776938167045,-5.21592328286431
"hsa-mir-4708",-0.793311232774309,4.12741988787741,-1.24979122197411,0.231189272063751,0.682776938167045,-5.21595960995455
"hsa-mir-548k",0.829853172177844,6.19902441566893,1.24876413618684,0.231554011212559,0.682776938167045,-5.2171079564136
"hsa-mir-4511",0.826180147195,3.26333900205858,1.24843621889494,0.231670556476333,0.682776938167045,-5.21747443118175
"hsa-mir-374b",0.833981290196176,10.4549148959514,1.24587816131568,0.232581298903258,0.684295318201762,-5.22033065605701
"hsa-mir-548z",0.819810539545766,2.183881301402,1.24194039731303,0.233988744236982,0.686334422269072,-5.2247183285655
"hsa-mir-4644",0.861654166907052,1.09749375012019,1.23874800664045,0.235134668369351,0.686334422269072,-5.22826737312316
"hsa-mir-4723",-0.861654166907052,1.09749375012019,-1.23874800664045,0.235134668369351,0.686334422269072,-5.22826737312316
"hsa-mir-548ay",0.830243521196547,3.96307382385652,1.23783295971207,0.235463937858174,0.686334422269072,-5.22928331096228
"hsa-mir-3908",0.842743202049371,7.28075267920324,1.23766711394403,0.235523654231353,0.686334422269072,-5.22946737862075
"hsa-mir-125a",0.927771653244015,15.336076674761,1.23689570577551,0.235801572295158,0.686334422269072,-5.23032328564186
"hsa-mir-4672",0.968963531869507,1.81781509926809,1.23620277907907,0.236051434248611,0.686334422269072,-5.23109175268875
"hsa-mir-6734",0.912321864722069,2.70779009974886,1.23039644929151,0.238153278919475,0.687101958530976,-5.23751759534361
"hsa-let-7b",0.816041492893767,16.632485209241,1.22940294940452,0.238514377823352,0.687101958530976,-5.23861468276936
"hsa-mir-1283-1",0.935784974019202,0.467892487009601,1.2290887364168,0.2386286710404,0.687101958530976,-5.2389615101803
"hsa-mir-520b",0.935784974019202,0.467892487009601,1.2290887364168,0.2386286710404,0.687101958530976,-5.2389615101803
"hsa-mir-99b",0.850639000223966,14.721770724224,1.2279744728916,0.239034322725781,0.687101958530976,-5.24019086112916
"hsa-mir-378b",-0.764316342638532,4.43544861691206,-1.22551139198644,0.239932924991602,0.687101958530976,-5.24290518536358
"hsa-mir-27a",0.784720807958774,16.556030155715,1.21899023070769,0.242324744640107,0.687101958530976,-5.25007049577755
"hsa-mir-5691",0.912321864722069,0.984481765934753,1.21848247204298,0.242511755198576,0.687101958530976,-5.25062712649632
"hsa-mir-944",1.12319911542623,2.89493289104645,1.21608877267725,0.243394881082844,0.687101958530976,-5.25324871891167
"hsa-mir-4306",0.824643729444138,2.33061769877656,1.21000175535002,0.245651867136644,0.687101958530976,-5.25989662747672
"hsa-mir-30c-1",0.903797134863813,13.2974036651178,1.20719454856681,0.246698197030547,0.687101958530976,-5.26295347906267
"hsa-let-7d",0.775296521744577,14.0457787514745,1.20616336704296,0.247083415326186,0.687101958530976,-5.26407493003577
"hsa-mir-3976",0.805012499759615,0.930827083453526,1.20589698045579,0.247183005003547,0.687101958530976,-5.26436451078175
"hsa-mir-4680",-0.777807911241731,2.93685601887911,-1.20589138764354,0.247185096231644,0.687101958530976,-5.26437059000619
"hsa-mir-6737",0.819810539545765,3.18985527073442,1.20249307281202,0.248458307099607,0.687101958530976,-5.26806026336345
"hsa-mir-3115",0.709761005648321,2.35488050282416,1.20120372081217,0.248942700615486,0.687101958530976,-5.26945796517286
"hsa-mir-378g",-0.780852170689087,9.77260481979505,-1.19953927013133,0.249569093421507,0.687101958530976,-5.27126049989303
"hsa-mir-320a",0.839308680067251,14.167444100005,1.19893881586011,0.249795364759605,0.687101958530976,-5.27191027368403
"hsa-mir-5571",0.880960255559698,9.49288375288297,1.19867866672356,0.249893446893368,0.687101958530976,-5.27219170923313
"hsa-mir-4537",-0.769951754195596,4.28972438298651,-1.19764586012537,0.250283131991555,0.687101958530976,-5.27330853804271
"hsa-mir-6716",0.842084992625796,5.15747617832428,1.19748418334177,0.250344176227067,0.687101958530976,-5.27348329745622
"hsa-mir-6516",0.849838386682258,4.63953792326604,1.19536841159616,0.251144087335553,0.687101958530976,-5.27576851883049
"hsa-mir-4525",-0.898664604369968,3.72059269925733,-1.19069438911509,0.25291818723304,0.687101958530976,-5.28080530358868
"hsa-mir-98",0.793092710637715,12.9164589184429,1.190214240447,0.253100980992887,0.687101958530976,-5.28132181402034
"hsa-mir-132",0.781730228733501,11.5788920996236,1.18452326433745,0.255275306059203,0.687101958530976,-5.28743091952938
"hsa-mir-1292",0.849076922882572,5.67959928907174,1.18270054663325,0.255974731977216,0.687101958530976,-5.28938253881012
"hsa-mir-4785",0.773976031629121,1.443629682962,1.1780791071569,0.257754700850271,0.687101958530976,-5.29431986943496
"hsa-mir-6852",0.838191057609919,3.6239988101767,1.17747985211554,0.257986200566885,0.687101958530976,-5.29495893553254
"hsa-mir-7111",-0.787523359794903,2.1912008208237,-1.17703107442467,0.258159673402047,0.687101958530976,-5.29543735436277
"hsa-mir-3183",0.723308333814105,1.55664166714744,1.17479640798633,0.259024804580805,0.687101958530976,-5.29781740958848
"hsa-mir-4654",-0.723308333814104,1.02832083357372,-1.17479640798633,0.259024804580806,0.687101958530976,-5.29781740958848
"hsa-mir-6130",0.704103312780418,4.68632332825923,1.17356045546132,0.259504245749166,0.687101958530976,-5.29913219358423
"hsa-mir-6817",0.805012499759615,1.70480311508265,1.1734357589359,0.259552654785245,0.687101958530976,-5.29926478094922
"hsa-mir-410",0.996763291684847,5.24580862927657,1.17319141021269,0.259647534628091,0.687101958530976,-5.29952455889195
"hsa-mir-378a",-0.790504275305263,17.079995945976,-1.17287194266243,0.259771622935299,0.687101958530976,-5.29986413255601
"hsa-mir-5585",0.708489565204184,5.77315301162401,1.17065492964228,0.260634011310697,0.687101958530976,-5.30221860132653
"hsa-mir-4520-2",0.773976031629121,1.24864218272161,1.17027330925064,0.26078267727157,0.687101958530976,-5.30262351625089
"hsa-mir-193b",0.847598492981824,8.98980435309612,1.16986573350484,0.260941526159409,0.687101958530976,-5.3030558520684
"hsa-mir-1283-2",0.861654166907052,0.430827083453526,1.16944063565658,0.261107282962626,0.687101958530976,-5.30350664368359
"hsa-mir-518a-2",0.861654166907052,0.430827083453526,1.16944063565658,0.261107282962626,0.687101958530976,-5.30350664368359
"hsa-mir-221",0.775942561804397,13.9092285649691,1.16808246717158,0.261637408092093,0.687101958530976,-5.30494600751303
"hsa-mir-4459",0.696814964814195,8.29044650543723,1.16687305605643,0.262110161856816,0.687101958530976,-5.30622657262311
"hsa-mir-147b",-0.729984129616202,11.6119608357668,-1.16476520053797,0.262935673376071,0.687101958530976,-5.30845585331237
"hsa-mir-197",0.764008340669941,11.1563284797055,1.16420266985161,0.263156315721993,0.687101958530976,-5.3090502328999
"hsa-mir-3184",0.805631666234287,14.8357872924543,1.16408672108373,0.26320181206308,0.687101958530976,-5.30917271721518
"hsa-mir-6851",0.819810539545766,1.60489277001327,1.15901583719572,0.265197418158814,0.687101958530976,-5.31451967188663
"hsa-mir-423",0.801081934875375,14.8381663838758,1.15595219272869,0.266408665877655,0.687101958530976,-5.3177408535389
"hsa-mir-6888",0.723308333814104,1.69498750024039,1.15555008144725,0.266567957397129,0.687101958530976,-5.31816312369796
"hsa-mir-3940",0.968705714740189,5.2323750121017,1.15262630564616,0.267728355543167,0.687101958530976,-5.32122985560918
"hsa-mir-466",-1.02100326584193,2.30794077384722,-1.15161037659908,0.268132458650173,0.687101958530976,-5.32229396662207
"hsa-mir-25",0.757885508050837,14.8127361399605,1.15099693062604,0.268376691572796,0.687101958530976,-5.32293613350539
"hsa-mir-4289",0.828475609056747,1.96218986778662,1.15055594427163,0.268552367061926,0.687101958530976,-5.3233975929495
"hsa-mir-5587",0.773976031629121,1.58197551605495,1.1499605842995,0.268789678824814,0.687101958530976,-5.3240203627101
"hsa-mir-6736",0.773976031629121,1.58197551605495,1.1499605842995,0.268789678824814,0.687101958530976,-5.3240203627101
"hsa-mir-6813",0.77397603162912,2.443629682962,1.14637010849363,0.27022422693263,0.687101958530976,-5.32777052878489
"hsa-mir-7706",0.771427252253663,8.38394667321483,1.14577607718412,0.270462126606305,0.687101958530976,-5.32839005138497
"hsa-mir-324",0.74891038517432,8.60530297699398,1.14415005192534,0.271114134921465,0.687101958530976,-5.33008450295144
"hsa-mir-4419b",0.687631873203689,3.79043260423005,1.1419328132898,0.272005128088352,0.687101958530976,-5.3323918574478
"hsa-mir-378i",-0.757837139752368,8.12795847961835,-1.13832704027611,0.27345883261625,0.687101958530976,-5.33613631142907
"hsa-mir-6862-2",0.861654166907052,1.09749375012019,1.13545552734422,0.274620708637002,0.687101958530976,-5.33911128379698
"hsa-mir-4786",-0.861654166907052,1.09749375012019,-1.13545552734422,0.274620708637002,0.687101958530976,-5.33911128379698
"hsa-mir-6127",0.66456775912683,5.08452544191867,1.13516431868224,0.274738745894023,0.687101958530976,-5.33941263849915
"hsa-mir-1273f",0.676199412858647,8.852291060327,1.13477966136458,0.274894719950823,0.687101958530976,-5.33981059996493
"hsa-mir-432",0.903456233356064,7.80917719171369,1.13389584179299,0.275253351779027,0.687101958530976,-5.34072456658058
"hsa-mir-4772",0.67142630178117,5.59428420101842,1.13243851648065,0.275845468975784,0.687101958530976,-5.3422303174622
"hsa-mir-5689",0.683719346757987,4.29813385830399,1.13108132917869,0.276397763420363,0.687101958530976,-5.3436311647097
"hsa-mir-1284",1.08662237558504,3.29262035894038,1.12820915854167,0.277569314582754,0.687101958530976,-5.34659115372127
"hsa-mir-584",0.898588466386828,7.81290625564867,1.12552920398088,0.27866583101183,0.687101958530976,-5.34934743583951
"hsa-mir-18a",0.837989834067828,7.78968376926476,1.12529212340904,0.278762990408884,0.687101958530976,-5.34959100751775
"hsa-mir-3137",-0.773976031629121,1.38698801581456,-1.12458547358947,0.279052737968747,0.687101958530976,-5.3503167529399
"hsa-mir-493",0.992807362083337,10.5271104457573,1.11956759553315,0.281116735385907,0.687101958530976,-5.35545936287398
"hsa-mir-496",0.812468437435766,1.9345550522916,1.1171320340008,0.282122674554316,0.687101958530976,-5.3579485908887
"hsa-mir-1285-2",0.715870229755076,6.74102538125136,1.11514483960837,0.282945426681715,0.687101958530976,-5.35997623829661
"hsa-mir-139",0.844957655466256,11.3577138636338,1.1124952583716,0.284045220305831,0.687101958530976,-5.36267509097198
"hsa-mir-329-2",0.819121112937976,5.96880043701599,1.11144384345999,0.284482529767541,0.687101958530976,-5.36374457875521
"hsa-mir-4787",0.745679732433617,2.5036123404764,1.11066510328259,0.284806751733287,0.687101958530976,-5.36453616261723
"hsa-mir-4657",0.861654166907052,1.29248125036058,1.11053410953651,0.284861317038064,0.687101958530976,-5.36466927148341
"hsa-mir-4440",0.717334364481683,3.00027135010944,1.10816363963514,0.28585008532299,0.687101958530976,-5.36707575913718
"hsa-mir-6724-2",0.740797473778816,3.27514724277812,1.10393513675402,0.287620239683121,0.687101958530976,-5.37135787603437
"hsa-mir-370",0.886031404313366,11.4113756899,1.10350042606869,0.287802682930965,0.687101958530976,-5.37179732498507
"hsa-mir-181c",0.725872188046123,8.25053451566035,1.10200973601253,0.288428964639403,0.687101958530976,-5.3733031669956
"hsa-mir-4493",0.773976031629121,0.720321349147894,1.10184620138428,0.288497732044088,0.687101958530976,-5.37346826048993
"hsa-mir-5572",0.773976031629121,0.720321349147894,1.10184620138428,0.288497732044088,0.687101958530976,-5.37346826048993
"hsa-mir-6133",0.773976031629121,0.720321349147894,1.10184620138428,0.288497732044088,0.687101958530976,-5.37346826048993
"hsa-mir-4291",-0.773976031629121,0.720321349147894,-1.10184620138428,0.288497732044088,0.687101958530976,-5.37346826048994
"hsa-mir-4710",-0.773976031629121,0.720321349147894,-1.10184620138428,0.288497732044088,0.687101958530976,-5.37346826048994
"hsa-mir-5189",0.773976031629121,0.720321349147894,1.10184620138428,0.288497732044088,0.687101958530976,-5.37346826048994
"hsa-mir-888",0.77397603162912,0.720321349147894,1.10184620138428,0.288497732044088,0.687101958530976,-5.37346826048994
"hsa-mir-30e",0.754336110888728,15.1768277143745,1.10000452527815,0.28927301325692,0.687101958530976,-5.37532608023294
"hsa-mir-4717",-0.770113373537384,3.20212705737947,-1.09931584484161,0.289563322048912,0.687101958530976,-5.37602013096193
"hsa-mir-3614",0.809250900091592,6.89845349102784,1.09831576751318,0.289985284472557,0.687101958530976,-5.37702736052197
"hsa-mir-4741",0.77397603162912,2.77696301629533,1.09825167280067,0.290012343544903,0.687101958530976,-5.3770918875096
"hsa-mir-1208",-0.666666666666667,0.333333333333333,-1.09811045488489,0.290071968603248,0.687101958530976,-5.37723404674305
"hsa-mir-1539",0.666666666666667,0.333333333333333,1.09811045488489,0.290071968603248,0.687101958530976,-5.37723404674305
"hsa-mir-3118-1",0.666666666666667,0.333333333333333,1.09811045488489,0.290071968603248,0.687101958530976,-5.37723404674305
"hsa-mir-3118-2",0.666666666666667,0.333333333333333,1.09811045488489,0.290071968603248,0.687101958530976,-5.37723404674305
"hsa-mir-3123",-0.666666666666667,0.333333333333333,-1.09811045488489,0.290071968603248,0.687101958530976,-5.37723404674305
"hsa-mir-325",-0.666666666666667,0.333333333333333,-1.09811045488489,0.290071968603248,0.687101958530976,-5.37723404674305
"hsa-mir-3621",0.666666666666667,0.333333333333333,1.09811045488489,0.290071968603248,0.687101958530976,-5.37723404674305
"hsa-mir-3689e",0.666666666666667,0.333333333333333,1.09811045488489,0.290071968603248,0.687101958530976,-5.37723404674305
"hsa-mir-4254",-0.666666666666667,0.333333333333333,-1.09811045488489,0.290071968603248,0.687101958530976,-5.37723404674305
"hsa-mir-4255",0.666666666666667,0.333333333333333,1.09811045488489,0.290071968603248,0.687101958530976,-5.37723404674305
"hsa-mir-4287",-0.666666666666667,0.333333333333333,-1.09811045488489,0.290071968603248,0.687101958530976,-5.37723404674305
"hsa-mir-4298",-0.666666666666667,0.333333333333333,-1.09811045488489,0.290071968603248,0.687101958530976,-5.37723404674305
"hsa-mir-4418",0.666666666666667,0.333333333333333,1.09811045488489,0.290071968603248,0.687101958530976,-5.37723404674305
"hsa-mir-4435-1",-0.666666666666667,0.333333333333333,-1.09811045488489,0.290071968603248,0.687101958530976,-5.37723404674305
"hsa-mir-4445",0.666666666666667,0.333333333333333,1.09811045488489,0.290071968603248,0.687101958530976,-5.37723404674305
"hsa-mir-4650-1",0.666666666666667,0.333333333333333,1.09811045488489,0.290071968603248,0.687101958530976,-5.37723404674305
"hsa-mir-4653",0.666666666666667,0.333333333333333,1.09811045488489,0.290071968603248,0.687101958530976,-5.37723404674305
"hsa-mir-4673",-0.666666666666667,0.333333333333333,-1.09811045488489,0.290071968603248,0.687101958530976,-5.37723404674305
"hsa-mir-4711",0.666666666666667,0.333333333333333,1.09811045488489,0.290071968603248,0.687101958530976,-5.37723404674305
"hsa-mir-4752",0.666666666666667,0.333333333333333,1.09811045488489,0.290071968603248,0.687101958530976,-5.37723404674305
"hsa-mir-4803",0.666666666666667,0.333333333333333,1.09811045488489,0.290071968603248,0.687101958530976,-5.37723404674305
"hsa-mir-520e",0.666666666666667,0.333333333333333,1.09811045488489,0.290071968603248,0.687101958530976,-5.37723404674305
"hsa-mir-5583-1",0.666666666666667,0.333333333333333,1.09811045488489,0.290071968603248,0.687101958530976,-5.37723404674305
"hsa-mir-5705",0.666666666666667,0.333333333333333,1.09811045488489,0.290071968603248,0.687101958530976,-5.37723404674305
"hsa-mir-593",0.666666666666667,0.333333333333333,1.09811045488489,0.290071968603248,0.687101958530976,-5.37723404674305
"hsa-mir-604",0.666666666666667,0.333333333333333,1.09811045488489,0.290071968603248,0.687101958530976,-5.37723404674305
"hsa-mir-6082",-0.666666666666667,0.333333333333333,-1.09811045488489,0.290071968603248,0.687101958530976,-5.37723404674305
"hsa-mir-6124",-0.666666666666667,0.666666666666667,-1.09811045488489,0.290071968603248,0.687101958530976,-5.37723404674305
"hsa-mir-6719",0.666666666666667,0.333333333333333,1.09811045488489,0.290071968603248,0.687101958530976,-5.37723404674305
"hsa-mir-6890",0.666666666666667,0.333333333333333,1.09811045488489,0.290071968603248,0.687101958530976,-5.37723404674305
"hsa-mir-7849",0.666666666666667,0.333333333333333,1.09811045488489,0.290071968603248,0.687101958530976,-5.37723404674305
"hsa-mir-8058",0.666666666666667,0.333333333333333,1.09811045488489,0.290071968603248,0.687101958530976,-5.37723404674305
"hsa-mir-8059",-0.666666666666667,0.333333333333333,-1.09811045488489,0.290071968603248,0.687101958530976,-5.37723404674305
"hsa-mir-8081",0.666666666666667,0.333333333333333,1.09811045488489,0.290071968603248,0.687101958530976,-5.37723404674305
"hsa-mir-892c",-0.666666666666667,0.333333333333333,-1.09811045488489,0.290071968603248,0.687101958530976,-5.37723404674305
"hsa-mir-3166",0.666666666666667,0.666666666666667,1.09811045488489,0.290071968603248,0.687101958530976,-5.37723404674305
"hsa-mir-4476",0.666666666666667,0.666666666666667,1.09811045488489,0.290071968603248,0.687101958530976,-5.37723404674305
"hsa-mir-5190",0.666666666666667,0.666666666666667,1.09811045488489,0.290071968603248,0.687101958530976,-5.37723404674305
"hsa-mir-5586",0.666666666666667,0.666666666666667,1.09811045488489,0.290071968603248,0.687101958530976,-5.37723404674305
"hsa-mir-19a",0.827192195544812,10.2262014950339,1.09799451820478,0.290120926234218,0.687101958530976,-5.37735074480809
"hsa-mir-29c",0.684448622952885,10.9659523657259,1.09565044566548,0.291112098664765,0.687101958530976,-5.37970800261737
"hsa-mir-625",0.737933021853015,11.1653133652935,1.09439873179468,0.291642406391488,0.687101958530976,-5.38096503220717
"hsa-mir-887",0.86847553442696,4.88693833636043,1.09229885709036,0.292533662687031,0.687101958530976,-5.3830711246084
"hsa-mir-6870",0.84810683874127,1.28570758627769,1.09107166040047,0.293055461331475,0.687101958530976,-5.38430038751156
"hsa-mir-1911",-0.773976031629121,0.38698801581456,-1.0909819074897,0.293093650974478,0.687101958530976,-5.38439024613487
"hsa-mir-3161",0.773976031629121,0.38698801581456,1.0909819074897,0.293093650974478,0.687101958530976,-5.38439024613487
"hsa-mir-3689a",0.773976031629121,0.38698801581456,1.0909819074897,0.293093650974478,0.687101958530976,-5.38439024613487
"hsa-mir-26b",0.749225707664754,16.0547414741328,1.08993199892252,0.293540658882745,0.687101958530976,-5.38544093151241
"hsa-mir-548ad",0.654491374658295,3.01951755301276,1.08500106031279,0.295646816879866,0.687101958530976,-5.39036417497788
"hsa-mir-449b",0.723308333814104,0.694987500240385,1.08350533183695,0.296287896568848,0.687101958530976,-5.39185386747267
"hsa-mir-5195",0.723308333814104,0.694987500240385,1.08350533183695,0.296287896568849,0.687101958530976,-5.39185386747267
"hsa-mir-3198-1",0.723308333814104,0.694987500240385,1.08350533183695,0.296287896568849,0.687101958530976,-5.39185386747267
"hsa-mir-3680-2",-0.723308333814104,0.694987500240385,-1.08350533183695,0.296287896568849,0.687101958530976,-5.39185386747267
"hsa-mir-448",0.723308333814104,0.694987500240385,1.08350533183695,0.296287896568849,0.687101958530976,-5.39185386747267
"hsa-mir-4784",-0.723308333814104,0.694987500240385,-1.08350533183695,0.296287896568849,0.687101958530976,-5.39185386747267
"hsa-mir-5047",0.723308333814104,0.694987500240385,1.08350533183695,0.296287896568849,0.687101958530976,-5.39185386747267
"hsa-mir-5092",0.723308333814104,0.694987500240385,1.08350533183695,0.296287896568849,0.687101958530976,-5.39185386747267
"hsa-mir-5682",-0.723308333814104,0.694987500240385,-1.08350533183695,0.296287896568849,0.687101958530976,-5.39185386747267
"hsa-mir-8075",-0.723308333814104,0.694987500240385,-1.08350533183695,0.296287896568849,0.687101958530976,-5.39185386747267
"hsa-mir-511",0.737677442720145,10.1742067587387,1.08056283075365,0.297552074650488,0.689109891760835,-5.39477945747537
"hsa-mir-7976",0.714393382069927,5.19773017094287,1.07952858308018,0.297997361224634,0.689218495880503,-5.39580617351872
"hsa-mir-1273e",0.651450748733915,9.16587131055479,1.07566440483844,0.299665406288421,0.68994624639991,-5.39963489636496
"hsa-mir-127",0.811158961056551,14.0927754693294,1.07564912388959,0.299672016245087,0.68994624639991,-5.39965001417555
"hsa-mir-4536-2",0.848106838741271,2.28570758627769,1.07540770253489,0.299776460204608,0.68994624639991,-5.399888834148
"hsa-mir-543",0.858980646549741,10.1192534235054,1.07510542400825,0.299907270111406,0.68994624639991,-5.40018779192466
"hsa-mir-6808",-0.685094145167064,3.20420123949058,-1.06798836874031,0.302999319706021,0.696133895207723,-5.4072061976322
"hsa-mir-598",0.689805711411477,8.31794179846505,1.06507893067683,0.30427007310961,0.698126295065816,-5.41006398453785
"hsa-mir-146b",0.735804154254311,17.072098721052,1.0640030360228,0.304740981045236,0.698280658553984,-5.4111191115915
"hsa-mir-548c",0.666666666666666,1.77397603162912,1.06116554702763,0.305985486150828,0.700204882329276,-5.4138975071994
"hsa-mir-518a-1",0.968963531869506,0.817815099268086,1.05922308607681,0.306839583780154,0.700212428827674,-5.41579589707486
"hsa-mir-5694",0.717334364481683,1.41530884938828,1.05915396367299,0.306870008968317,0.700212428827674,-5.41586339699644
"hsa-mir-4461",0.732056668557216,5.99424417492417,1.05796463093189,0.307393856536912,0.700212428827674,-5.41702422914083
"hsa-mir-5680",0.690129775963799,1.78570758627769,1.05604615766072,0.308240237190992,0.700212428827674,-5.41889440203036
"hsa-mir-1236",0.666666666666667,1,1.05507886564231,0.308667627394108,0.700212428827674,-5.41983625091296
"hsa-mir-5706",0.666666666666667,1,1.05507886564231,0.308667627394108,0.700212428827674,-5.41983625091296
"hsa-mir-4436b-2",0.723308333814104,1.02832083357372,1.0538148840019,0.309226760476499,0.700212428827674,-5.42106588331407
"hsa-mir-4489",0.723308333814104,1.02832083357372,1.0538148840019,0.309226760476499,0.700212428827674,-5.42106588331407
"hsa-mir-4454",-0.776100824003609,5.61373671723912,-1.05259172521174,0.309768539735725,0.700522318618044,-5.42225461276368
"hsa-mir-375",-0.765692945174184,16.594888025464,-1.05132301256103,0.310331228726377,0.700878623624845,-5.42348637698597
"hsa-mir-6804",0.773976031629121,0.915308849388279,1.0488633060406,0.311424262733493,0.701515591834562,-5.42587085945237
"hsa-mir-1302-6",-0.773976031629121,0.915308849388279,-1.0488633060406,0.311424262733493,0.701515591834562,-5.42587085945237
"hsa-mir-551b",0.636342113317504,3.14878875543531,1.04406314018995,0.313565421043781,0.705420258004866,-5.43051056215474
"hsa-mir-346",0.774490086565255,3.43119736348556,1.04284265424347,0.314111535046796,0.705731111209035,-5.4316873644009
"hsa-mir-4421",0.703677104129582,2.5664572819897,1.04082132467285,0.315017512800538,0.706848634429222,-5.43363377099351
"hsa-mir-6859-4",0.754344801944598,1.15114843260142,1.03958917670231,0.315570703370761,0.707172690196136,-5.43481867129618
"hsa-mir-574",0.695681331195912,12.1852477171544,1.03534960770801,0.317479508996855,0.707927401389488,-5.4388865366827
"hsa-mir-6839",0.941476145138848,1.66572557280981,1.03514465133505,0.31757199942842,0.707927401389488,-5.43908283328322
"hsa-mir-372",0.69227186568361,2.3461359328418,1.03512201569274,0.317582215387064,0.707927401389488,-5.43910451049767
"hsa-mir-4444-1",-0.709761005648323,2.21653466973121,-1.03498748424829,0.317642937275935,0.707927401389488,-5.43923333733541
"hsa-mir-6878",0.723308333814104,1.36165416690705,1.03429966724375,0.317953520739672,0.707927401389488,-5.43989176538019
"hsa-mir-92a-1",0.721545286743963,15.1536106911923,1.03174117167712,0.319110740030077,0.709590720118294,-5.44233766420027
"hsa-mir-431",0.970086397893382,6.14538721840037,1.0304792588616,0.319682630598015,0.709949872829996,-5.44354213772038
"hsa-mir-1914",-0.666666666666667,1.19498750024039,-1.02838632365298,0.320632769190496,0.711147039358409,-5.44553703220129
"hsa-mir-92a-2",0.724140009739466,14.9844802541322,1.0263660728901,0.321551845528214,0.7114446184633,-5.44745935996656
"hsa-mir-548l",0.654433298654726,3.4322665034128,1.02628357435878,0.321589417131966,0.7114446184633,-5.44753779107035
"hsa-mir-130b",0.675447958071684,9.74375057714072,1.0247644689412,0.32228181708634,0.712065828300597,-5.4489810364259
"hsa-mir-6832",0.666666666666666,0.861654166907052,1.02206677198213,0.323514062976799,0.71378148954855,-5.45153950951117
"hsa-mir-148b",0.674279862467518,14.3761130069313,1.02125940692334,0.323883508263359,0.71378148954855,-5.45230408543283
"hsa-mir-500b",0.696050356595603,5.80537478672206,1.01606678104996,0.326266886437927,0.715538495711338,-5.45720913771196
"hsa-mir-7705",0.613759474971738,4.7933569436983,1.01334503227522,0.327521174736169,0.715538495711338,-5.45977158767021
"hsa-mir-581",0.652924639779449,4.90933304546872,1.00940845980771,0.329341419621965,0.715538495711338,-5.46346731943925
"hsa-mir-652",0.665382625093644,10.4938750956812,1.00792293526717,0.330030197214333,0.715538495711338,-5.46485874687141
"hsa-mir-624",0.667678020029878,3.82608774466143,1.00768884807895,0.330138827995181,0.715538495711338,-5.46507784567897
"hsa-mir-758",0.809995946914938,5.90788510146288,1.00599963633998,0.330923484634053,0.715538495711338,-5.46665760138265
"hsa-mir-502",0.645834871604826,9.10664464118703,1.00584306610094,0.330996280681856,0.715538495711338,-5.46680391087962
"hsa-mir-1278",0.640655888179059,6.54614503016501,1.00201283235761,0.332780685280491,0.715538495711338,-5.47037702732
"hsa-mir-1256",0.764260583075949,1.82277298983376,1.00029482333707,0.333583288534532,0.715538495711338,-5.47197589515272
"hsa-mir-558",0.730881692647464,2.93685601887911,0.998962741438794,0.334206548088673,0.715538495711338,-5.47321397191338
"hsa-mir-941-2",0.720813663873681,9.55637311343139,0.997780685262893,0.334760308106769,0.715538495711338,-5.47431141919751
"hsa-mir-3064",0.605961863183257,5.05720831237902,0.995623331967102,0.335772652650929,0.715538495711338,-5.47631146468823
"hsa-mir-6511a-3",0.805012499759615,2.37146978174931,0.993687915299032,0.336682706173487,0.715538495711338,-5.47810257716719
"hsa-mir-182",0.79831193781405,12.6793010896838,0.988820703735004,0.338979070638313,0.715538495711338,-5.48259358396498
"hsa-mir-1303",0.679583053996486,9.13314509331667,0.987453780803278,0.339625984013844,0.715538495711338,-5.48385142352605
"hsa-mir-128-2",0.67371098236613,12.9388753245334,0.986572850115056,0.340043359231918,0.715538495711338,-5.48466125646273
"hsa-mir-449a",0.787523359794902,2.10352268554577,0.984977854725524,0.340799975382398,0.715538495711338,-5.48612593216617
"hsa-mir-6756",0.693871255184551,2.86768310233263,0.984656148878174,0.340952727059313,0.715538495711338,-5.48642110431607
"hsa-mir-4715",0.666666666666667,0.666666666666667,0.982297174745629,0.342074291573207,0.715538495711338,-5.4885829635627
"hsa-mir-4725",0.666666666666667,0.666666666666667,0.982297174745629,0.342074291573207,0.715538495711338,-5.4885829635627
"hsa-mir-521-2",0.666666666666667,0.666666666666667,0.982297174745629,0.342074291573207,0.715538495711338,-5.4885829635627
"hsa-mir-6078",0.666666666666667,0.666666666666667,0.982297174745629,0.342074291573207,0.715538495711338,-5.4885829635627
"hsa-mir-3907",0.666666666666667,0.666666666666667,0.982297174745629,0.342074291573207,0.715538495711338,-5.4885829635627
"hsa-mir-1202",-0.666666666666667,0.333333333333333,-0.982297174745628,0.342074291573207,0.715538495711338,-5.4885829635627
"hsa-mir-3919",-0.666666666666667,0.666666666666667,-0.982297174745628,0.342074291573207,0.715538495711338,-5.4885829635627
"hsa-mir-4253",0.666666666666667,0.333333333333333,0.982297174745628,0.342074291573207,0.715538495711338,-5.4885829635627
"hsa-mir-4312",-0.666666666666667,0.333333333333333,-0.982297174745628,0.342074291573207,0.715538495711338,-5.4885829635627
"hsa-mir-4431",0.666666666666667,0.333333333333333,0.982297174745628,0.342074291573207,0.715538495711338,-5.4885829635627
"hsa-mir-4503",0.666666666666667,0.333333333333333,0.982297174745628,0.342074291573207,0.715538495711338,-5.4885829635627
"hsa-mir-4704",-0.666666666666667,0.333333333333333,-0.982297174745628,0.342074291573207,0.715538495711338,-5.4885829635627
"hsa-mir-4765",0.666666666666667,0.666666666666667,0.982297174745628,0.342074291573207,0.715538495711338,-5.4885829635627
"hsa-mir-5197",0.666666666666667,0.333333333333333,0.982297174745628,0.342074291573207,0.715538495711338,-5.4885829635627
"hsa-mir-519c",0.666666666666667,0.333333333333333,0.982297174745628,0.342074291573207,0.715538495711338,-5.4885829635627
"hsa-mir-525",0.666666666666667,0.333333333333333,0.982297174745628,0.342074291573207,0.715538495711338,-5.4885829635627
"hsa-mir-5685",0.666666666666667,0.333333333333333,0.982297174745628,0.342074291573207,0.715538495711338,-5.4885829635627
"hsa-mir-587",0.666666666666667,0.333333333333333,0.982297174745628,0.342074291573207,0.715538495711338,-5.4885829635627
"hsa-mir-6165",-0.666666666666667,0.666666666666667,-0.982297174745628,0.342074291573207,0.715538495711338,-5.4885829635627
"hsa-mir-6512",-0.666666666666667,0.333333333333333,-0.982297174745628,0.342074291573207,0.715538495711338,-5.4885829635627
"hsa-mir-6795",0.666666666666667,0.333333333333333,0.982297174745628,0.342074291573207,0.715538495711338,-5.4885829635627
"hsa-mir-7107",-0.666666666666667,0.333333333333333,-0.982297174745628,0.342074291573207,0.715538495711338,-5.4885829635627
"hsa-mir-8077",-0.666666666666667,0.666666666666667,-0.982297174745628,0.342074291573207,0.715538495711338,-5.4885829635627
"hsa-mir-6788",-0.740797473778816,1.56538623712979,-0.981463145611549,0.342471451251715,0.715538495711338,-5.48934622669148
"hsa-mir-744",0.636202792199283,11.6585163065893,0.981157792233833,0.342616940228572,0.715538495711338,-5.48962553083719
"hsa-mir-3667",0.912321864722068,1.65114843260142,0.980607109708442,0.342879429447803,0.715538495711338,-5.49012904506087
"hsa-mir-576",0.637776135555702,9.38408812616666,0.977243012760049,0.344486051934909,0.717851761686321,-5.49319966995126
"hsa-mir-3128",0.666666666666667,3.16395103210989,0.976549724005194,0.344817811538342,0.717851761686321,-5.49383134095225
"hsa-mir-671",0.674383600424923,9.97673868509784,0.974509679848599,0.345795341553886,0.719021563567576,-5.49568781395835
"hsa-mir-6726",0.76180073962075,3.30802027431859,0.970644668449742,0.347652694618484,0.721542259985893,-5.49919578916173
"hsa-mir-6739",0.77397603162912,2.11029634962866,0.969712557827317,0.348101674305681,0.721542259985893,-5.50003998118841
"hsa-mir-128-1",0.675955857314381,13.3601393603797,0.969386478880321,0.34825883646718,0.721542259985893,-5.5003351371826
"hsa-mir-129-2",0.766100370380999,7.99493335964205,0.968496717272165,0.348687933783264,0.721567135699817,-5.50114008107615
"hsa-mir-6806",0.733877953723216,3.6840338818506,0.964421476501438,0.350658010040464,0.724007014134802,-5.5048186232819
"hsa-mir-204",-0.75635873514988,7.55073198611839,-0.96389895067428,0.350911176126435,0.724007014134802,-5.50528930770784
"hsa-mir-433",0.716480869508987,7.48119739866278,0.963463035914713,0.351122476797167,0.724007014134802,-5.50568180401568
"hsa-mir-6848",0.602451640685868,1.6912008208237,0.959499972272646,0.353047580925732,0.727109898811328,-5.50924303573677
"hsa-mir-3143",-0.792837207751244,2.36538213574513,-0.956769535131932,0.35437821163391,0.728982528093536,-5.51168917300232
"hsa-mir-3202-1",0.699845224516972,1.95237425294435,0.954101604690394,0.355681761352847,0.73064263950877,-5.51407343388068
"hsa-mir-382",0.783509980021696,9.90878680384894,0.95339021482517,0.356029910465834,0.73064263950877,-5.51470820273928
"hsa-mir-3936",-0.666666666666667,1,-0.951133555968697,0.357135875530889,0.732043915483931,-5.51671906765905
"hsa-mir-545",0.612167089239041,2.10352268554577,0.946519548607186,0.359404595200334,0.733068534898997,-5.52081754694583
"hsa-mir-548o-2",0.679004512732407,6.8730158871943,0.946149217302771,0.359587121468464,0.733068534898997,-5.52114574458763
"hsa-mir-548d-2",0.635630198536173,3.41294917222217,0.945877261596,0.359721202081963,0.733068534898997,-5.52138668750178
"hsa-mir-4466",0.670657547222026,3.02760063929462,0.944983750750963,0.360161968628438,0.733068534898997,-5.52217787878779
"hsa-mir-1234",-0.566140183501481,3.93349833007306,-0.944553268274974,0.360374458325544,0.733068534898997,-5.52255883121536
"hsa-mir-1343",0.591147183027998,4.78234955863498,0.944429090893224,0.36043576947658,0.733068534898997,-5.5226686928594
"hsa-mir-30b",0.67548028371518,12.394336355291,0.943730787081865,0.360780683792381,0.733068534898997,-5.52328625736987
"hsa-mir-4757",-0.666666666666667,1.52832083357372,-0.943235096581138,0.361025659961818,0.733068534898997,-5.52372439226599
"hsa-mir-6787",0.740797473778817,1.89871957046313,0.941553190265478,0.361857738148646,0.7338967022241,-5.52520950561018
"hsa-mir-92b",0.644133764205817,11.3306008491067,0.93838946221003,0.363426507747003,0.736215290869222,-5.52799676091681
"hsa-mir-4519",0.602451640685869,1.93685601887911,0.937281838440368,0.363976846178268,0.736466216789532,-5.52897063609633
"hsa-mir-6747",0.645230851067367,5.20987479145768,0.93609501370602,0.364567176147758,0.736466216789532,-5.53001302806042
"hsa-mir-941-1",0.669157908611318,9.57732307162079,0.933646133752522,0.365787346586066,0.736466216789532,-5.53216022139301
"hsa-mir-186",0.616846262352821,14.4152801986831,0.932085558293455,0.366566382736178,0.736466216789532,-5.5335259657296
"hsa-mir-2116",0.575534432874247,4.81420586229713,0.931672806481643,0.366772618866087,0.736466216789532,-5.53388685146505
"hsa-mir-941-4",0.66093097451243,9.58494481739246,0.931025276069671,0.367096325999527,0.736466216789532,-5.53445273055077
"hsa-mir-3679",0.570328842528457,4.0665963905695,0.928746844844147,0.368236902611969,0.736466216789532,-5.53644110887561
"hsa-mir-20a",0.692335354559459,11.7117726042243,0.927993393001193,0.368614614968396,0.736466216789532,-5.53709770043583
"hsa-mir-24-2",0.604007563554532,14.4280381189304,0.927319586341029,0.368952626259524,0.736466216789532,-5.53768448843
"hsa-mir-206",0.788965334929168,5.08155013647959,0.927243901475705,0.368990606461656,0.736466216789532,-5.53775037555068
"hsa-mir-548h-1",-0.666666666666667,0.861654166907052,-0.926736272238537,0.369245414642291,0.736466216789532,-5.53819216756657
"hsa-mir-337",0.692389841771014,7.23666570507578,0.926323816859673,0.369452538713825,0.736466216789532,-5.53855097252567
"hsa-mir-4478",-0.659093307833305,1.66287998724999,-0.926145645501395,0.369542036316684,0.736466216789532,-5.53870592462896
"hsa-mir-1226",0.716845290629003,4.82998439058357,0.926027547972289,0.36960136633185,0.736466216789532,-5.5388086172503
"hsa-mir-6758",0.578988531388736,1.48448176593475,0.92460520164085,0.370316441244253,0.736466216789532,-5.54004452368228
"hsa-mir-4491",0.620221106130371,4.07651322586094,0.924515393670048,0.370361623472192,0.736466216789532,-5.54012250354628
"hsa-mir-6764",-0.6901297759638,1.98069508651807,-0.919626747409827,0.372826806179039,0.740023044630297,-5.54435722056182
"hsa-mir-3688-2",0.578988531388735,2.15114843260142,0.919156108750713,0.373064725796832,0.740023044630297,-5.54476385960373
"hsa-mir-4792",-0.930001149944133,9.5156488956847,-0.918426841186836,0.373433594197832,0.740023044630297,-5.54539359526896
"hsa-mir-636",-0.751604633009609,3.19561285605057,-0.915217310724208,0.375059963323938,0.740318350864151,-5.54815983920405
"hsa-mir-1262",-0.563992713130965,4.35706550221332,-0.914688692089968,0.375328294642292,0.740318350864151,-5.54861462721097
"hsa-mir-23b",0.635446655534798,14.9168927138443,0.91422825474168,0.37556212343426,0.740318350864151,-5.54901056750907
"hsa-mir-1268b",0.539788458527766,7.26842624014627,0.914156050896655,0.375598800505734,0.740318350864151,-5.54907264122611
"hsa-mir-548al",0.666666666666666,4.15040370394411,0.913913036770714,0.375722261305621,0.740318350864151,-5.54928152889364
"hsa-mir-5690",0.633488108816362,2.14736175318474,0.911455721409252,0.376972231962071,0.741936247206352,-5.55139100648663
"hsa-mir-106b",0.582379669172358,12.5354463670438,0.905453141300659,0.380037498678502,0.742609944913378,-5.55652278519294
"hsa-mir-3135b",0.529335661271965,6.18884357052421,0.903968523194089,0.380798238560226,0.742609944913378,-5.5577873978678
"hsa-mir-6731",0.754344801944598,2.15114843260142,0.903812420487075,0.380878287924518,0.742609944913378,-5.55792026093447
"hsa-mir-655",0.78131813373912,4.18161408690709,0.90354668955004,0.381014580861254,0.742609944913378,-5.55814638468272
"hsa-mir-3157",0.629656229203751,3.86875414719254,0.900447249599741,0.38260672416088,0.742609944913378,-5.56077950106726
"hsa-mir-548u",0.57714247020826,4.3545149011082,0.898820602112832,0.383444115071402,0.742609944913378,-5.56215820279915
"hsa-mir-6889",0.666666666666667,1.33333333333333,0.896781957790892,0.384495351847049,0.742609944913378,-5.5638829789988
"hsa-mir-329-1",0.694418330832876,6.10454585300733,0.896259883049587,0.384764875574935,0.742609944913378,-5.56432411650282
"hsa-mir-4762",0.578988531388736,2.54112343308219,0.894899494018306,0.385467783506063,0.742609944913378,-5.56547253308286
"hsa-mir-136",0.666066325916587,9.595210198943,0.894652780263094,0.38559535250424,0.742609944913378,-5.56568063858861
"hsa-mir-216b",-0.730650435924105,4.23443532254526,-0.893845277865349,0.38601308960639,0.742609944913378,-5.56636141853783
"hsa-mir-4443",0.640548616320805,5.66925879192931,0.892783071172292,0.386563055698853,0.742609944913378,-5.5672561000995
"hsa-mir-7854",0.669994696190872,3.69393588044571,0.891367500547672,0.387296800624763,0.742609944913378,-5.56844694577527
"hsa-mir-941-3",0.635541049561795,9.57595613775461,0.891211242827877,0.387377852577587,0.742609944913378,-5.56857829431611
"hsa-mir-4662b",-0.639462078148783,3.39600393590635,-0.890962423382522,0.387506940545364,0.742609944913378,-5.56878740699107
"hsa-mir-6763",0.740797473778816,1.89871957046313,0.889670920998657,0.388177440269275,0.742609944913378,-5.56987197657042
"hsa-mir-320d-1",0.540890768924799,6.2102057139172,0.888955556162049,0.38854916720803,0.742609944913378,-5.57047211900385
"hsa-mir-3194",0.659093307833305,3.58999989175821,0.888199022017359,0.388942547868359,0.742609944913378,-5.57110633253928
"hsa-mir-5191",0.666666666666667,1.19498750024039,0.886044658204894,0.390064236947203,0.742609944913378,-5.57290973486679
"hsa-mir-548n",0.547952063258241,3.33061769877656,0.885191366318758,0.390509112033495,0.742609944913378,-5.57362294163753
"hsa-mir-323a",0.763169571099714,7.37411344801394,0.884021756597211,0.391119457541413,0.742609944913378,-5.57459954220899
"hsa-mir-548aq",0.584962500721156,1.8208020839343,0.883680908781944,0.391297445025084,0.742609944913378,-5.57488392690058
"hsa-mir-24-1",0.573302274076976,14.3336364294326,0.88294338237394,0.391682760453936,0.742609944913378,-5.57549894406344
"hsa-mir-6820",0.723308333814104,2.49242664116664,0.881545507882051,0.392413768673116,0.742609944913378,-5.57666336472852
"hsa-mir-941-5",0.625407869515904,9.59573586843843,0.881069449259966,0.392662928809372,0.742609944913378,-5.57705954328484
"hsa-mir-4999",0.611611886159904,4.65256918342186,0.88052688747859,0.392947024770747,0.742609944913378,-5.57751083356574
"hsa-mir-376a-1",0.824058601224128,4.50793342712855,0.880311496903489,0.393059845688202,0.742609944913378,-5.57768992173081
"hsa-mir-934",-0.723308333814104,0.694987500240385,-0.879186119830144,0.393649667743578,0.742609944913378,-5.57862499003678
"hsa-mir-4536-1",0.709761005648321,2.21653466973121,0.877422732685225,0.394575069303189,0.742609944913378,-5.58008803135417
"hsa-mir-3074",0.577200633346758,14.6354271045057,0.87638522080451,0.39512022109581,0.742609944913378,-5.58094760639711
"hsa-mir-3687-1",-0.659509489899058,3.85932629014362,-0.876317083758289,0.395156040745429,0.742609944913378,-5.58100402595198
"hsa-mir-3622a",0.745679732433616,3.03193317405011,0.873043236940366,0.396879660449132,0.742609944913378,-5.58371025668703
"hsa-mir-660",0.62531397273964,9.5720922276265,0.87245419980954,0.397190309510596,0.742609944913378,-5.58419620706597
"hsa-mir-3911",-0.635630198536173,1.8461359328418,-0.871685806043141,0.397595792265549,0.742609944913378,-5.58482968468695
"hsa-mir-345",0.591601931926535,10.2011481228417,0.870093025159833,0.398437184426658,0.742609944913378,-5.58614121339255
"hsa-mir-4420",0.675178364035712,2.27337415603706,0.870010267373103,0.398480933921669,0.742609944913378,-5.58620929927932
"hsa-mir-499b",0.556995280083346,7.65783239014961,0.866029235406285,0.400589265870081,0.742609944913378,-5.58947770487993
"hsa-mir-641",0.67638211521984,5.73050848038868,0.865573586012439,0.400831047316439,0.742609944913378,-5.58985093533233
"hsa-mir-769",0.550808070395448,10.398431614723,0.863847597494666,0.401747788484267,0.742609944913378,-5.59126312873148
"hsa-mir-3920",-0.578988531388735,1.15114843260142,-0.862504664587174,0.402462035565504,0.742609944913378,-5.59236016266304
"hsa-mir-3158-2",0.59357871310566,6.95579320324794,0.861798892087257,0.402837742415536,0.742609944913378,-5.59293609129581
"hsa-mir-6776",-0.61599896885165,1.08197551605495,-0.859384407408924,0.404124812913987,0.742609944913378,-5.59490317889515
"hsa-mir-4438",0.528320833573719,0.930827083453526,0.858097976382872,0.404811671142737,0.742609944913378,-5.59594921812452
"hsa-mir-4524a",-0.528320833573719,0.930827083453526,-0.858097976382872,0.404811671142737,0.742609944913378,-5.59594921812452
"hsa-mir-4517",0.578988531388736,1.3461359328418,0.858022533056614,0.404851976212078,0.742609944913378,-5.59601051995617
"hsa-mir-548aa-1",0.533356464370455,4.09226030016505,0.856207315474302,0.405822543673489,0.742609944913378,-5.59748402632217
"hsa-mir-129-1",0.604881158504536,8.04764778398168,0.855842776597045,0.406017641948803,0.742609944913378,-5.59777960395885
"hsa-mir-3652",-0.522346864241298,3.85359187051796,-0.855747814575281,0.406068475029888,0.742609944913378,-5.597856583106
"hsa-mir-320b-2",0.522011491208023,8.90462786126287,0.852978035819089,0.407552984097891,0.742609944913378,-5.60009847880705
"hsa-mir-4429",0.571206549671607,4.7841383518994,0.850249729888439,0.409018759578175,0.742609944913378,-5.6023004257436
"hsa-mir-320b-1",0.52611568658048,8.97070076365386,0.847889972476674,0.410289328890104,0.742609944913378,-5.60419981471497
"hsa-mir-6793",0.563844721639734,3.79883795594761,0.847042650699266,0.41074618666661,0.742609944913378,-5.60488067349173
"hsa-mir-4504",0.597849707510858,3.64431605793992,0.845141341862595,0.411772547623192,0.742609944913378,-5.60640622731536
"hsa-mir-6891",0.569273082835563,2.58693340662062,0.8398623086336,0.41463107963066,0.742609944913378,-5.61062579079956
"hsa-mir-320d-2",0.508565517100489,6.20726686213389,0.838253109326534,0.415505017280021,0.742609944913378,-5.61190729812272
"hsa-mir-6720",0.677954483955429,3.22026263856929,0.837624024821951,0.415846992876019,0.742609944913378,-5.61240767584685
"hsa-mir-4661",0.627118501167127,4.58361589647178,0.837393584735778,0.415972308027317,0.742609944913378,-5.6125908846009
"hsa-mir-5004",-0.602451640685869,1.49621332058332,-0.836495046873363,0.416461175592611,0.742609944913378,-5.61330482284014
"hsa-mir-2113",0.54580997353843,1.85786748749037,0.834984288060373,0.417283979191618,0.742609944913378,-5.61450364686427
"hsa-mir-1291",0.528895027781667,8.7307369909891,0.834182773435252,0.417720937694732,0.742609944913378,-5.61513887481581
"hsa-mir-3646",-0.702305067972171,2.11295327360683,-0.833883270024205,0.417884293277173,0.742609944913378,-5.61537610035809
"hsa-mir-3159",0.501063002675275,8.25411245832816,0.830610471866938,0.419672059347109,0.742609944913378,-5.61796335252198
"hsa-mir-6877",0.545809973538431,3.29851018578616,0.830421795109097,0.419775275468294,0.742609944913378,-5.6181122275787
"hsa-mir-3659",0.666666666666667,1.33333333333333,0.830306003448427,0.419838627775968,0.742609944913378,-5.61820357765999
"hsa-mir-1286",0.528320833573719,1.45914791702724,0.827610598373719,0.421315102554954,0.742609944913378,-5.62032677919131
"hsa-mir-1253",-0.635630198536173,0.984481765934753,-0.827401064386635,0.421430021004207,0.742609944913378,-5.62049157026959
"hsa-mir-1178",-0.528320833573719,0.264160416786859,-0.820149729425255,0.42541952340794,0.742609944913378,-5.62617123995911
"hsa-mir-1263",0.528320833573719,0.264160416786859,0.820149729425255,0.42541952340794,0.742609944913378,-5.62617123995911
"hsa-mir-3169",0.528320833573719,0.264160416786859,0.820149729425255,0.42541952340794,0.742609944913378,-5.62617123995911
"hsa-mir-3674",0.528320833573719,0.264160416786859,0.820149729425255,0.42541952340794,0.742609944913378,-5.62617123995911
"hsa-mir-3943",0.528320833573719,0.264160416786859,0.820149729425255,0.42541952340794,0.742609944913378,-5.62617123995911
"hsa-mir-3945",0.528320833573719,0.264160416786859,0.820149729425255,0.42541952340794,0.742609944913378,-5.62617123995911
"hsa-mir-3977",-0.528320833573719,0.264160416786859,-0.820149729425255,0.42541952340794,0.742609944913378,-5.62617123995911
"hsa-mir-3978",0.528320833573719,0.264160416786859,0.820149729425255,0.42541952340794,0.742609944913378,-5.62617123995911
"hsa-mir-4251",-0.528320833573719,0.264160416786859,-0.820149729425255,0.42541952340794,0.742609944913378,-5.62617123995911
"hsa-mir-4267",-0.528320833573719,0.264160416786859,-0.820149729425255,0.42541952340794,0.742609944913378,-5.62617123995911
"hsa-mir-4274",-0.528320833573719,0.264160416786859,-0.820149729425255,0.42541952340794,0.742609944913378,-5.62617123995911
"hsa-mir-4280",-0.528320833573719,0.264160416786859,-0.820149729425255,0.42541952340794,0.742609944913378,-5.62617123995911
"hsa-mir-4428",-0.528320833573719,0.264160416786859,-0.820149729425255,0.42541952340794,0.742609944913378,-5.62617123995911
"hsa-mir-4468",-0.528320833573719,0.264160416786859,-0.820149729425255,0.42541952340794,0.742609944913378,-5.62617123995911
"hsa-mir-4643",0.528320833573719,0.264160416786859,0.820149729425255,0.42541952340794,0.742609944913378,-5.62617123995911
"hsa-mir-4691",-0.528320833573719,0.264160416786859,-0.820149729425255,0.42541952340794,0.742609944913378,-5.62617123995911
"hsa-mir-4696",-0.528320833573719,0.264160416786859,-0.820149729425255,0.42541952340794,0.742609944913378,-5.62617123995911
"hsa-mir-4756",0.528320833573719,0.264160416786859,0.820149729425255,0.42541952340794,0.742609944913378,-5.62617123995911
"hsa-mir-4774",-0.528320833573719,0.264160416786859,-0.820149729425255,0.42541952340794,0.742609944913378,-5.62617123995911
"hsa-mir-4799",0.528320833573719,0.264160416786859,0.820149729425255,0.42541952340794,0.742609944913378,-5.62617123995911
"hsa-mir-507",0.528320833573719,0.264160416786859,0.820149729425255,0.42541952340794,0.742609944913378,-5.62617123995911
"hsa-mir-515-1",0.528320833573719,0.264160416786859,0.820149729425255,0.42541952340794,0.742609944913378,-5.62617123995911
"hsa-mir-572",0.528320833573719,0.264160416786859,0.820149729425255,0.42541952340794,0.742609944913378,-5.62617123995911
"hsa-mir-595",0.528320833573719,0.264160416786859,0.820149729425255,0.42541952340794,0.742609944913378,-5.62617123995911
"hsa-mir-603",-0.528320833573719,0.264160416786859,-0.820149729425255,0.42541952340794,0.742609944913378,-5.62617123995911
"hsa-mir-6068",-0.528320833573719,0.264160416786859,-0.820149729425255,0.42541952340794,0.742609944913378,-5.62617123995911
"hsa-mir-6070",0.528320833573719,0.264160416786859,0.820149729425255,0.42541952340794,0.742609944913378,-5.62617123995911
"hsa-mir-6083",-0.528320833573719,0.264160416786859,-0.820149729425255,0.42541952340794,0.742609944913378,-5.62617123995911
"hsa-mir-620",0.528320833573719,0.264160416786859,0.820149729425255,0.42541952340794,0.742609944913378,-5.62617123995911
"hsa-mir-623",0.528320833573719,0.264160416786859,0.820149729425255,0.42541952340794,0.742609944913378,-5.62617123995911
"hsa-mir-648",-0.528320833573719,0.264160416786859,-0.820149729425255,0.42541952340794,0.742609944913378,-5.62617123995911
"hsa-mir-6790",0.528320833573719,0.264160416786859,0.820149729425255,0.42541952340794,0.742609944913378,-5.62617123995911
"hsa-mir-6834",-0.528320833573719,0.264160416786859,-0.820149729425255,0.42541952340794,0.742609944913378,-5.62617123995911
"hsa-mir-6844",0.528320833573719,0.264160416786859,0.820149729425255,0.42541952340794,0.742609944913378,-5.62617123995911
"hsa-mir-7112",0.528320833573719,0.264160416786859,0.820149729425255,0.42541952340794,0.742609944913378,-5.62617123995911
"hsa-mir-922",0.528320833573719,0.264160416786859,0.820149729425255,0.42541952340794,0.742609944913378,-5.62617123995911
"hsa-mir-5687",0.578988531388736,2.61525424019434,0.819139659433916,0.425977168796347,0.742609944913378,-5.62695879624412
"hsa-mir-339",0.524801075744527,11.0339865450519,0.817835409314399,0.426697924497563,0.742609944913378,-5.62797442619839
"hsa-mir-566",0.47811095420903,7.46933515944059,0.815381410747305,0.428056185655331,0.742609944913378,-5.62988140022041
"hsa-mir-429",-0.60031715130871,14.4096504301584,-0.815368001033686,0.428063615424946,0.742609944913378,-5.62989180649023
"hsa-mir-6782",0.578988531388736,1.67946926617514,0.813280212993073,0.429221385357894,0.742609944913378,-5.6315100894677
"hsa-mir-1306",0.507090444157797,6.5739681565921,0.809662830560118,0.431232143637215,0.742609944913378,-5.63430508120558
"hsa-mir-1238",0.602451640685869,0.967892487009601,0.808744786683653,0.431743407494255,0.742609944913378,-5.6350126145541
"hsa-mir-1244-3",0.528320833573719,0.597493750120193,0.807849587094498,0.432242323275564,0.742609944913378,-5.63570184024253
"hsa-mir-371b",0.528320833573719,0.597493750120193,0.807849587094498,0.432242323275564,0.742609944913378,-5.63570184024253
"hsa-mir-3935",0.528320833573719,0.597493750120193,0.807849587094498,0.432242323275564,0.742609944913378,-5.63570184024253
"hsa-mir-6822",0.528320833573719,0.597493750120193,0.807849587094498,0.432242323275564,0.742609944913378,-5.63570184024253
"hsa-mir-7973-2",0.528320833573719,0.597493750120193,0.807849587094498,0.432242323275564,0.742609944913378,-5.63570184024253
"hsa-mir-1203",0.528320833573719,0.597493750120193,0.807849587094497,0.432242323275564,0.742609944913378,-5.63570184024253
"hsa-mir-1321",0.528320833573719,0.597493750120193,0.807849587094497,0.432242323275564,0.742609944913378,-5.63570184024253
"hsa-mir-205",-0.528320833573719,0.597493750120193,-0.807849587094497,0.432242323275564,0.742609944913378,-5.63570184024253
"hsa-mir-3612",0.528320833573719,0.597493750120193,0.807849587094497,0.432242323275564,0.742609944913378,-5.63570184024253
"hsa-mir-4674",-0.528320833573719,0.597493750120193,-0.807849587094497,0.432242323275564,0.742609944913378,-5.63570184024253
"hsa-mir-4693",0.528320833573719,0.597493750120193,0.807849587094497,0.432242323275564,0.742609944913378,-5.63570184024253
"hsa-mir-4737",0.528320833573719,0.597493750120193,0.807849587094497,0.432242323275564,0.742609944913378,-5.63570184024253
"hsa-mir-554",-0.528320833573719,0.597493750120193,-0.807849587094497,0.432242323275564,0.742609944913378,-5.63570184024253
"hsa-mir-5698",0.528320833573719,0.597493750120193,0.807849587094497,0.432242323275564,0.742609944913378,-5.63570184024253
"hsa-mir-6075",-0.528320833573719,0.597493750120193,-0.807849587094497,0.432242323275564,0.742609944913378,-5.63570184024253
"hsa-mir-614",-0.528320833573719,0.597493750120193,-0.807849587094497,0.432242323275564,0.742609944913378,-5.63570184024253
"hsa-mir-7975",-0.528320833573719,0.597493750120193,-0.807849587094497,0.432242323275564,0.742609944913378,-5.63570184024253
"hsa-mir-8052",-0.528320833573719,0.597493750120193,-0.807849587094497,0.432242323275564,0.742609944913378,-5.63570184024253
"hsa-mir-5697",0.528320833573718,2.03813644841598,0.807819525814207,0.432259083542064,0.742609944913378,-5.63572497278362
"hsa-mir-191",0.565170298034021,15.5563995194064,0.80642539433187,0.433036820313412,0.743208034863296,-5.63679691618348
"hsa-mir-7978",0.761800739620749,1.71423370314371,0.805297507317593,0.433666683711664,0.743218773344818,-5.6376629144806
"hsa-mir-23c",0.529541247613547,5.29137665221089,0.804875880597389,0.433902289640616,0.743218773344818,-5.6379863592387
"hsa-mir-4286",0.529854019336848,7.08619624909736,0.800858231244658,0.436151464227767,0.746019645012943,-5.6410607166881
"hsa-mir-509-2",0.695820947083446,1.34791047354172,0.800415212296539,0.436399931071155,0.746019645012943,-5.64139886430271
"hsa-mir-548i-1",0.528320833573719,1.79248125036058,0.798114466765464,0.437691753021302,0.747489370905086,-5.64315224057428
"hsa-mir-497",0.577426707246305,9.07907471444676,0.79566096670361,0.439072022330735,0.748794785017911,-5.64501696848201
"hsa-mir-26a-2",0.563193343899783,18.4091906120781,0.794859156976782,0.439523696719417,0.748794785017911,-5.64562523280063
"hsa-mir-6715b",0.522034491156614,3.12392212410573,0.794449416282324,0.439754625189709,0.748794785017911,-5.64593585232292
"hsa-mir-4485",0.535894192407079,3.89600393590635,0.793422676498227,0.44033363054023,0.749043442315238,-5.64671357068097
"hsa-mir-6792",-0.578988531388735,0.817815099268086,-0.788046616177178,0.443373219981053,0.752997622159701,-5.65077077534415
"hsa-mir-3182",-0.647939935281515,7.35905285546131,-0.787772325220393,0.443528657214298,0.752997622159701,-5.65097710279964
"hsa-mir-96",0.630701432767706,9.45607026123689,0.78633174307115,0.444345582242676,0.753254787805362,-5.65205966325435
"hsa-mir-1587",-0.578988531388735,1.15114843260142,-0.785969861776685,0.444550947022702,0.753254787805362,-5.65233132360404
"hsa-mir-3134",-0.471679166426281,2.0664572819897,-0.78346172657187,0.44597593975807,0.75463335658969,-5.65421101613699
"hsa-mir-26a-1",0.566286913805623,18.5244471402342,0.78300286878402,0.446236950168354,0.75463335658969,-5.65455430815034
"hsa-mir-491",0.543441011373676,4.93532486540471,0.779264929851916,0.448366770637139,0.757280877172378,-5.6573439823781
"hsa-mir-17",0.554429922717389,11.6455288381218,0.778297017762406,0.448919311584336,0.757280877172378,-5.65806435961949
"hsa-mir-889",0.655494637655879,7.85408097771638,0.777869574679425,0.449163457167519,0.757280877172378,-5.65838222741191
"hsa-mir-6809",-0.528320833573718,1.65413541726763,-0.775267276208849,0.450651626880667,0.757280877172378,-5.66031397931672
"hsa-mir-3202-2",0.504857724276587,2.04986800306455,0.775264814377126,0.450653036183103,0.757280877172378,-5.6603158039931
"hsa-mir-1268a",0.457498660622005,7.16043701206915,0.774959765291417,0.450827686226756,0.757280877172378,-5.66054186122444
"hsa-mir-612",0.491310396110803,1.63563019853617,0.774891721099345,0.450866649414768,0.757280877172378,-5.66059227440506
"hsa-mir-3176",-0.534294802906141,4.61253860563756,-0.772697487339731,0.452124232782087,0.758572891472004,-5.66221578597734
"hsa-mir-516a-1",0.705159072473312,0.880900369810375,0.771672039559132,0.452712700053975,0.758572891472004,-5.66297306890957
"hsa-mir-3180-5",0.528320833573719,0.930827083453526,0.769730323736828,0.453828290562731,0.758572891472004,-5.66440448368283
"hsa-mir-4795",0.528320833573719,0.930827083453526,0.769730323736828,0.453828290562731,0.758572891472004,-5.66440448368283
"hsa-mir-7847",0.528320833573718,0.930827083453526,0.769730323736827,0.453828290562731,0.758572891472004,-5.66440448368283
"hsa-mir-216a",0.62817426086002,2.98820973477283,0.767770404626238,0.454956077462705,0.759723951747567,-5.66584596726913
"hsa-mir-30d",0.564034622082936,17.1465497677871,0.765820150910329,0.45608003438268,0.760243183957249,-5.66727699868212
"hsa-mir-4797",0.561499391424024,2.74485550330493,0.765705937876676,0.456145910374349,0.760243183957249,-5.66736070098765
"hsa-mir-4767",-0.510171572232927,2.61402431846674,-0.764705056856048,0.456723453464446,0.760473122707885,-5.66809371817313
"hsa-mir-4426",0.677473825897458,2.49188078582783,0.762722610470798,0.457868735003954,0.761647030343117,-5.66954301028014
"hsa-mir-409",0.659683427533594,11.5609802139925,0.761744200321831,0.458434630095209,0.761855821387812,-5.67025701705404
"hsa-mir-921",0.545809973538431,1.32954665391665,0.760439905873002,0.459189685260536,0.762378268234863,-5.67120753381338
"hsa-mir-6502",0.45950387441791,3.06036963598551,0.756742172205852,0.461334486572894,0.764395489783691,-5.67389416014609
"hsa-mir-3611",0.499084087522344,3.55781287829643,0.756522571791548,0.461462056221973,0.764395489783691,-5.67405333466308
"hsa-mir-6789",-0.507317567731786,2.78943555511576,-0.756061066506931,0.461730223597663,0.764395489783691,-5.67438771245276
"hsa-mir-1233-1",0.528320833573719,0.792481250360578,0.753186349686346,0.463402804669796,0.764837237835569,-5.67646632940488
"hsa-mir-6850",0.528320833573719,0.792481250360578,0.753186349686346,0.463402804669796,0.764837237835569,-5.67646632940488
"hsa-mir-6757",-0.528320833573719,0.792481250360578,-0.753186349686346,0.463402804669796,0.764837237835569,-5.67646632940488
"hsa-mir-4513",-0.528320833573719,1.45914791702724,-0.752563870780047,0.463765469647117,0.764837237835569,-5.67691546536577
"hsa-mir-616",0.485226494592063,3.77218479249012,0.747581954545269,0.466674298816754,0.768622315119692,-5.68049774764137
"hsa-mir-495",0.571801474074055,9.42044032184194,0.745701900264967,0.467774925454988,0.768622315119692,-5.68184392154936
"hsa-mir-499a",0.473820115466957,7.70134351439713,0.744999756339026,0.468186384315227,0.768622315119692,-5.68234587647858
"hsa-mir-4660",0.528320833573719,1.37146978174931,0.744836585492098,0.468282034760783,0.768622315119692,-5.68246246314091
"hsa-mir-3160-2",0.528320833573718,1.37146978174931,0.744836585492097,0.468282034760783,0.768622315119692,-5.68246246314091
"hsa-mir-7845",0.477653135758702,2.01280259950847,0.743878116470504,0.468844129137924,0.768815491382567,-5.6831468206754
"hsa-mir-580",0.554043453747872,2.97460744051389,0.741894880847389,0.470008508732376,0.769995000101336,-5.68456029437785
"hsa-mir-425",0.508353431975685,12.4200005182695,0.738962283172256,0.471733504775599,0.770332254996871,-5.68664401300357
"hsa-mir-550a-2",0.455016454482389,4.06261334595327,0.736859417609441,0.472972814270481,0.770332254996871,-5.68813348972649
"hsa-mir-3199-2",0.485226494592063,3.18585415899138,0.736486044208516,0.473193066421604,0.770332254996871,-5.68839754367867
"hsa-mir-135b",0.593584233918902,8.6089156516454,0.732763224763733,0.475392561431266,0.770332254996871,-5.69102360638804
"hsa-mir-218-1",0.530341871243278,11.0390653688924,0.731982688896468,0.475854499016334,0.770332254996871,-5.69157263489033
"hsa-mir-3622b",0.563959234879222,3.3128986644129,0.731662501741938,0.476044071252616,0.770332254996871,-5.6917976980108
"hsa-mir-19b-1",0.554626231872556,9.68945137099071,0.729071851375867,0.477579593160417,0.770332254996871,-5.69361534837345
"hsa-mir-651",0.500496386010349,7.75325844390116,0.728598659676419,0.477860385268764,0.770332254996871,-5.69394670517036
"hsa-mir-4738",0.440642698295788,1.943629682962,0.726464594989993,0.479127980192061,0.770332254996871,-5.69543863182084
"hsa-mir-1275",0.488018506958479,9.3507733106979,0.723716505394761,0.480763282323469,0.770332254996871,-5.69735386074475
"hsa-mir-3658",0.471679166426282,1.09749375012019,0.721239435630508,0.482240187584388,0.770332254996871,-5.69907445036909
"hsa-mir-3916",0.438500608575976,2.9115221699716,0.720569379691667,0.482640164055054,0.770332254996871,-5.69953893724143
"hsa-mir-3150a",0.476116718007839,4.33549890327127,0.719642070668937,0.483194031438414,0.770332254996871,-5.70018109395788
"hsa-mir-548aa-2",0.465473940370499,4.10782104410087,0.718726021690786,0.483741548068318,0.770332254996871,-5.70081470105557
"hsa-mir-3910-1",0.568181372157944,3.06404068704051,0.717827798789883,0.484278771591933,0.770332254996871,-5.70143525228838
"hsa-mir-4664",-0.523137165728881,4.70314961969591,-0.716417225203271,0.485123151875069,0.770332254996871,-5.7024083175042
"hsa-mir-320c-2",0.42988057613687,7.29237645250798,0.712889714926986,0.487238603671723,0.770332254996871,-5.70483395499157
"hsa-mir-1285-1",0.422931432795185,9.0474929339248,0.712867036243039,0.487252221913464,0.770332254996871,-5.70484951371173
"hsa-mir-6508",0.528320833573719,1.70480311508265,0.71242735053367,0.487516292146979,0.770332254996871,-5.70515106952378
"hsa-mir-4749",0.587653600899717,2.5036123404764,0.712186611370941,0.487660913550732,0.770332254996871,-5.70531610591527
"hsa-mir-4705",-0.528320833573719,1.45914791702724,-0.710205770031557,0.488851854266736,0.770332254996871,-5.70667208746063
"hsa-mir-4796",0.470356199025299,3.40444297957888,0.707887730382585,0.490247727925482,0.770332254996871,-5.70825444583465
"hsa-mir-548b",0.467366147857116,3.89277638176186,0.707622753859221,0.490407442016576,0.770332254996871,-5.70843502027625
"hsa-mir-218-2",0.514572598851665,11.0772885246939,0.707328316579489,0.490584949821845,0.770332254996871,-5.70863559779891
"hsa-mir-597",0.48855452411627,4.57003723655811,0.706412011605598,0.49113760827807,0.770332254996871,-5.70925930998706
"hsa-mir-124-3",-0.528320833573719,0.930827083453526,-0.704027864799894,0.492577310503808,0.770332254996871,-5.71087863569188
"hsa-mir-5683",0.528320833573719,0.930827083453526,0.704027864799894,0.492577310503808,0.770332254996871,-5.71087863569188
"hsa-mir-1290",0.447887563411699,5.86896042062805,0.70175410006609,0.493952686053071,0.770332254996871,-5.71241824904246
"hsa-mir-7977",0.444307168759964,5.30858755607315,0.701430304805605,0.494148731068246,0.770332254996871,-5.71263712090504
"hsa-mir-133a-2",-0.567325615796204,8.60013653812264,-0.701079146371958,0.494361395426354,0.770332254996871,-5.71287438294361
"hsa-mir-639",-0.471679166426281,2.8208020839343,-0.700681753382907,0.494602125102288,0.770332254996871,-5.71314275033959
"hsa-mir-5584",0.528320833573719,0.597493750120193,0.697599851481942,0.496471408056301,0.770332254996871,-5.71521921444522
"hsa-mir-4508",-0.478599779098792,8.18886519088138,-0.6939398150754,0.49869675483221,0.770332254996871,-5.71767413593547
"hsa-mir-379",0.510032376946791,11.6692808278619,0.691949474967563,0.499909364667453,0.770332254996871,-5.71900408218338
"hsa-mir-6810",0.504857724276586,1.85488050282416,0.691313565847579,0.500297155386283,0.770332254996871,-5.71942824681892
"hsa-mir-6724-4",0.497284365443226,2.77696301629533,0.688993244838535,0.501713631932427,0.770332254996871,-5.72097286664221
"hsa-mir-885",0.571415172555374,2.48069508651807,0.688284592383585,0.502146707808536,0.770332254996871,-5.72144364612337
"hsa-mir-4477a",0.471679166426281,1.43082708345353,0.687206966678437,0.502805691952751,0.770332254996871,-5.72215868005372
"hsa-mir-10b",0.472593916384259,18.1303623062763,0.683542454669204,0.505050375031115,0.770332254996871,-5.72458236331137
"hsa-mir-1260a",0.41021125927251,10.4300652591363,0.683216522390443,0.505250306184339,0.770332254996871,-5.72479734711729
"hsa-mir-500a",0.446071245077359,10.1490949097468,0.682240323428192,0.505849395340027,0.770332254996871,-5.72544067198754
"hsa-mir-6741",0.454998938926416,3.24229750924936,0.680826379886913,0.506717859440505,0.770332254996871,-5.72637095215926
"hsa-mir-151a",0.43666006594937,16.1873986721724,0.677284379725501,0.508897208053164,0.770332254996871,-5.72869343692879
"hsa-mir-4512",0.432371448166141,5.00795605657409,0.675048520586458,0.510275697858374,0.770332254996871,-5.73015365833606
"hsa-mir-3925",0.421011468611264,2.37445676641552,0.670624954303952,0.513009345208336,0.770332254996871,-5.73302934925309
"hsa-mir-3158-1",0.4670000789867,6.90124051262941,0.669582912174503,0.513654526274137,0.770332254996871,-5.73370419031254
"hsa-mir-9-1",0.453186018102548,9.87912893658629,0.667144136692735,0.51516632039662,0.770332254996871,-5.73527973569598
"hsa-mir-1228",0.473821256146093,3.56267060257302,0.666399375268918,0.515628506275797,0.770332254996871,-5.73575980813226
"hsa-mir-3200",0.44996330812968,4.10143386075804,0.66275959175513,0.517890713373132,0.770332254996871,-5.73809878245906
"hsa-mir-4273",-0.471679166426281,0.764160416786859,-0.662436489891861,0.518091802614106,0.770332254996871,-5.73830583205211
"hsa-mir-6785",-0.471679166426281,0.764160416786859,-0.66243648989186,0.518091802614106,0.770332254996871,-5.73830583205211
"hsa-mir-933",0.409606230165293,1.87146978174931,0.659937691362345,0.519648490025103,0.770332254996871,-5.73990391151612
"hsa-mir-6511b-2",0.464963788814195,3.67312459270289,0.659249797682838,0.52007749841762,0.770332254996871,-5.74034285242016
"hsa-mir-513c",0.528320833573718,1.3208020839343,0.657245112598629,0.521328882037722,0.770332254996871,-5.74161958126652
"hsa-mir-320c-1",0.395912477273821,7.53567593145235,0.656508059950031,0.521789402816732,0.770332254996871,-5.74208807273105
"hsa-mir-28",0.436612214674948,14.7646914716663,0.653247783200025,0.523829243014684,0.770332254996871,-5.744154478647
"hsa-mir-937",0.473990457466186,4.31065617909368,0.652234702953111,0.524464011864598,0.770332254996871,-5.74479461526209
"hsa-mir-369",0.505807320506865,8.01860557489263,0.64864125352496,0.526719082327735,0.770332254996871,-5.74705768769316
"hsa-mir-9-2",0.434143843086646,9.88806652343552,0.646082654985142,0.528328064805054,0.770332254996871,-5.74866187313782
"hsa-mir-1180",0.42789801622766,9.72745964494804,0.643929683644011,0.529684110679199,0.770332254996871,-5.75000712037553
"hsa-mir-656",0.509419362646848,5.59748893903655,0.643685535261828,0.529838010679567,0.770332254996871,-5.75015940569909
"hsa-mir-4746",0.423485829971548,4.9688243002743,0.636975658119801,0.534077433176646,0.770332254996871,-5.75432335607829
"hsa-mir-6715a",-0.431818627842057,2.70238652013346,-0.632971368855178,0.536616420255387,0.770332254996871,-5.75678871810892
"hsa-mir-3152",-0.400112192032783,4.68683206313737,-0.629414898532704,0.538877081537107,0.770332254996871,-5.75896607797975
"hsa-mir-6748",0.471679166426281,1.43082708345353,0.628548516937015,0.539428593963053,0.770332254996871,-5.75949474583046
"hsa-mir-4328",-0.440642698295788,0.88698801581456,-0.627306871845856,0.540219532841242,0.770332254996871,-5.76025120249408
"hsa-mir-8079",-0.440642698295787,0.88698801581456,-0.627306871845856,0.540219532841243,0.770332254996871,-5.76025120249408
"hsa-mir-1260b",0.376712719031925,10.566013935419,0.626479788240003,0.540746748374861,0.770332254996871,-5.76075430960018
"hsa-mir-381",0.497370695656848,12.7912091477052,0.625668760118903,0.541264005693497,0.770332254996871,-5.76124704202492
"hsa-mir-7-3",0.502070796079934,13.891972980722,0.6236065198606,0.542580491245854,0.770332254996871,-5.76249722262007
"hsa-mir-7-1",0.499643265272315,13.9550662145567,0.622540381905003,0.54326178039217,0.770332254996871,-5.7631420134437
"hsa-mir-4773-1",0.495142275723414,1.68821383615749,0.622200162462257,0.543479288375801,0.770332254996871,-5.76334755586723
"hsa-mir-5696",0.423802106436066,5.01450066995869,0.621720475893315,0.543786041479573,0.770332254996871,-5.76363717659549
"hsa-mir-5699",0.43069352028627,3.45342859936518,0.62025637184772,0.544722905304931,0.770332254996871,-5.76451985498793
"hsa-mir-9-3",0.421252900588795,9.91154085523396,0.619018921640698,0.545515427107774,0.770332254996871,-5.76526435520973
"hsa-mir-654",0.475359096736607,10.0542748760347,0.616045534561537,0.547422309720536,0.770332254996871,-5.76704752027459
"hsa-mir-3677",0.550692232193231,1.54446442344915,0.614990149984674,0.548100021726462,0.770332254996871,-5.76767849124792
"hsa-mir-550b-1",0.400876388838339,4.62133224187322,0.614244185600028,0.548579317042736,0.770332254996871,-5.76812385547757
"hsa-mir-202",-0.597068394021425,4.24911721081607,-0.611278594293986,0.550487023957103,0.770332254996871,-5.76988934943222
"hsa-mir-151b",0.377420622846041,6.64040222697937,0.611009745246068,0.550660147783851,0.770332254996871,-5.77004900259815
"hsa-mir-107",0.419824428154815,8.86400144867943,0.610027167076145,0.551293125518837,0.770332254996871,-5.77063193085947
"hsa-mir-362",0.518914655611413,8.40740642641665,0.60977014400989,0.551458765290792,0.770332254996871,-5.77078426687347
"hsa-mir-19b-2",0.458073358994382,9.7386277538653,0.609709848346416,0.551497627044793,0.770332254996871,-5.77081999494802
"hsa-mir-5000",0.382519062804619,3.06036963598551,0.608226512067422,0.552454135492764,0.770332254996871,-5.77169788960102
"hsa-mir-219b",-0.440642698295788,1.08197551605495,-0.607232302290582,0.553095741463331,0.770332254996871,-5.77228516730128
"hsa-mir-3942",0.440642698295787,1.08197551605495,0.607232302290581,0.553095741463331,0.770332254996871,-5.77228516730128
"hsa-mir-5089",0.440642698295787,1.08197551605495,0.607232302290581,0.553095741463331,0.770332254996871,-5.77228516730128
"hsa-mir-7-2",0.487702166258462,13.8800332189263,0.60646249123567,0.55359281085542,0.770332254996871,-5.77273926813827
"hsa-mir-4734",-0.421011468611264,1.31781509926809,-0.603934972310517,0.555226538397882,0.770332254996871,-5.77422637924624
"hsa-mir-631",0.440642698295787,0.553654682481227,0.603015186862449,0.555821711824801,0.770332254996871,-5.77476609108326
"hsa-mir-4321",-0.440642698295787,0.553654682481227,-0.603015186862449,0.555821711824801,0.770332254996871,-5.77476609108326
"hsa-mir-8078",-0.440642698295787,0.553654682481227,-0.603015186862449,0.555821711824801,0.770332254996871,-5.77476609108326
"hsa-mir-6766",0.440642698295788,1.41530884938828,0.602632464273029,0.556069464870833,0.770332254996871,-5.77499043541674
"hsa-mir-4326",-0.850871241007766,6.90020693283888,-0.600509586688502,0.557444777778393,0.770332254996871,-5.77623237233529
"hsa-mir-490",-0.797439140926254,3.96553280984349,-0.60016652728338,0.55766720174644,0.770332254996871,-5.77643268074649
"hsa-mir-411",0.439128520116357,10.3129446281747,0.596367268581216,0.560133657342546,0.770332254996871,-5.77864376472653
"hsa-mir-4474",0.403124757558063,4.04503115781205,0.593464065432655,0.562022335219813,0.770332254996871,-5.78032438334751
"hsa-mir-3144",-0.46410580759292,1.23205290379646,-0.593122404046754,0.562244826667697,0.770332254996871,-5.78052165374578
"hsa-mir-4419a",0.355343290111731,7.3765326046944,0.590844792430523,0.56372921949878,0.770332254996871,-5.78183395768229
"hsa-mir-3529",0.47440753522576,14.2691323716043,0.588641490911129,0.565167167756126,0.770332254996871,-5.78309888233533
"hsa-mir-548h-2",0.389975000480771,1.19498750024039,0.587623872933577,0.565831957308836,0.770332254996871,-5.78368158529108
"hsa-mir-6862-1",-0.389975000480771,1.19498750024039,-0.587623872933576,0.565831957308837,0.770332254996871,-5.78368158529108
"hsa-mir-5094",-0.421011468611264,0.984481765934753,-0.587356001811727,0.566007021226893,0.770332254996871,-5.78383481292324
"hsa-mir-548i-3",0.47167916642628,1.62581458369391,0.587118930175632,0.56616198050741,0.770332254996871,-5.78397036725011
"hsa-mir-7974",0.545533729598692,7.02866113927286,0.585633540878764,0.567133401411571,0.770332254996871,-5.78481850864608
"hsa-mir-7155",-0.375023588552684,3.9207359092218,-0.585561186152419,0.567180742809319,0.770332254996871,-5.7848597702569
"hsa-mir-3682",0.389975000480771,0.861654166907052,0.584176861444306,0.568086903971839,0.770332254996871,-5.78564827332459
"hsa-mir-4505",0.389975000480771,0.861654166907052,0.584176861444306,0.568086903971839,0.770332254996871,-5.78564827332459
"hsa-mir-4689",-0.389975000480771,0.861654166907052,-0.584176861444305,0.56808690397184,0.770332254996871,-5.78564827332459
"hsa-mir-4472-2",-0.351258347364415,6.34368492191361,-0.581467033478353,0.56986293792383,0.770332254996871,-5.78718663731945
"hsa-mir-301b",0.399215253000254,3.82766446620294,0.577839321015164,0.57224513642422,0.770332254996871,-5.78923542857214
"hsa-mir-3918",-0.379167841249978,2.49188078582783,-0.575791513429777,0.573592171711475,0.770332254996871,-5.79038656117576
"hsa-mir-1287",0.367499396837294,7.5275100992898,0.574138001681571,0.574681053822877,0.770332254996871,-5.79131320865825
"hsa-mir-133a-1",-0.477818366617736,8.48370957919084,-0.573061210551875,0.575390731173497,0.770332254996871,-5.79191529035071
"hsa-mir-183",0.424969081694657,11.6773492096673,0.572667370879817,0.575650412249309,0.770332254996871,-5.79213523464763
"hsa-mir-548y",-0.528320833573719,0.930827083453526,-0.57140686026292,0.576481950649714,0.770332254996871,-5.79283821280546
"hsa-mir-6868",0.777068636158457,2.03993308820819,0.565589585070796,0.580327615360184,0.770332254996871,-5.79606333302038
"hsa-mir-3681",0.440642698295787,2.35109382340748,0.562777821542572,0.582191164180824,0.770332254996871,-5.79761090087286
"hsa-mir-4668",0.494050565045794,2.23945192368954,0.562179948121536,0.582587814343059,0.770332254996871,-5.79793901583798
"hsa-mir-487b",0.458728554224535,7.62080950511115,0.560518576483902,0.583690758600637,0.770332254996871,-5.79884903440198
"hsa-mir-200b",-0.446384256672573,17.9926082798641,-0.557284169394273,0.58584108526834,0.770332254996871,-5.80061330820268
"hsa-mir-6727",0.440642698295787,1.32763071411035,0.555982018996756,0.586707939449295,0.770332254996871,-5.80132083945226
"hsa-mir-3162",-0.389975000480771,1.38997500048077,-0.554698890173043,0.587562773589662,0.770332254996871,-5.80201648827983
"hsa-mir-198",0.333333333333333,0.166666666666667,0.549055227442444,0.591330193431123,0.770332254996871,-5.8050579601347
"hsa-mir-2052",0.333333333333333,0.166666666666667,0.549055227442444,0.591330193431123,0.770332254996871,-5.8050579601347
"hsa-mir-3118-4",0.333333333333333,0.166666666666667,0.549055227442444,0.591330193431123,0.770332254996871,-5.8050579601347
"hsa-mir-3132",0.333333333333333,0.166666666666667,0.549055227442444,0.591330193431123,0.770332254996871,-5.8050579601347
"hsa-mir-3683",0.333333333333333,0.166666666666667,0.549055227442444,0.591330193431123,0.770332254996871,-5.8050579601347
"hsa-mir-3921",0.333333333333333,0.166666666666667,0.549055227442444,0.591330193431123,0.770332254996871,-5.8050579601347
"hsa-mir-4285",0.333333333333333,0.166666666666667,0.549055227442444,0.591330193431123,0.770332254996871,-5.8050579601347
"hsa-mir-4451",0.333333333333333,0.166666666666667,0.549055227442444,0.591330193431123,0.770332254996871,-5.8050579601347
"hsa-mir-4456",0.333333333333333,0.166666666666667,0.549055227442444,0.591330193431123,0.770332254996871,-5.8050579601347
"hsa-mir-4457",0.333333333333333,0.166666666666667,0.549055227442444,0.591330193431123,0.770332254996871,-5.8050579601347
"hsa-mir-4500",0.333333333333333,0.166666666666667,0.549055227442444,0.591330193431123,0.770332254996871,-5.8050579601347
"hsa-mir-4675",0.333333333333333,0.166666666666667,0.549055227442444,0.591330193431123,0.770332254996871,-5.8050579601347
"hsa-mir-4681",0.333333333333333,0.166666666666667,0.549055227442444,0.591330193431123,0.770332254996871,-5.8050579601347
"hsa-mir-4718",0.333333333333333,0.166666666666667,0.549055227442444,0.591330193431123,0.770332254996871,-5.8050579601347
"hsa-mir-4740",0.333333333333334,0.833333333333333,0.549055227442444,0.591330193431123,0.770332254996871,-5.8050579601347
"hsa-mir-4751",0.333333333333333,0.166666666666667,0.549055227442444,0.591330193431123,0.770332254996871,-5.8050579601347
"hsa-mir-4801",0.333333333333333,0.166666666666667,0.549055227442444,0.591330193431123,0.770332254996871,-5.8050579601347
"hsa-mir-519e",0.333333333333333,0.166666666666667,0.549055227442444,0.591330193431123,0.770332254996871,-5.8050579601347
"hsa-mir-527",0.333333333333333,0.166666666666667,0.549055227442444,0.591330193431123,0.770332254996871,-5.8050579601347
"hsa-mir-553",0.333333333333333,0.166666666666667,0.549055227442444,0.591330193431123,0.770332254996871,-5.8050579601347
"hsa-mir-644a",0.333333333333333,0.166666666666667,0.549055227442444,0.591330193431123,0.770332254996871,-5.8050579601347
"hsa-mir-6778",0.333333333333333,0.166666666666667,0.549055227442444,0.591330193431123,0.770332254996871,-5.8050579601347
"hsa-mir-7154",0.333333333333333,0.166666666666667,0.549055227442444,0.591330193431123,0.770332254996871,-5.8050579601347
"hsa-mir-7162",0.333333333333333,0.166666666666667,0.549055227442444,0.591330193431123,0.770332254996871,-5.8050579601347
"hsa-mir-8054",0.333333333333333,0.166666666666667,0.549055227442444,0.591330193431123,0.770332254996871,-5.8050579601347
"hsa-mir-8061",0.333333333333333,0.166666666666667,0.549055227442444,0.591330193431123,0.770332254996871,-5.8050579601347
"hsa-mir-1182",-0.333333333333333,0.166666666666667,-0.549055227442444,0.591330193431124,0.770332254996871,-5.8050579601347
"hsa-mir-1184-2",0.333333333333333,0.166666666666667,0.549055227442444,0.591330193431124,0.770332254996871,-5.8050579601347
"hsa-mir-1184-3",0.333333333333333,0.166666666666667,0.549055227442444,0.591330193431124,0.770332254996871,-5.8050579601347
"hsa-mir-1200",0.333333333333333,0.166666666666667,0.549055227442444,0.591330193431124,0.770332254996871,-5.8050579601347
"hsa-mir-1207",-0.333333333333333,0.166666666666667,-0.549055227442444,0.591330193431124,0.770332254996871,-5.8050579601347
"hsa-mir-1231",-0.333333333333333,0.166666666666667,-0.549055227442444,0.591330193431124,0.770332254996871,-5.8050579601347
"hsa-mir-1264",-0.333333333333333,0.166666666666667,-0.549055227442444,0.591330193431124,0.770332254996871,-5.8050579601347
"hsa-mir-1302-10",-0.333333333333333,0.166666666666667,-0.549055227442444,0.591330193431124,0.770332254996871,-5.8050579601347
"hsa-mir-1302-11",-0.333333333333333,0.166666666666667,-0.549055227442444,0.591330193431124,0.770332254996871,-5.8050579601347
"hsa-mir-1302-2",-0.333333333333333,0.166666666666667,-0.549055227442444,0.591330193431124,0.770332254996871,-5.8050579601347
"hsa-mir-1302-8",-0.333333333333333,0.166666666666667,-0.549055227442444,0.591330193431124,0.770332254996871,-5.8050579601347
"hsa-mir-1302-9",0.333333333333333,0.166666666666667,0.549055227442444,0.591330193431124,0.770332254996871,-5.8050579601347
"hsa-mir-1324",-0.333333333333333,0.166666666666667,-0.549055227442444,0.591330193431124,0.770332254996871,-5.8050579601347
"hsa-mir-1470",-0.333333333333333,0.166666666666667,-0.549055227442444,0.591330193431124,0.770332254996871,-5.8050579601347
"hsa-mir-2114",-0.333333333333333,0.166666666666667,-0.549055227442444,0.591330193431124,0.770332254996871,-5.8050579601347
"hsa-mir-2117",0.333333333333333,0.166666666666667,0.549055227442444,0.591330193431124,0.770332254996871,-5.8050579601347
"hsa-mir-2909",-0.333333333333333,0.166666666666667,-0.549055227442444,0.591330193431124,0.770332254996871,-5.8050579601347
"hsa-mir-297",0.333333333333333,0.166666666666667,0.549055227442444,0.591330193431124,0.770332254996871,-5.8050579601347
"hsa-mir-298",-0.333333333333333,0.166666666666667,-0.549055227442444,0.591330193431124,0.770332254996871,-5.8050579601347
"hsa-mir-302a",0.333333333333333,0.166666666666667,0.549055227442444,0.591330193431124,0.770332254996871,-5.8050579601347
"hsa-mir-302b",-0.333333333333333,0.166666666666667,-0.549055227442444,0.591330193431124,0.770332254996871,-5.8050579601347
"hsa-mir-3118-3",-0.333333333333333,0.166666666666667,-0.549055227442444,0.591330193431124,0.770332254996871,-5.8050579601347
"hsa-mir-3119-1",0.333333333333333,0.166666666666667,0.549055227442444,0.591330193431124,0.770332254996871,-5.8050579601347
"hsa-mir-3151",-0.333333333333333,0.166666666666667,-0.549055227442444,0.591330193431124,0.770332254996871,-5.8050579601347
"hsa-mir-3153",0.333333333333333,0.166666666666667,0.549055227442444,0.591330193431124,0.770332254996871,-5.8050579601347
"hsa-mir-3156-3",0.333333333333333,0.166666666666667,0.549055227442444,0.591330193431124,0.770332254996871,-5.8050579601347
"hsa-mir-3165",-0.333333333333333,0.166666666666667,-0.549055227442444,0.591330193431124,0.770332254996871,-5.8050579601347
"hsa-mir-3649",-0.333333333333333,0.166666666666667,-0.549055227442444,0.591330193431124,0.770332254996871,-5.8050579601347
"hsa-mir-3668",-0.333333333333333,0.166666666666667,-0.549055227442444,0.591330193431124,0.770332254996871,-5.8050579601347
"hsa-mir-3689d-2",-0.333333333333333,0.166666666666667,-0.549055227442444,0.591330193431124,0.770332254996871,-5.8050579601347
"hsa-mir-373",0.333333333333333,0.166666666666667,0.549055227442444,0.591330193431124,0.770332254996871,-5.8050579601347
"hsa-mir-3938",0.333333333333333,0.166666666666667,0.549055227442444,0.591330193431124,0.770332254996871,-5.8050579601347
"hsa-mir-3972",0.333333333333333,0.166666666666667,0.549055227442444,0.591330193431124,0.770332254996871,-5.8050579601347
"hsa-mir-3973",0.333333333333333,0.166666666666667,0.549055227442444,0.591330193431124,0.770332254996871,-5.8050579601347
"hsa-mir-3975",-0.333333333333333,0.166666666666667,-0.549055227442444,0.591330193431124,0.770332254996871,-5.8050579601347
"hsa-mir-4261",-0.333333333333333,0.166666666666667,-0.549055227442444,0.591330193431124,0.770332254996871,-5.8050579601347
"hsa-mir-4266",0.333333333333333,0.166666666666667,0.549055227442444,0.591330193431124,0.770332254996871,-5.8050579601347
"hsa-mir-4271",0.333333333333333,0.166666666666667,0.549055227442444,0.591330193431124,0.770332254996871,-5.8050579601347
"hsa-mir-4276",0.333333333333333,0.166666666666667,0.549055227442444,0.591330193431124,0.770332254996871,-5.8050579601347
"hsa-mir-4293",-0.333333333333333,0.166666666666667,-0.549055227442444,0.591330193431124,0.770332254996871,-5.8050579601347
"hsa-mir-4295",0.333333333333333,0.166666666666667,0.549055227442444,0.591330193431124,0.770332254996871,-5.8050579601347
"hsa-mir-4299",-0.333333333333333,0.166666666666667,-0.549055227442444,0.591330193431124,0.770332254996871,-5.8050579601347
"hsa-mir-4302",-0.333333333333333,0.166666666666667,-0.549055227442444,0.591330193431124,0.770332254996871,-5.8050579601347
"hsa-mir-4305",-0.333333333333333,0.166666666666667,-0.549055227442444,0.591330193431124,0.770332254996871,-5.8050579601347
"hsa-mir-4308",0.333333333333333,0.166666666666667,0.549055227442444,0.591330193431124,0.770332254996871,-5.8050579601347
"hsa-mir-4309",-0.333333333333333,0.166666666666667,-0.549055227442444,0.591330193431124,0.770332254996871,-5.8050579601347
"hsa-mir-4310",-0.333333333333333,0.166666666666667,-0.549055227442444,0.591330193431124,0.770332254996871,-5.8050579601347
"hsa-mir-4314",0.333333333333333,0.166666666666667,0.549055227442444,0.591330193431124,0.770332254996871,-5.8050579601347
"hsa-mir-4315-1",-0.333333333333333,0.166666666666667,-0.549055227442444,0.591330193431124,0.770332254996871,-5.8050579601347
"hsa-mir-4317",0.333333333333333,0.166666666666667,0.549055227442444,0.591330193431124,0.770332254996871,-5.8050579601347
"hsa-mir-4318",0.333333333333333,0.166666666666667,0.549055227442444,0.591330193431124,0.770332254996871,-5.8050579601347
"hsa-mir-4320",-0.333333333333333,0.166666666666667,-0.549055227442444,0.591330193431124,0.770332254996871,-5.8050579601347
"hsa-mir-4462",-0.333333333333333,0.166666666666667,-0.549055227442444,0.591330193431124,0.770332254996871,-5.8050579601347
"hsa-mir-4469",0.333333333333333,0.166666666666667,0.549055227442444,0.591330193431124,0.770332254996871,-5.8050579601347
"hsa-mir-4471",0.333333333333333,0.166666666666667,0.549055227442444,0.591330193431124,0.770332254996871,-5.8050579601347
"hsa-mir-4499",0.333333333333333,0.166666666666667,0.549055227442444,0.591330193431124,0.770332254996871,-5.8050579601347
"hsa-mir-4514",0.333333333333333,0.166666666666667,0.549055227442444,0.591330193431124,0.770332254996871,-5.8050579601347
"hsa-mir-4527",-0.333333333333333,0.166666666666667,-0.549055227442444,0.591330193431124,0.770332254996871,-5.8050579601347
"hsa-mir-4528",-0.333333333333333,0.166666666666667,-0.549055227442444,0.591330193431124,0.770332254996871,-5.8050579601347
"hsa-mir-4534",-0.333333333333333,0.166666666666667,-0.549055227442444,0.591330193431124,0.770332254996871,-5.8050579601347
"hsa-mir-4540",-0.333333333333333,0.166666666666667,-0.549055227442444,0.591330193431124,0.770332254996871,-5.8050579601347
"hsa-mir-4648",-0.333333333333333,0.166666666666667,-0.549055227442444,0.591330193431124,0.770332254996871,-5.8050579601347
"hsa-mir-4650-2",0.333333333333333,0.166666666666667,0.549055227442444,0.591330193431124,0.770332254996871,-5.8050579601347
"hsa-mir-4655",-0.333333333333333,0.166666666666667,-0.549055227442444,0.591330193431124,0.770332254996871,-5.8050579601347
"hsa-mir-4656",-0.333333333333333,0.166666666666667,-0.549055227442444,0.591330193431124,0.770332254996871,-5.8050579601347
"hsa-mir-4663",0.333333333333333,0.166666666666667,0.549055227442444,0.591330193431124,0.770332254996871,-5.8050579601347
"hsa-mir-4666b",0.333333333333333,0.166666666666667,0.549055227442444,0.591330193431124,0.770332254996871,-5.8050579601347
"hsa-mir-4670",-0.333333333333333,0.166666666666667,-0.549055227442444,0.591330193431124,0.770332254996871,-5.8050579601347
"hsa-mir-4713",-0.333333333333333,0.166666666666667,-0.549055227442444,0.591330193431124,0.770332254996871,-5.8050579601347
"hsa-mir-4720",-0.333333333333333,0.166666666666667,-0.549055227442444,0.591330193431124,0.770332254996871,-5.8050579601347
"hsa-mir-4721",0.333333333333333,0.166666666666667,0.549055227442444,0.591330193431124,0.770332254996871,-5.8050579601347
"hsa-mir-4722",-0.333333333333333,0.166666666666667,-0.549055227442444,0.591330193431124,0.770332254996871,-5.8050579601347
"hsa-mir-4735",0.333333333333333,0.166666666666667,0.549055227442444,0.591330193431124,0.770332254996871,-5.8050579601347
"hsa-mir-4760",-0.333333333333333,0.166666666666667,-0.549055227442444,0.591330193431124,0.770332254996871,-5.8050579601347
"hsa-mir-4764",-0.333333333333333,0.166666666666667,-0.549055227442444,0.591330193431124,0.770332254996871,-5.8050579601347
"hsa-mir-4771-1",-0.333333333333333,0.166666666666667,-0.549055227442444,0.591330193431124,0.770332254996871,-5.8050579601347
"hsa-mir-4778",0.333333333333333,0.166666666666667,0.549055227442444,0.591330193431124,0.770332254996871,-5.8050579601347
"hsa-mir-4789",0.333333333333333,0.166666666666667,0.549055227442444,0.591330193431124,0.770332254996871,-5.8050579601347
"hsa-mir-4790",-0.333333333333333,0.166666666666667,-0.549055227442444,0.591330193431124,0.770332254996871,-5.8050579601347
"hsa-mir-4793",-0.333333333333333,0.166666666666667,-0.549055227442444,0.591330193431124,0.770332254996871,-5.8050579601347
"hsa-mir-513a-2",-0.333333333333333,0.166666666666667,-0.549055227442444,0.591330193431124,0.770332254996871,-5.8050579601347
"hsa-mir-513b",0.333333333333333,0.166666666666667,0.549055227442444,0.591330193431124,0.770332254996871,-5.8050579601347
"hsa-mir-514b",0.333333333333333,0.166666666666667,0.549055227442444,0.591330193431124,0.770332254996871,-5.8050579601347
"hsa-mir-5192",0.333333333333333,0.166666666666667,0.549055227442444,0.591330193431124,0.770332254996871,-5.8050579601347
"hsa-mir-5194",0.333333333333333,0.166666666666667,0.549055227442444,0.591330193431124,0.770332254996871,-5.8050579601347
"hsa-mir-548ae-1",-0.333333333333333,0.166666666666667,-0.549055227442444,0.591330193431124,0.770332254996871,-5.8050579601347
"hsa-mir-548as",0.333333333333333,0.166666666666667,0.549055227442444,0.591330193431124,0.770332254996871,-5.8050579601347
"hsa-mir-555",0.333333333333333,0.166666666666667,0.549055227442444,0.591330193431124,0.770332254996871,-5.8050579601347
"hsa-mir-557",0.333333333333333,0.166666666666667,0.549055227442444,0.591330193431124,0.770332254996871,-5.8050579601347
"hsa-mir-583",0.333333333333333,0.166666666666667,0.549055227442444,0.591330193431124,0.770332254996871,-5.8050579601347
"hsa-mir-586",0.333333333333333,0.166666666666667,0.549055227442444,0.591330193431124,0.770332254996871,-5.8050579601347
"hsa-mir-588",-0.333333333333333,0.166666666666667,-0.549055227442444,0.591330193431124,0.770332254996871,-5.8050579601347
"hsa-mir-6071",0.333333333333333,0.166666666666667,0.549055227442444,0.591330193431124,0.770332254996871,-5.8050579601347
"hsa-mir-6072",0.333333333333333,0.166666666666667,0.549055227442444,0.591330193431124,0.770332254996871,-5.8050579601347
"hsa-mir-6081",-0.333333333333333,0.166666666666667,-0.549055227442444,0.591330193431124,0.770332254996871,-5.8050579601347
"hsa-mir-6085",-0.333333333333333,0.166666666666667,-0.549055227442444,0.591330193431124,0.770332254996871,-5.8050579601347
"hsa-mir-609",0.333333333333333,0.166666666666667,0.549055227442444,0.591330193431124,0.770332254996871,-5.8050579601347
"hsa-mir-6090",-0.333333333333333,0.166666666666667,-0.549055227442444,0.591330193431124,0.770332254996871,-5.8050579601347
"hsa-mir-611",-0.333333333333333,0.166666666666667,-0.549055227442444,0.591330193431124,0.770332254996871,-5.8050579601347
"hsa-mir-649",-0.333333333333333,0.166666666666667,-0.549055227442444,0.591330193431124,0.770332254996871,-5.8050579601347
"hsa-mir-661",-0.333333333333333,0.166666666666667,-0.549055227442444,0.591330193431124,0.770332254996871,-5.8050579601347
"hsa-mir-662",0.333333333333333,0.166666666666667,0.549055227442444,0.591330193431124,0.770332254996871,-5.8050579601347
"hsa-mir-670",0.333333333333333,0.166666666666667,0.549055227442444,0.591330193431124,0.770332254996871,-5.8050579601347
"hsa-mir-6759",0.333333333333333,0.166666666666667,0.549055227442444,0.591330193431124,0.770332254996871,-5.8050579601347
"hsa-mir-6765",-0.333333333333333,0.166666666666667,-0.549055227442444,0.591330193431124,0.770332254996871,-5.8050579601347
"hsa-mir-6768",-0.333333333333333,0.166666666666667,-0.549055227442444,0.591330193431124,0.770332254996871,-5.8050579601347
"hsa-mir-6811",0.333333333333333,0.166666666666667,0.549055227442444,0.591330193431124,0.770332254996871,-5.8050579601347
"hsa-mir-6831",0.333333333333333,0.166666666666667,0.549055227442444,0.591330193431124,0.770332254996871,-5.8050579601347
"hsa-mir-6835",-0.333333333333333,0.166666666666667,-0.549055227442444,0.591330193431124,0.770332254996871,-5.8050579601347
"hsa-mir-6838",-0.333333333333333,0.166666666666667,-0.549055227442444,0.591330193431124,0.770332254996871,-5.8050579601347
"hsa-mir-6846",-0.333333333333333,0.166666666666667,-0.549055227442444,0.591330193431124,0.770332254996871,-5.8050579601347
"hsa-mir-6860",0.333333333333333,0.166666666666667,0.549055227442444,0.591330193431124,0.770332254996871,-5.8050579601347
"hsa-mir-6863",0.333333333333333,0.166666666666667,0.549055227442444,0.591330193431124,0.770332254996871,-5.8050579601347
"hsa-mir-711",0.333333333333333,0.166666666666667,0.549055227442444,0.591330193431124,0.770332254996871,-5.8050579601347
"hsa-mir-7161",-0.333333333333333,0.166666666666667,-0.549055227442444,0.591330193431124,0.770332254996871,-5.8050579601347
"hsa-mir-7515",-0.333333333333333,0.166666666666667,-0.549055227442444,0.591330193431124,0.770332254996871,-5.8050579601347
"hsa-mir-8053",0.333333333333333,0.166666666666667,0.549055227442444,0.591330193431124,0.770332254996871,-5.8050579601347
"hsa-mir-8057",-0.333333333333333,0.166666666666667,-0.549055227442444,0.591330193431124,0.770332254996871,-5.8050579601347
"hsa-mir-8063",-0.333333333333333,0.166666666666667,-0.549055227442444,0.591330193431124,0.770332254996871,-5.8050579601347
"hsa-mir-8067",-0.333333333333333,0.166666666666667,-0.549055227442444,0.591330193431124,0.770332254996871,-5.8050579601347
"hsa-mir-8082",0.333333333333333,0.166666666666667,0.549055227442444,0.591330193431124,0.770332254996871,-5.8050579601347
"hsa-mir-938",-0.333333333333333,0.166666666666667,-0.549055227442444,0.591330193431124,0.770332254996871,-5.8050579601347
"hsa-mir-9500",-0.333333333333333,0.166666666666667,-0.549055227442444,0.591330193431124,0.770332254996871,-5.8050579601347
"hsa-mir-3179-3",0.333333333333333,1.36165416690705,0.546797942217709,0.59284047416151,0.770578696209357,-5.8062661233071
"hsa-mir-4325",0.333333333333333,1.36165416690705,0.546797942217709,0.59284047416151,0.770578696209357,-5.8062661233071
"hsa-mir-376a-2",0.413669366501264,4.57339353487051,0.546775300801362,0.592855632748355,0.770578696209357,-5.80627821751445
"hsa-mir-653",0.36389994471227,5.30405737710474,0.543650645030737,0.59494949472322,0.772221984893427,-5.80794269566295
"hsa-mir-5695",0.471679166426282,2.59477811556342,0.543556466929525,0.595012662348519,0.772221984893427,-5.80799272180046
"hsa-mir-154",0.431494137037906,5.16944270385075,0.54158866138735,0.596333293447463,0.772599342638458,-5.80903609540684
"hsa-mir-93",0.371040290350038,12.1666947782148,0.540797836865614,0.596864446429281,0.772599342638458,-5.80945438709706
"hsa-mir-548ag-2",-0.355522538979663,3.73168730208049,-0.540161333312741,0.597292123515446,0.772599342638458,-5.80979062841284
"hsa-mir-548d-1",0.375176960694619,3.68152162423589,0.540057933886196,0.59736161382597,0.772599342638458,-5.80984521469856
"hsa-mir-5188",-0.407464140445483,1.06538623712979,-0.533487569044641,0.601785590891385,0.772599342638458,-5.81329328267974
"hsa-mir-4748",0.389975000480771,0.861654166907052,0.531835265953102,0.60290069265564,0.772599342638458,-5.81415402881747
"hsa-mir-2392",-0.389975000480771,0.861654166907052,-0.531835265953101,0.60290069265564,0.772599342638458,-5.81415402881747
"hsa-mir-3126",0.364369801463828,1.81781509926809,0.531310188461415,0.603255270848348,0.772599342638458,-5.81442702501346
"hsa-mir-3156-2",0.333333333333333,0.5,0.527539432821155,0.605804657891365,0.772599342638458,-5.81637990068496
"hsa-mir-3714",-0.333333333333333,0.5,-0.527539432821155,0.605804657891365,0.772599342638458,-5.81637990068496
"hsa-mir-4296",-0.333333333333333,0.5,-0.527539432821155,0.605804657891365,0.772599342638458,-5.81637990068496
"hsa-mir-4652",0.333333333333333,0.5,0.527539432821155,0.605804657891365,0.772599342638458,-5.81637990068496
"hsa-mir-5583-2",0.333333333333333,0.5,0.527539432821155,0.605804657891365,0.772599342638458,-5.81637990068496
"hsa-mir-6074",-0.333333333333333,0.5,-0.527539432821155,0.605804657891365,0.772599342638458,-5.81637990068496
"hsa-mir-6825",0.333333333333333,0.5,0.527539432821155,0.605804657891365,0.772599342638458,-5.81637990068496
"hsa-mir-6845",0.333333333333333,0.5,0.527539432821155,0.605804657891365,0.772599342638458,-5.81637990068496
"hsa-mir-4303",0.333333333333333,0.5,0.527539432821155,0.605804657891365,0.772599342638458,-5.81637990068496
"hsa-mir-4501",0.333333333333333,0.5,0.527539432821155,0.605804657891365,0.772599342638458,-5.81637990068496
"hsa-mir-4533",-0.333333333333333,0.5,-0.527539432821155,0.605804657891365,0.772599342638458,-5.81637990068496
"hsa-mir-4759",-0.333333333333333,0.5,-0.527539432821155,0.605804657891365,0.772599342638458,-5.81637990068496
"hsa-mir-4761",-0.333333333333333,0.5,-0.527539432821155,0.605804657891365,0.772599342638458,-5.81637990068496
"hsa-mir-635",0.333333333333333,0.5,0.527539432821155,0.605804657891365,0.772599342638458,-5.81637990068496
"hsa-mir-6865",-0.333333333333333,0.5,-0.527539432821155,0.605804657891365,0.772599342638458,-5.81637990068496
"hsa-mir-1302-4",0.407464140445482,1.26037373737018,0.527218972349246,0.606021565295022,0.772599342638458,-5.81654525188248
"hsa-mir-6892",0.378309860028703,3.07996337733818,0.524351032449089,0.607964473473751,0.773234361784051,-5.8180207571357
"hsa-mir-770",-0.333333333333333,1.02832083357372,-0.522164150885057,0.609448055431544,0.773234361784051,-5.81914067607407
"hsa-mir-6128",0.333333333333333,1.02832083357372,0.522164150885057,0.609448055431545,0.773234361784051,-5.81914067607407
"hsa-mir-875",0.333333333333333,1.02832083357372,0.522164150885057,0.609448055431545,0.773234361784051,-5.81914067607407
"hsa-mir-4463",0.333333333333333,1.02832083357372,0.522164150885056,0.609448055431545,0.773234361784051,-5.81914067607407
"hsa-mir-6883",-0.333333333333333,1.02832083357372,-0.522164150885057,0.609448055431545,0.773234361784051,-5.81914067607407
"hsa-mir-3129",0.429741309938219,3.69585182025202,0.521869086132144,0.609648363857483,0.773234361784051,-5.81929143679878
"hsa-mir-942",0.339215261523598,7.83791519028482,0.51309067199486,0.615622452300737,0.780239445040494,-5.82373921993668
"hsa-mir-4524b",0.333333333333333,1.2233083338141,0.511033385991064,0.617026632258979,0.780358299155626,-5.82477109497742
"hsa-mir-4687",-0.333333333333333,1.2233083338141,-0.511033385991064,0.617026632258979,0.780358299155626,-5.82477109497742
"hsa-mir-383",-0.528320833573719,1.49764032283389,-0.509511642139096,0.618066281507892,0.780358299155626,-5.82553179091712
"hsa-mir-3198-2",0.389975000480771,1.19498750024039,0.509304745984218,0.618207697563597,0.780358299155626,-5.82563504647249
"hsa-mir-4539",0.340906692166694,3.02453415415704,0.509070335221545,0.618367939101584,0.780358299155626,-5.82575198495681
"hsa-mir-488",0.38400103114835,2.24864218272161,0.508990270724329,0.6184226752268,0.780358299155626,-5.82579191417382
"hsa-mir-188",0.319507788007946,5.17169725161565,0.506936222924344,0.619827726115773,0.781561199839859,-5.82681422765207
"hsa-mir-6125",-0.346045042962257,2.97046166240738,-0.502134469238665,0.623118308855573,0.785138145899594,-5.82918856092282
"hsa-mir-6511b-1",0.320439843945314,4.24778063609338,0.500190320634154,0.624452987115794,0.786247210851764,-5.83014369630973
"hsa-mir-4763",-0.313702103648811,2.03813644841598,-0.494769019611972,0.628181963170046,0.787594451437136,-5.83278824349205
"hsa-mir-195",0.362815682500592,11.7378502142958,0.494352636399192,0.628468803772777,0.787594451437136,-5.83299020875967
"hsa-mir-6740",-0.300154775483029,2.11904091961102,-0.493147595712298,0.629299289208053,0.787594451437136,-5.83357378537288
"hsa-mir-3180-4",-0.333333333333334,0.833333333333333,-0.491148587372815,0.630678102546,0.787594451437136,-5.83453883364771
"hsa-mir-578",0.333333333333334,0.833333333333333,0.491148587372815,0.630678102546,0.787594451437136,-5.83453883364771
"hsa-mir-4712",-0.333333333333333,0.833333333333333,-0.491148587372814,0.630678102546,0.787594451437136,-5.83453883364771
"hsa-mir-7109",0.333333333333333,0.833333333333333,0.491148587372814,0.630678102546,0.787594451437136,-5.83453883364771
"hsa-mir-1302-5",0.333333333333333,0.833333333333333,0.491148587372814,0.630678102546,0.787594451437136,-5.83453883364771
"hsa-mir-6129",0.333333333333333,0.833333333333333,0.491148587372814,0.630678102546,0.787594451437136,-5.83453883364771
"hsa-mir-637",0.333333333333333,0.833333333333333,0.491148587372814,0.630678102546,0.787594451437136,-5.83453883364771
"hsa-mir-4780",0.333333333333333,1.16666666666667,0.491148587372814,0.630678102546,0.787594451437136,-5.83453883364771
"hsa-mir-378j",-0.302296865202839,1.81781509926809,-0.489658009484952,0.6317071538066,0.787594451437136,-5.83525596818268
"hsa-mir-27b",0.31647505430956,17.1681301842264,0.488522497070514,0.632491608608971,0.787594451437136,-5.83580086459941
"hsa-mir-190b",0.332241622655714,4.53497512480948,0.486418015948721,0.633946673391999,0.787594451437136,-5.83680750875024
"hsa-mir-1266",-0.334230532002088,4.96267221921358,-0.485713890319951,0.634433864952398,0.787594451437136,-5.83714337876178
"hsa-mir-548az",0.323124908471521,5.24578426505251,0.484371999586533,0.635362817785042,0.787594451437136,-5.83778216342416
"hsa-mir-4703",0.333333333333333,0.694987500240385,0.484118118381191,0.63553864404985,0.787594451437136,-5.83790282729142
"hsa-mir-6869",0.333333333333333,0.694987500240385,0.48411811838119,0.635538644049851,0.787594451437136,-5.83790282729142
"hsa-mir-4277",-0.333333333333333,0.694987500240385,-0.48411811838119,0.635538644049851,0.787594451437136,-5.83790282729142
"hsa-mir-4698",-0.333333333333333,0.694987500240385,-0.48411811838119,0.635538644049851,0.787594451437136,-5.83790282729142
"hsa-mir-4701",-0.333333333333333,0.694987500240385,-0.48411811838119,0.635538644049851,0.787594451437136,-5.83790282729142
"hsa-mir-5088",-0.333333333333333,0.694987500240385,-0.48411811838119,0.635538644049851,0.787594451437136,-5.83790282729142
"hsa-mir-3173",-0.34679819586452,5.58897929742997,-0.478143840428029,0.639682693660562,0.788971331377154,-5.84072461670379
"hsa-mir-4521",0.39461324383891,8.28992625530449,0.477991256368322,0.639788697265778,0.788971331377154,-5.84079624210689
"hsa-mir-5006",-0.333333333333333,2.27397603162912,-0.477792729201,0.639926630769834,0.788971331377154,-5.84088940085277
"hsa-mir-196a-1",-0.300905022034534,10.7680796189662,-0.47755304985473,0.640093174497953,0.788971331377154,-5.84100182037398
"hsa-mir-371a",0.333333333333333,0.5,0.475566777984348,0.641474127924582,0.788971331377154,-5.84193136478044
"hsa-mir-1258",0.333333333333333,0.5,0.475566777984348,0.641474127924582,0.788971331377154,-5.84193136478044
"hsa-mir-3156-1",-0.333333333333333,0.5,-0.475566777984348,0.641474127924582,0.788971331377154,-5.84193136478044
"hsa-mir-4297",-0.333333333333333,0.5,-0.475566777984348,0.641474127924582,0.788971331377154,-5.84193136478044
"hsa-mir-4658",-0.333333333333333,0.5,-0.475566777984348,0.641474127924582,0.788971331377154,-5.84193136478044
"hsa-mir-564",0.333333333333333,0.5,0.475566777984348,0.641474127924582,0.788971331377154,-5.84193136478044
"hsa-mir-548aw",0.379167841249977,2.35353495273488,0.475290556766967,0.641666279333905,0.788971331377154,-5.84206033525182
"hsa-mir-570",0.38509274182597,2.34569024379208,0.472222918827854,0.643802043335545,0.79099173279977,-5.84348777339586
"hsa-mir-4758",-0.333333333333334,1.02832083357372,-0.471617548290569,0.644223902609755,0.79099173279977,-5.84376840879532
"hsa-mir-3944",0.280682546741255,3.16594647238757,0.468908709403896,0.646113139262875,0.792298378940356,-5.8450198942574
"hsa-mir-504",0.340834206572401,8.25003470921899,0.468778445483806,0.646204053575053,0.792298378940356,-5.84507990042296
"hsa-mir-3155a",0.292545465664941,3.42284697786116,0.466625248786132,0.647707667266683,0.79350865614884,-5.84606943325106
"hsa-mir-642b",0.361394635737906,6.05271033239747,0.465595426295253,0.648427372844615,0.79350865614884,-5.84654114357494
"hsa-mir-548f-3",0.314472157211211,4.38314262581927,0.465395422195498,0.648567190632636,0.79350865614884,-5.84663263842471
"hsa-mir-4472-1",0.333333333333333,1.27397603162912,0.463882271789796,0.64962543953157,0.794120321255065,-5.84732361772978
"hsa-mir-6506",0.333333333333333,1.36165416690705,0.463368136119268,0.649985187801834,0.794120321255065,-5.84755790131851
"hsa-mir-539",0.389514590347983,5.94745926766203,0.461427142362266,0.651344142878395,0.794951644834412,-5.84844011267066
"hsa-mir-376b",-0.365620513084195,2.57278525702287,-0.461083827241727,0.651584642991443,0.794951644834412,-5.84859578113829
"hsa-mir-675",-0.440642698295787,1.41530884938828,-0.459796406269309,0.65248686796809,0.79528415543641,-5.8491785328904
"hsa-mir-548i-2",-0.38400103114835,1.24864218272161,-0.4590443112925,0.653014196885424,0.79528415543641,-5.84951823821665
"hsa-mir-5684",0.276869522757764,6.19246356391665,0.458727633582921,0.65323629183534,0.79528415543641,-5.84966111352563
"hsa-mir-6735",0.315844193368621,2.09370707070351,0.45802953641855,0.653726006995332,0.795320669551283,-5.8499757360189
"hsa-mir-33a",-0.284579325456663,8.2827506026171,-0.457287889141345,0.654246453352118,0.795339978616486,-5.85030947697486
"hsa-mir-548o",0.302464774127524,7.08091213961266,0.456696847214311,0.654661346560622,0.795339978616486,-5.85057507009348
"hsa-mir-6729",0.319786005167552,2.21653466973121,0.45315709745718,0.657148608120844,0.797801468104604,-5.85215873437635
"hsa-mir-6880",-0.333333333333333,0.833333333333333,-0.448390978895446,0.660504241764225,0.800447785461239,-5.85427218035677
"hsa-mir-6728",0.333333333333333,1.02832083357372,0.448089951471038,0.660716437941415,0.800447785461239,-5.8544049370903
"hsa-mir-6884",-0.333333333333333,1.02832083357372,-0.448089951471037,0.660716437941416,0.800447785461239,-5.8544049370903
"hsa-mir-3688-1",0.362487613750113,2.18124380687506,0.446758343504965,0.661655458846451,0.801024453327054,-5.8549911539308
"hsa-mir-4728",0.324509262879603,3.53001723424381,0.444084920796061,0.663542475978403,0.802747191218627,-5.85616296552032
"hsa-mir-550b-2",0.275335876319832,4.76141175929356,0.442013235958216,0.665006387041358,0.80395600949095,-5.85706632562879
"hsa-mir-196a-2",-0.27705664942324,11.0477785470689,-0.439902957386067,0.666499023936268,0.804546473965964,-5.85798229472764
"hsa-mir-6505",0.267867595732164,3.45102870285507,0.439588799879868,0.666721358224284,0.804546473965964,-5.85811829089123
"hsa-mir-605",-0.287657826359437,4.1928972214938,-0.439350586214421,0.666889967437684,0.804546473965964,-5.85822134865266
"hsa-mir-3188",0.307332495999575,3.17209372650018,0.438313113406619,0.66762451458537,0.804621858012134,-5.85866955462487
"hsa-mir-3662",-0.333333333333333,2.2233083338141,-0.437507812169638,0.668194923619697,0.804621858012134,-5.85901674842713
"hsa-mir-4496",0.269118307352535,1.99621332058332,0.437292101335248,0.668347751423952,0.804621858012134,-5.85910964358553
"hsa-mir-296",0.263370520068625,7.68858551409573,0.435566074616793,0.669571162089539,0.805534151887971,-5.85985134711268
"hsa-mir-1827",0.273028071546571,5.2227027137366,0.434868184761719,0.670066103423683,0.805569394665025,-5.86015043262335
"hsa-mir-550a-3",0.265286427739924,4.65339068861032,0.428875250627475,0.674322779139554,0.809804555309116,-5.8626995397239
"hsa-mir-548q",0.313068926010317,3.89443839570705,0.428590858882876,0.674525066011813,0.809804555309116,-5.86281965087791
"hsa-mir-200c",-0.321673581213609,16.3544923201071,-0.425554342456571,0.676686549718752,0.811836151881721,-5.86409727039302
"hsa-mir-6854",0.282665635518317,2.24864218272161,0.424398415524255,0.677510149676948,0.812260955607151,-5.864581304361
"hsa-mir-3926-1",0.333333333333333,0.940642698295787,0.420584161231651,0.680230834783844,0.814957994581752,-5.86616939209346
"hsa-mir-3140",0.264516374177524,3.78268642541109,0.415968534249911,0.683529300400561,0.818343037849807,-5.86807245440796
"hsa-mir-1302-1",0.276691666185896,1.19498750024039,0.41448007934099,0.684594425843476,0.818765394782416,-5.86868179201847
"hsa-mir-194-1",0.311092463834289,16.0533229695876,0.414152924902271,0.684828627890263,0.818765394782416,-5.8688154356899
"hsa-mir-105-2",0.245655198055402,1.8461359328418,0.411867174174712,0.686465876521468,0.820156054131311,-5.86974630123688
"hsa-mir-4424",0.369066353103866,3.8807959227909,0.411155590828669,0.686975905834008,0.820198976599609,-5.87003506599688
"hsa-mir-579",0.282665635518317,4.60758071507189,0.409421570338963,0.688219429726057,0.821116974776606,-5.8707367021589
"hsa-mir-1322",-0.302296865202839,1.15114843260142,-0.404144596240167,0.692009452422016,0.82372181723079,-5.87285411972934
"hsa-mir-3689b",-0.302296865202839,1.15114843260142,-0.404144596240167,0.692009452422016,0.82372181723079,-5.87285411972934
"hsa-mir-3145",0.269118307352534,1.80122582034293,0.403871752268061,0.692205647476366,0.82372181723079,-5.87296287104933
"hsa-mir-4444-2",0.282665635518317,1.91530884938828,0.403730484728923,0.69230723829686,0.82372181723079,-5.87301914989852
"hsa-mir-3168",0.302296865202839,1.81781509926809,0.402096966612469,0.693482407324526,0.824552965409918,-5.87366852247712
"hsa-mir-1233-2",0.245655198055402,1.51280259950847,0.393980659294986,0.699333410724795,0.830938736644159,-5.876856863969
"hsa-mir-1252",0.333333333333333,1.46896353186951,0.392418236628201,0.700462038544846,0.83170852895167,-5.87746334047766
"hsa-mir-105-1",-0.333333333333333,1.55664166714744,-0.391739223534317,0.700952757175057,0.831720349734464,-5.87772617466018
"hsa-mir-10a",0.278313527593614,18.1008272420501,0.389643931584729,0.702467881605546,0.832701002664578,-5.87853442023227
"hsa-mir-6824",-0.259202526221184,1.73205290379646,-0.389265198689604,0.702741886641782,0.832701002664578,-5.87868006173069
"hsa-mir-3186",0.245655198055402,1.31781509926809,0.387445860549673,0.704058733526901,0.833186513344939,-5.87937775616165
"hsa-mir-3591",-0.442982840855044,4.06398375578099,-0.38670081196896,0.704598287534407,0.833186513344939,-5.87966255071142
"hsa-mir-3675",0.245655198055402,1.65114843260142,0.386076672748458,0.705050407274593,0.833186513344939,-5.87990071493574
"hsa-mir-548f-4",0.268026596674915,2.79310660617076,0.386038494702013,0.705078066784388,0.833186513344939,-5.87991527101714
"hsa-mir-767",0.245655198055402,2.17946926617514,0.384954555816901,0.705863546585857,0.833545348528009,-5.88032795502669
"hsa-mir-7641-2",-0.24021047770149,10.138540803485,-0.379989920819991,0.709465606197039,0.83722748889555,-5.88220360999924
"hsa-mir-5095",0.232537169829397,7.45044755825286,0.379108030070508,0.710106211764298,0.837412233368941,-5.88253429845117
"hsa-mir-4473",0.244404486435032,6.94189536160607,0.375572217826535,0.712676898928175,0.839765559471148,-5.8838525899286
"hsa-mir-6879",0.243513108335591,2.48069508651807,0.37499194164145,0.713099130841992,0.839765559471148,-5.88406778433461
"hsa-mir-4430",0.225839043028489,4.75619058306896,0.374361440441124,0.71355801874138,0.839765559471148,-5.88430123513895
"hsa-mir-6777",0.224655835593299,3.23443532254526,0.370898306704668,0.71608057843215,0.842161387279143,-5.88557663998828
"hsa-mir-627",0.230625901545891,5.01357733577293,0.370198971688118,0.716590394252565,0.842173838910119,-5.88583278193599
"hsa-mir-219a-2",-0.300154775483029,1.45237425294435,-0.369548413426357,0.71706477729168,0.842173838910119,-5.88607063331832
"hsa-mir-376c",0.282709157700071,6.13333747846494,0.36593567381042,0.719701357671891,0.844278775204395,-5.88738402933442
"hsa-mir-4639",-0.333333333333334,1.75162916738782,-0.365667037231243,0.719897556828018,0.844278775204395,-5.88748118573285
"hsa-mir-3654",-0.276691666185896,1.86165416690705,-0.365087240046354,0.720321082197506,0.844278775204395,-5.88769063953378
"hsa-mir-556",-0.244287065277823,5.76854749352771,-0.362559233433861,0.72216882737914,0.845871409184775,-5.88860008207359
"hsa-mir-548ac",0.294840927526689,1.90922120338409,0.357983032948187,0.72551817630019,0.849219516237706,-5.8902305885224
"hsa-mir-145",0.272799873781919,15.5528044950163,0.357051098580054,0.726200979981425,0.84944234493051,-5.8905601473307
"hsa-mir-141",-0.243655236993638,12.3572904264035,-0.356383089224936,0.726690560981014,0.84944234493051,-5.89079585591341
"hsa-mir-548a-2",0.213848676362505,3.25732804212536,0.352646700876735,0.729431215173666,0.85207022434196,-5.89210625917635
"hsa-mir-6770-3",0.259202526221184,1.39871957046313,0.350318306127633,0.731141040377139,0.853491227970614,-5.89291600128517
"hsa-mir-548x",-0.245655198055402,2.37445676641552,-0.349433488573247,0.731791182462431,0.853674137329741,-5.89322233155792
"hsa-mir-6770-2",0.245655198055402,1.92026673995395,0.348562847907642,0.732431115755578,0.853844899095115,-5.89352301097979
"hsa-mir-3192",-0.276691666185896,1.86165416690705,-0.347245230887203,0.733399974514876,0.854398623508913,-5.89397665422327
"hsa-mir-6829",0.269118307352535,0.801225820342934,0.344470655523139,0.735441686625804,0.855878611822646,-5.89492639486662
"hsa-mir-6886",0.212476640205097,2.16287998724999,0.344174385109914,0.735659824150447,0.855878611822646,-5.89502736620666
"hsa-mir-1537",0.245655198055402,0.984481765934753,0.340055288460738,0.738695062151067,0.858255512102986,-5.89642234057412
"hsa-mir-3663",-0.245655198055402,0.984481765934753,-0.340055288460738,0.738695062151067,0.858255512102986,-5.89642234057412
"hsa-mir-4507",-0.278833755905707,1.40853518530539,-0.335767458672942,0.741859427206792,0.861353563132718,-5.89785691583729
"hsa-mir-6780b",0.259202526221184,2.00117121114899,0.330459313831087,0.745783465690684,0.865328903853041,-5.89960805194876
"hsa-mir-4448",-0.212628466986757,11.7209145704354,-0.327358837415135,0.748078876902232,0.865402457851957,-5.90061818319867
"hsa-mir-192",-0.243013820879444,20.2760002520923,-0.325513199695998,0.749446454831693,0.865402457851957,-5.90121503915095
"hsa-mir-6761",0.21075607183317,4.29532990536023,0.323103102051182,0.751233597937361,0.865402457851957,-5.90198943217363
"hsa-mir-6859-1",-0.226023968370879,1.41530884938828,-0.322664919547334,0.751558679426978,0.865402457851957,-5.90212961661015
"hsa-mir-3617",0.263804459396194,2.89370296931885,0.322517381602952,0.751668146752565,0.865402457851957,-5.90217677515629
"hsa-mir-6882",0.202329602350385,3.30360823909173,0.321567969129992,0.752372705463556,0.865402457851957,-5.90247973411887
"hsa-mir-4798",0.245655198055402,1.65114843260142,0.320107002013232,0.753457334582017,0.865402457851957,-5.90294421257633
"hsa-mir-548at",0.245655198055402,1.65114843260142,0.320107002013232,0.753457334582017,0.865402457851957,-5.90294421257633
"hsa-mir-200a",-0.223310216547617,16.7031686697221,-0.319925220180767,0.753592328021533,0.865402457851957,-5.90300185989048
"hsa-mir-6733",-0.232999247989061,3.5954034713736,-0.317954048337872,0.755056678922317,0.865402457851957,-5.90362489359524
"hsa-mir-3191",-0.214618729924908,2.30229686520284,-0.317635012635696,0.755293777037926,0.865402457851957,-5.90372537540426
"hsa-mir-2276",0.214618729924908,2.10730936496245,0.315500507966744,0.75688073439182,0.865402457851957,-5.90439509068178
"hsa-mir-4442",0.269118307352535,1.66287998724999,0.314733467883075,0.757451289444191,0.865402457851957,-5.90463466784512
"hsa-mir-3917",-0.199011777673911,3.59276597684666,-0.311752252162409,0.759670222894372,0.865402457851957,-5.90556036185487
"hsa-mir-4750",-0.194987500240385,2.15413541726763,-0.311510059058549,0.75985058488474,0.865402457851957,-5.90563518355356
"hsa-mir-665",0.259892976227749,4.60335429456342,0.309418398743244,0.761408851363683,0.865402457851957,-5.90627898309935
"hsa-mir-589",0.211007697631569,8.7993946680621,0.308341414730281,0.762211612180381,0.865402457851957,-5.90660880390093
"hsa-mir-1307",0.216031200049782,13.5254680141144,0.307074558017603,0.763156262433184,0.865402457851957,-5.90699532066986
"hsa-mir-3133",0.187670409096297,4.60397065024784,0.30696912633615,0.763234896726318,0.865402457851957,-5.90702741703785
"hsa-mir-1270",-0.291489705972046,2.94318399391228,-0.306399660350306,0.763659669235018,0.865402457851957,-5.90720059057386
"hsa-mir-3146",0.194987500240386,2.22826622437978,0.303604324782804,0.765745887743343,0.865402457851957,-5.90804604716865
"hsa-mir-217",0.231184444185284,4.21532822822173,0.303106568385158,0.766117571751374,0.865402457851957,-5.90819579316354
"hsa-mir-552",0.230267280398468,10.9379882883967,0.301657120439748,0.767200240637957,0.865402457851957,-5.90863046712268
"hsa-mir-3175",0.194987500240386,0.764160416786859,0.298153246186163,0.769819542095073,0.865402457851957,-5.90967274874671
"hsa-mir-5581",0.194987500240386,0.764160416786859,0.298153246186163,0.769819542095073,0.865402457851957,-5.90967274874671
"hsa-mir-3163",0.194987500240385,0.764160416786859,0.298153246186163,0.769819542095073,0.865402457851957,-5.90967274874671
"hsa-mir-3692",0.194987500240385,0.764160416786859,0.298153246186163,0.769819542095073,0.865402457851957,-5.90967274874671
"hsa-mir-4716",0.194987500240385,0.764160416786859,0.298153246186162,0.769819542095074,0.865402457851957,-5.90967274874671
"hsa-mir-3121",-0.194987500240385,0.764160416786859,-0.298153246186162,0.769819542095074,0.865402457851957,-5.90967274874671
"hsa-mir-4436a",0.194987500240385,0.764160416786859,0.298153246186162,0.769819542095074,0.865402457851957,-5.90967274874671
"hsa-mir-4526",-0.194987500240385,0.764160416786859,-0.298153246186162,0.769819542095074,0.865402457851957,-5.90967274874671
"hsa-mir-4700",-0.199820690138757,2.55535108315132,-0.297660808543457,0.770187894928217,0.865402457851957,-5.90981826873007
"hsa-mir-4676",-0.203652569751367,3.41892118986467,-0.296751969519024,0.770867874602181,0.865402457851957,-5.91008621579034
"hsa-mir-3155b",0.203811570694115,2.59919015079028,0.296738622484664,0.770877862105725,0.865402457851957,-5.91009014478301
"hsa-mir-3190",0.194987500240386,2.73312394865637,0.295136927493584,0.77207670527467,0.865402457851957,-5.91056037226386
"hsa-mir-4515",-0.194987500240386,1.09749375012019,-0.293811936466789,0.773068895323778,0.865402457851957,-5.91094746567164
"hsa-mir-765",-0.194987500240385,1.09749375012019,-0.293811936466788,0.773068895323778,0.865402457851957,-5.91094746567164
"hsa-mir-4475",0.194987500240386,0.430827083453526,0.292088430722153,0.774360118355393,0.865402457851957,-5.91144841084864
"hsa-mir-6799",0.194987500240386,0.430827083453526,0.292088430722153,0.774360118355393,0.865402457851957,-5.91144841084864
"hsa-mir-7852",0.194987500240386,0.430827083453526,0.292088430722153,0.774360118355393,0.865402457851957,-5.91144841084864
"hsa-mir-1244-2",-0.194987500240385,0.430827083453526,-0.292088430722153,0.774360118355393,0.865402457851957,-5.91144841084864
"hsa-mir-1272",-0.194987500240385,0.430827083453526,-0.292088430722153,0.774360118355393,0.865402457851957,-5.91144841084864
"hsa-mir-1281",0.194987500240385,0.430827083453526,0.292088430722153,0.774360118355393,0.865402457851957,-5.91144841084864
"hsa-mir-5007",0.194987500240385,0.430827083453526,0.292088430722153,0.774360118355393,0.865402457851957,-5.91144841084864
"hsa-mir-5579",0.194987500240385,0.430827083453526,0.292088430722153,0.774360118355393,0.865402457851957,-5.91144841084864
"hsa-mir-563",0.194987500240385,0.430827083453526,0.292088430722153,0.774360118355393,0.865402457851957,-5.91144841084864
"hsa-mir-5692a-2",0.194987500240385,0.430827083453526,0.292088430722153,0.774360118355393,0.865402457851957,-5.91144841084864
"hsa-mir-5693",0.194987500240385,0.430827083453526,0.292088430722153,0.774360118355393,0.865402457851957,-5.91144841084864
"hsa-mir-7158",0.194987500240385,0.430827083453526,0.292088430722153,0.774360118355393,0.865402457851957,-5.91144841084864
"hsa-mir-7703",0.194987500240385,0.430827083453526,0.292088430722153,0.774360118355393,0.865402457851957,-5.91144841084864
"hsa-mir-8073",0.194987500240385,0.430827083453526,0.292088430722153,0.774360118355393,0.865402457851957,-5.91144841084864
"hsa-mir-891a",0.194987500240385,0.430827083453526,0.292088430722153,0.774360118355393,0.865402457851957,-5.91144841084864
"hsa-mir-1243",-0.194987500240385,0.430827083453526,-0.292088430722153,0.774360118355393,0.865402457851957,-5.91144841084864
"hsa-mir-3660",-0.194987500240385,0.430827083453526,-0.292088430722153,0.774360118355393,0.865402457851957,-5.91144841084864
"hsa-mir-4682",-0.194987500240385,0.430827083453526,-0.292088430722153,0.774360118355393,0.865402457851957,-5.91144841084864
"hsa-mir-4779",-0.194987500240385,0.430827083453526,-0.292088430722153,0.774360118355393,0.865402457851957,-5.91144841084864
"hsa-mir-8064",-0.194987500240385,0.430827083453526,-0.292088430722153,0.774360118355393,0.865402457851957,-5.91144841084864
"hsa-mir-1297",0.212476640205097,1.49621332058332,0.288973430719223,0.776695577261653,0.867452129543357,-5.91234641620093
"hsa-mir-642a",0.189485609997822,6.07576420771958,0.282778281674581,0.781346988732265,0.872084058391495,-5.91410410828229
"hsa-mir-548h-5",0.194987500240386,1.43082708345353,0.28032171899035,0.783193823596106,0.872704935734821,-5.91479066311628
"hsa-mir-762",-0.194987500240385,1.43082708345353,-0.280321718990349,0.783193823596106,0.872704935734821,-5.91479066311628
"hsa-mir-6812",0.190105241585585,2.77651732724561,0.279388828799801,0.783895522012057,0.872704935734821,-5.91504983396988
"hsa-mir-532",0.19504053720569,14.1773319089053,0.279354853658918,0.783921081001105,0.872704935734821,-5.91505925665408
"hsa-mir-6791",-0.194987500240385,1.48746875060096,-0.277349445086521,0.785430175774102,0.873411542592673,-5.91561343076961
"hsa-mir-95",0.180603787994945,11.1831198272894,0.276603847887051,0.785991474887451,0.873411542592673,-5.91581846224053
"hsa-mir-7114",0.199820690138757,2.44804171818886,0.275864169205509,0.786548440085046,0.873411542592673,-5.91602132691029
"hsa-mir-1183",-0.194987500240385,1.29248125036058,-0.274450311363687,0.787613386561347,0.873411542592673,-5.91640759757707
"hsa-mir-6783",0.171524390943252,2.54986800306455,0.273161749563175,0.788584340423777,0.873411542592673,-5.91675792722485
"hsa-mir-1468",-0.225307812844687,6.29818586011565,-0.271843087448145,0.789578351773002,0.873411542592673,-5.91711475213854
"hsa-mir-122",0.277140894006478,4.35468964100646,0.270812689161851,0.79035533291139,0.873411542592673,-5.91739238518695
"hsa-mir-4322",-0.194987500240385,0.764160416786859,-0.270469528158817,0.790614147803541,0.873411542592673,-5.9174846158089
"hsa-mir-4666a",0.194987500240385,0.764160416786859,0.270469528158817,0.790614147803541,0.873411542592673,-5.9174846158089
"hsa-mir-4771-2",-0.194987500240385,0.764160416786859,-0.270469528158817,0.790614147803541,0.873411542592673,-5.9174846158089
"hsa-mir-6730",-0.194987500240385,0.764160416786859,-0.270469528158817,0.790614147803541,0.873411542592673,-5.9174846158089
"hsa-mir-6876",0.194987500240385,0.764160416786859,0.270469528158817,0.790614147803541,0.873411542592673,-5.9174846158089
"hsa-mir-1197",0.259202526221185,2.00117121114899,0.269150584327409,0.791609143827523,0.873952660383927,-5.91783802850805
"hsa-mir-6821",-0.203811570694116,2.1585474524945,-0.266269308416017,0.793784049990378,0.875328235433987,-5.91860412403542
"hsa-mir-149",0.18445369131838,9.2669099464848,0.265446941508557,0.794405133046283,0.875328235433987,-5.91882128443147
"hsa-mir-4659a",-0.175356270555863,2.90474850588871,-0.264888616809422,0.794826883530026,0.875328235433987,-5.91896834096292
"hsa-mir-4667",0.194987500240385,2.29248125036058,0.264620421558655,0.795029497985937,0.875328235433987,-5.91903887165736
"hsa-mir-6742",-0.163951032109892,1.74864218272161,-0.264149950999069,0.795384963064872,0.875328235433987,-5.91916242641703
"hsa-mir-550a-1",0.159722612232852,4.42041932040255,0.253664021328595,0.80331968699762,0.883498447874051,-5.92185973700787
"hsa-mir-4726",0.175356270555862,1.63563019853617,0.245891336140742,0.809215857857674,0.889417683668218,-5.92378927407577
"hsa-mir-4695",-0.181440172074604,1.61904091961102,-0.240676529883337,0.813178436556864,0.893205520789444,-5.92505046898377
"hsa-mir-143",0.175234378713604,20.5986420305665,0.237464979004651,0.815621443501726,0.895320493184001,-5.92581384180637
"hsa-mir-632",-0.1458017707691,3.39866085988452,-0.234675359197689,0.817745101755873,0.897082451514052,-5.92646866941077
"hsa-mir-190a",-0.191611367481253,6.23691546047945,-0.233181067144141,0.818883274040666,0.897761764315813,-5.92681627843337
"hsa-mir-6826",0.170320639759125,2.72079051841574,0.23075091763396,0.820735171219758,0.899222195193275,-5.92737688650403
"hsa-mir-6511a-4",0.153143872879099,3.04553546830906,0.228584596244079,0.822386951080856,0.899969846235022,-5.9278717196086
"hsa-mir-544b",-0.278674754962958,2.77895845657301,-0.228491450700125,0.82245799242634,0.899969846235022,-5.92789289214573
"hsa-mir-7848",0.138345833092948,1.45914791702724,0.226941650548856,0.823640248200701,0.900693823885722,-5.92824391433188
"hsa-mir-561",0.1531438728791,3.90718963521611,0.224103396756144,0.825806539693687,0.902492301749892,-5.92888061755532
"hsa-mir-4455",0.138345833092948,1.98746875060096,0.2210199042716,0.828161672765317,0.904494756239898,-5.92956331986931
"hsa-mir-643",-0.151001783159288,3.20841545555904,-0.215210076232257,0.832603777088379,0.908395727018116,-5.93082412849354
"hsa-mir-153-1",0.146574898454467,4.31762588978922,0.214975053936174,0.832783597139152,0.908395727018116,-5.93087442951732
"hsa-mir-4802",-0.138345833092948,3.62841279709348,-0.211816044899234,0.835201550965362,0.910459157637099,-5.93154524283502
"hsa-mir-3934",0.128278569359759,6.11749540792631,0.210947775774464,0.835866440660129,0.910610165202785,-5.93172789084896
"hsa-mir-6754",-0.171524390943253,1.35488050282416,-0.209570157249129,0.836921638206001,0.910667036575105,-5.93201615547747
"hsa-mir-4697",-0.194987500240386,1.73312394865637,-0.207915061112628,0.838189801127564,0.910667036575105,-5.93236000025143
"hsa-mir-3167",-0.144319802425369,1.51280259950847,-0.207543834273214,0.838474305470257,0.910667036575105,-5.93243675035969
"hsa-mir-4269",-0.138345833092948,0.597493750120193,-0.207240039670495,0.838707147841981,0.910667036575105,-5.93249945763768
"hsa-mir-6080",0.138345833092948,0.597493750120193,0.207240039670495,0.838707147841982,0.910667036575105,-5.93249945763768
"hsa-mir-2277",0.130179519606209,5.27572841047906,0.206757492342335,0.83907702676342,0.910667036575105,-5.93259887423404
"hsa-mir-3687-2",0.14169705464759,3.92157811384284,0.20285738814402,0.842067944523552,0.912882840297162,-5.93339393770108
"hsa-mir-548ae-2",-0.138345833092948,2.42811144889675,-0.202719159592199,0.842173996019809,0.912882840297162,-5.93342184043806
"hsa-mir-7113",-0.138345833092948,1.26416041678686,-0.201561203206682,0.84306252575785,0.913273744246137,-5.93365484231284
"hsa-mir-4729",0.138345833092948,0.930827083453526,0.197828564172704,0.845928174741787,0.915231858851339,-5.93439688469792
"hsa-mir-6847",-0.138345833092948,0.930827083453526,-0.197828564172704,0.845928174741787,0.915231858851339,-5.93439688469792
"hsa-mir-148a",0.135525167852833,20.5276024926491,0.194580336368379,0.848423765990854,0.916846473641494,-5.93503140451284
"hsa-mir-4510",0.15797706277747,1.46896353186951,0.194506563381207,0.848480464913313,0.916846473641494,-5.93504569426219
"hsa-mir-548h-4",-0.124798504927166,2.31402841985141,-0.193662052050336,0.849129583758633,0.916975143509634,-5.93520889127887
"hsa-mir-1-1",-0.147454882127533,12.0636427441186,-0.192944644280444,0.849681095628797,0.916998312812114,-5.93534697147974
"hsa-mir-4769",-0.138345833092948,0.597493750120193,-0.188671563166315,0.8529677309914,0.918556141589595,-5.93615885611949
"hsa-mir-6745",-0.138345833092948,0.597493750120193,-0.188671563166315,0.8529677309914,0.918556141589595,-5.93615885611949
"hsa-mir-4791",0.118303236412594,7.08099687913033,0.188473278275036,0.853120310689205,0.918556141589595,-5.93619609111953
"hsa-mir-4659b",0.115974434473435,3.3419035643754,0.188306835322412,0.853248392794496,0.918556141589595,-5.93622731660069
"hsa-mir-3616",-0.168986662906627,1.83380250260118,-0.186329158683595,0.854770592139238,0.919622589801544,-5.93659623757832
"hsa-mir-645",-0.138345833092948,1.98746875060096,-0.184467469892563,0.856204063546077,0.920112438315481,-5.93693998088004
"hsa-mir-6796",-0.138345833092948,1.26416041678686,-0.184356389691379,0.856289610224234,0.920112438315481,-5.93696038222072
"hsa-mir-548aj-2",-0.117225146093805,3.25360007328729,-0.183162847343436,0.857208915853345,0.920528506782301,-5.93717882042511
"hsa-mir-377",0.141900253774917,6.32601095451791,0.179421959249566,0.860091653810988,0.923051216558939,-5.93785431774095
"hsa-mir-7704",0.110030645615744,9.22346001470071,0.171732099186742,0.866023917982434,0.928841523936522,-5.93919931105261
"hsa-mir-3179-4",-0.107309364962454,1.58197551605495,-0.169351474206274,0.867862139119084,0.930236369687741,-5.93960380478574
"hsa-mir-1288",-0.121169066212921,3.06152287164214,-0.167487848536554,0.869301706982319,0.93120244772719,-5.9399165311082
"hsa-mir-3610",0.120856693128236,1.66287998724999,0.165166271932484,0.871095691691632,0.932546749150076,-5.94030128340735
"hsa-mir-7151",0.107309364962454,1.82763071411035,0.16265727507305,0.873035329442132,0.934045219502095,-5.94071108250498
"hsa-mir-3664",-0.100428703809301,4.05360715324483,-0.161556902226784,0.873886265250907,0.934365252770482,-5.94088883733563
"hsa-mir-1257",-0.116832415694711,2.49905890614314,-0.160873735999966,0.874414649847058,0.934365252770482,-5.94099859160951
"hsa-mir-3130-1",-0.112623212918794,3.55359597190262,-0.159265748658331,0.875658567505723,0.935116865299322,-5.94125509454641
"hsa-mir-5002",0.107309364962454,2.02261821435073,0.153489813117477,0.880129534952191,0.939311594982906,-5.94215528599766
"hsa-mir-4642",0.107309364962454,0.720321349147894,0.146851807632786,0.885273020838913,0.944218450093292,-5.94314890813596
"hsa-mir-1227",-0.0901325980824277,4.18435047066985,-0.144111642178458,0.887397824242854,0.945901562501625,-5.94354630815856
"hsa-mir-4446",0.09213781187833,5.26965786627225,0.13859183040889,0.891680748601345,0.949881585640596,-5.94432417578616
"hsa-mir-6507",0.103522744240939,3.47089065301802,0.137869838877824,0.892241216936549,0.949893726338603,-5.94442368090045
"hsa-mir-4651",-0.107309364962454,1.58197551605495,-0.136812963274804,0.893061756757328,0.950182557927538,-5.94456840522582
"hsa-mir-3197",-0.107309364962454,0.720321349147894,-0.135627979917137,0.893981907807667,0.950576951756155,-5.94472935137983
"hsa-mir-4665",0.0876781352779314,1.67946926617514,0.132571781718685,0.89635580082095,0.951930960970069,-5.94513800383631
"hsa-mir-3661",-0.0876781352779312,1.67946926617514,-0.132571781718685,0.89635580082095,0.951930960970069,-5.94513800383631
"hsa-mir-4636",-0.0865412592237149,4.14699751629631,-0.131531502370896,0.897164070248575,0.952204810754622,-5.94527498329828
"hsa-mir-5100",0.0767724290683436,8.29773842119043,0.126071254255313,0.90140845350332,0.955175922757037,-5.94597631165155
"hsa-mir-873",0.0798219782317968,4.92717035503989,0.125897197385062,0.901543804164809,0.955175922757037,-5.94599818015186
"hsa-mir-6751",-0.0741308071121498,2.44667163372137,-0.12579945010736,0.901619816105341,0.955175922757037,-5.94601044790021
"hsa-mir-548ag-1",-0.0943935128900177,3.61946991022166,-0.124711402645157,0.90246598974042,0.955467487505701,-5.94614636117781
"hsa-mir-7641-1",0.0800337607986208,10.5740832934474,0.124025318805484,0.902999619694694,0.955467487505701,-5.94623145767241
"hsa-mir-4460",-0.0876781352779312,0.817815099268086,-0.116913269551544,0.908534117134805,0.95922049288019,-5.94708598463441
"hsa-mir-4437",0.0951340729540835,3.01653056834655,0.116881946012999,0.908558503766912,0.95922049288019,-5.94708963686812
"hsa-mir-4733",0.0876781352779314,1.15114843260142,0.116617504331128,0.908764386029266,0.95922049288019,-5.94712043107338
"hsa-mir-4699",-0.0876781352779312,1.15114843260142,-0.116617504331128,0.908764386029267,0.95922049288019,-5.94712043107338
"hsa-mir-7851",-0.0712113206078779,7.14724248360972,-0.115363555652016,0.909740745479069,0.959665542487066,-5.9472655055951
"hsa-mir-210",-0.0865680931766022,11.0251136657397,-0.113362922442083,0.911298806046503,0.960723299488391,-5.9474937261319
"hsa-mir-3127",0.0718047088170186,5.38090696707358,0.110130768426214,0.913816749634469,0.962791094316463,-5.94785401177739
"hsa-mir-4775",-0.0849379663429422,2.72393368962429,-0.106964459553236,0.916284326561179,0.964183013250014,-5.94819687089844
"hsa-mir-1304",0.0691295726969088,7.45499835190124,0.106882176326018,0.916348463778011,0.964183013250014,-5.94820564771755
"hsa-mir-1254-1",-0.0638883602885585,6.31510975768804,-0.106290263151338,0.916809859419811,0.964183013250014,-5.94826858598238
"hsa-mir-3139",-0.0876781352779312,1.3461359328418,-0.104116867671933,0.918504283371138,0.965378135013408,-5.94849669068235
"hsa-mir-320e",0.0606235354494045,4.76353588267016,0.103224226568998,0.919200323940631,0.965523108935818,-5.94858901317972
"hsa-mir-1-2",-0.0792698703030794,12.2723089196207,-0.101947808338257,0.920195735189527,0.965982173469588,-5.94871964939152
"hsa-mir-4538",-0.0838462556653217,2.83936226875891,-0.100060167368492,0.921668059956819,0.966941021058397,-5.94890986694684
"hsa-mir-559",-0.064592053320351,5.07350817792812,-0.0965118609137334,0.924436472609691,0.969257634918039,-5.94925782168215
"hsa-mir-6723",0.0605526535350673,5.16502415646272,0.0946773955853977,0.925868134419473,0.970170728374129,-5.94943279411969
"hsa-mir-6511a-2",0.0642150259807988,2.16287998724999,0.0930761716544198,0.927117986245498,0.970892322157816,-5.94958277894473
"hsa-mir-3691",0.0653067366584192,2.6264399395041,0.0918063607366981,0.928109291897517,0.971150357272663,-5.94969990419704
"hsa-mir-1250",-0.0538211408980391,4.0278489089847,-0.0907611267535788,0.928925369381131,0.971150357272663,-5.94979510910952
"hsa-mir-6786",0.0642150259808001,2.27018935221244,0.090603477158884,0.929048463171247,0.971150357272663,-5.94980937409363
"hsa-mir-1294",-0.05289924867302,4.82379930412457,-0.0846184407729635,0.933722976932882,0.975447312858627,-5.95033261095476
"hsa-mir-194-2",-0.0599964609790327,15.967777061597,-0.0827623337569068,0.935173180948763,0.975978680292462,-5.95048762583987
"hsa-mir-6895",0.0566416671474377,1.36165416690705,0.0825233570583911,0.935359914407457,0.975978680292462,-5.95050733468715
"hsa-mir-4754",-0.061474857045809,1.85054796806867,-0.080925067572066,0.936608898806329,0.976246160206517,-5.95063768479501
"hsa-mir-6859-2",-0.0566416671474372,1.02832083357372,-0.0795487904438444,0.937684529950108,0.976246160206517,-5.95074788771433
"hsa-mir-1273a",-0.0472038023222563,9.84502487046081,-0.0793257283969917,0.937858876284862,0.976246160206517,-5.95076557116185
"hsa-mir-548aj-1",-0.0506676978150162,1.85595154768407,-0.0793070458953841,0.937873478764874,0.976246160206517,-5.95076704998271
"hsa-mir-548s",0.0506676978150162,2.74864218272161,0.0763193477552206,0.940208995285487,0.978088732317434,-5.95099906444878
"hsa-mir-6752",-0.0430943389816556,2.46218986778661,-0.06824612807738,0.946522703929468,0.984053399779987,-5.95158147940941
"hsa-mir-1296",0.0449838915364706,6.97220200275906,0.0675333833167519,0.947080295163976,0.984053399779987,-5.95162977523843
"hsa-mir-6833",-0.0387713006395876,4.33866150393104,-0.0610121579660071,0.952183244287619,0.988761712255451,-5.95204812787688
"hsa-mir-6510",0.033178557850305,3.44965861838758,0.0523482962322132,0.958966154077163,0.995057763840863,-5.952538311116
"hsa-mir-676",-0.0338569943798928,3.9273681741983,-0.0517984621160985,0.959396734154081,0.995057763840863,-5.95256689224709
"hsa-mir-6836",0.0331785578503045,2.34234925342512,0.0503162749559331,0.960557513246056,0.995664768074102,-5.95264243569014
"hsa-mir-219a-1",-0.0287947686332037,5.84713936143324,-0.0472332584042268,0.962972279705071,0.997570086161541,-5.95279254705711
"hsa-mir-196b",0.0302344162488559,12.296554330663,0.0452276043489085,0.964543407509992,0.998599697781141,-5.95288510938369
"hsa-mir-299",0.0323545371775378,5.83304364351454,0.0410539770833493,0.967813296286323,1,-5.95306485601839
"hsa-mir-335",0.0280158928242287,10.9657218416525,0.0388498119602988,0.969540426934584,1,-5.95315276820413
"hsa-mir-3130-2",0.0260008373337595,3.00542705983352,0.0355619120752818,0.972117037089568,1,-5.95327489311287
"hsa-mir-6853",0.0223713986195131,2.58260087186513,0.0354860656265159,0.972176479167382,1,-5.9532775830075
"hsa-mir-33b",-0.0246549273717411,5.4451582031201,-0.0334709993856824,0.973755780372435,1,-5.95334694454276
"hsa-mir-1246",-0.0200384196069816,9.45196262937632,-0.0299384687828919,0.976524659655277,1,-5.95345875860971
"hsa-mir-1269a",0.0291542804167797,2.20956464044878,0.0296928225244672,0.976717214947303,1,-5.95346607075111
"hsa-mir-548g",0.0196312296845234,2.80725475576851,0.0296226200450289,0.976772245001125,1,-5.95346814939809
"hsa-mir-6780a",0.0196312296845234,1.87146978174931,0.0292441495065044,0.9770689211543,1,-5.9534792708943
"hsa-mir-137",-0.0234631092971331,2.11904091961102,-0.0262554165286105,0.979411854071605,1,-5.95356207285976
"hsa-mir-4773-2",-0.0174891399647121,2.12202790427723,-0.0260561220416867,0.979568092600415,1,-5.95356727712638
"hsa-mir-548ax",0.0135473281657821,2.24485550330493,0.0192461282381697,0.984907319559941,1,-5.95372128337681
"hsa-mir-1273g",-0.00531915918639925,8.08150544916193,-0.00868439248154446,0.993189401638245,1,-5.95386854711767
"hsa-mir-600",-0.00734210210999953,2.01112698873115,-0.00814929854569021,0.993609030393811,1,-5.95387304383653
"hsa-mir-1299",-0.00536124111169389,6.17439575975132,-0.00475599544672405,0.996270150205877,1,-5.95389490522571
"hsa-mir-153-2",0.00110678609720516,4.19018877788263,0.00152407184931192,0.99880475503099,1,-5.95390503765557
"hsa-mir-5702",-6.66133814775094e-16,1.19498750024039,-9.04020055967418e-16,0.999999999999999,1,-5.95390619723224
"hsa-mir-6819",4.44089209850063e-16,1.63563019853617,6.86335982687043e-16,0.999999999999999,1,-5.95390619723224
"hsa-mir-3689f",-4.44089209850063e-16,1,-5.66743952034024e-16,1,1,-5.95390619723224
"hsa-mir-1251",2.22044604925031e-16,0.528320833573719,3.16551903357215e-16,1,1,-5.95390619723224
"hsa-mir-1282",2.22044604925031e-16,0.666666666666667,3.16791111999014e-16,1,1,-5.95390619723224
"hsa-mir-4453",2.22044604925031e-16,0.666666666666667,2.90728027933907e-16,1,1,-5.95390619723224
"hsa-mir-4483",2.22044604925031e-16,0.666666666666667,3.51411854829445e-16,1,1,-5.95390619723224
"hsa-mir-4766",-2.22044604925031e-16,1.38997500048077,-3.70645406065002e-16,1,1,-5.95390619723224
"hsa-mir-548au",-2.22044604925031e-16,1.38997500048077,-2.75278819262229e-16,1,1,-5.95390619723224
"hsa-mir-1199",1.11022302462516e-16,0.333333333333333,1.75705927414723e-16,1,1,-5.95390619723224
"hsa-mir-4283-1",1.11022302462516e-16,0.333333333333333,1.75705927414723e-16,1,1,-5.95390619723224
"hsa-mir-4436b-1",-1.11022302462516e-16,0.666666666666667,-1.75705927414723e-16,1,1,-5.95390619723224
"hsa-mir-4747",-1.11022302462516e-16,0.861654166907052,-1.64384955551078e-16,1,1,-5.95390619723224
"hsa-mir-5692a-1",1.11022302462516e-16,0.666666666666667,1.75705927414723e-16,1,1,-5.95390619723224
"hsa-mir-646",1.11022302462516e-16,0.333333333333333,1.75705927414723e-16,1,1,-5.95390619723224
"hsa-mir-6769a",1.11022302462516e-16,0.333333333333333,1.75705927414723e-16,1,1,-5.95390619723224
"hsa-mir-6773",1.11022302462516e-16,0.333333333333333,1.75705927414723e-16,1,1,-5.95390619723224
"hsa-mir-892a",-1.11022302462516e-16,0.528320833573719,-1.58275951678608e-16,1,1,-5.95390619723224
"hsa-mir-1244-1",-5.55111512312578e-17,0.333333333333333,-8.78529637073613e-17,1,1,-5.95390619723224
"hsa-mir-302e",0,0.333333333333333,0,1,1,-5.95390619723224
"hsa-mir-3185",-5.55111512312578e-17,0.333333333333333,-8.78529637073613e-17,1,1,-5.95390619723224
"hsa-mir-3689c",0,0.333333333333333,0,1,1,-5.95390619723224
"hsa-mir-3937",0,0.666666666666667,0,1,1,-5.95390619723224
"hsa-mir-4313",0,0.333333333333333,0,1,1,-5.95390619723224
"hsa-mir-4441",0,0.333333333333333,0,1,1,-5.95390619723224
"hsa-mir-4447",0,0.333333333333333,0,1,1,-5.95390619723224
"hsa-mir-4531",0,0.333333333333333,0,1,1,-5.95390619723224
"hsa-mir-4641",0,0.333333333333333,0,1,1,-5.95390619723224
"hsa-mir-4776-1",-5.55111512312578e-17,0.333333333333333,-8.78529637073613e-17,1,1,-5.95390619723224
"hsa-mir-5087",0,0.666666666666667,0,1,1,-5.95390619723224
"hsa-mir-513a-1",-5.55111512312578e-17,0.333333333333333,-8.78529637073613e-17,1,1,-5.95390619723224
"hsa-mir-548m",0,0.333333333333333,0,1,1,-5.95390619723224
"hsa-mir-562",-5.55111512312578e-17,0.333333333333333,-8.78529637073613e-17,1,1,-5.95390619723224
"hsa-mir-5739",0,0.333333333333333,0,1,1,-5.95390619723224
"hsa-mir-6073",0,0.333333333333333,0,1,1,-5.95390619723224
"hsa-mir-6077",-5.55111512312578e-17,0.333333333333333,-8.78529637073613e-17,1,1,-5.95390619723224
"hsa-mir-6086",0,0.333333333333333,0,1,1,-5.95390619723224
"hsa-mir-6088",0,0.333333333333333,0,1,1,-5.95390619723224
"hsa-mir-647",-5.55111512312578e-17,0.333333333333333,-8.78529637073613e-17,1,1,-5.95390619723224
"hsa-mir-6717",0,0.333333333333333,0,1,1,-5.95390619723224
"hsa-mir-6784",0,1,0,1,1,-5.95390619723224
"hsa-mir-6830",0,0.333333333333333,0,1,1,-5.95390619723224
"hsa-mir-8076",-5.55111512312578e-17,0.333333333333333,-8.78529637073613e-17,1,1,-5.95390619723224
