"","logFC","AveExpr","t","P.Value","adj.P.Val","B"
"hsa-mir-4707",3.59976054050731,2.13321360358699,6.38547123741638,4.61441403449102e-05,0.0784450385863474,-2.71404383397053
"hsa-mir-3170",2.48510907343485,1.90922120338409,3.84071214545584,0.00262078442670243,0.965484393342877,-3.37496556014013
"hsa-mir-6807",-1.96896353186951,1.31781509926809,-3.76250865481715,0.00300680323940231,0.965484393342877,-3.40419296223224
"hsa-mir-144",-3.04342679376458,9.84628591416476,-3.64921607069904,0.003672926336724,0.965484393342877,-3.4476168246424
"hsa-mir-548ba",-3.48971100660986,2.93984300354532,-3.60074788232984,0.00400265143621027,0.965484393342877,-3.46658475491299
"hsa-mir-6886",-1.9357849740192,1.30122582034293,-3.59847071996676,0.00401887106912416,0.965484393342877,-3.46748165989505
"hsa-mir-4513",1.7233083338141,2.05664166714744,3.45699219592298,0.00517107323385523,0.965484393342877,-3.52421082601018
"hsa-mir-3685",-1.66666666666667,0.833333333333333,-3.2455159586032,0.00755703693919441,0.965484393342877,-3.61263288292354
"hsa-mir-575",1.79743914092625,0.898719570463127,3.15377657500607,0.00891565742691861,0.965484393342877,-3.65229786224607
"hsa-mir-663b",1.95058301380535,2.94425503877218,3.13024806502776,0.00930233990193048,0.965484393342877,-3.66259384249134
"hsa-mir-526a-1",-1.63563019853617,0.817815099268086,-3.11238496085924,0.00960719709299978,0.965484393342877,-3.67044361516097
"hsa-mir-3180-1",1.57141517255537,1.98069508651807,3.08659057641466,0.0100653045569546,0.965484393342877,-3.6818283992415
"hsa-mir-4770",-2.56449565249978,1.94891449291655,-2.94364513572332,0.0130333257270819,0.965484393342877,-3.74595068875475
"hsa-mir-2113",-1.79743914092625,1.23205290379646,-2.92163135444514,0.01356278357155,0.965484393342877,-3.75597512938953
"hsa-mir-3651",-1.65909330783331,1.16287998724999,-2.92119055987966,0.0135736023010617,0.965484393342877,-3.75617624739214
"hsa-mir-6836",-1.83061769877656,1.443629682962,-2.90316539236967,0.0140234828006928,0.965484393342877,-3.76441353528099
"hsa-mir-4647",-1.66264238923314,2.46695139315274,-2.88352547123398,0.0145306571013139,0.965484393342877,-3.77341753677703
"hsa-mir-122",-1.90829758728854,3.53911129436543,-2.88302022293288,0.0145439435262977,0.965484393342877,-3.77364956210351
"hsa-mir-4786",1.63563019853617,1.48448176593475,2.87840774420132,0.014665799591217,0.965484393342877,-3.77576865560565
"hsa-mir-5692c-2",1.38997500048077,0.694987500240385,2.85036039531764,0.0154290344235554,0.965484393342877,-3.78868908325133
"hsa-mir-3648-2",1.46893899749129,4.23574474474423,2.83360793709033,0.0159036788927871,0.965484393342877,-3.79643441571311
"hsa-mir-4433a",-2.93147195545004,2.85571097820579,-2.78723049384213,0.0172949040952825,0.965484393342877,-3.81798305113311
"hsa-mir-548h-1",1.63563019853617,1.3461359328418,2.74508272456635,0.0186638588577504,0.965484393342877,-3.83769748412788
"hsa-mir-6755",-1.49728436544323,2.47195051653572,-2.72847031139196,0.0192324966899908,0.965484393342877,-3.84550088163838
"hsa-mir-1277",-1.72267472895251,5.98841694871428,-2.62457814345313,0.0231981084061917,0.965484393342877,-3.89469856448178
"hsa-mir-6871",-1.52832083357372,1.09749375012019,-2.62251523711418,0.0232845111323167,0.965484393342877,-3.89568197908475
"hsa-mir-548ar",-1.47913510410243,3.23685191749444,-2.59070440573914,0.0246576522773125,0.965484393342877,-3.9108766046941
"hsa-mir-4520-1",-1.38997500048077,1.36165416690705,-2.56551678229265,0.0258010515167002,0.965484393342877,-3.9229462196917
"hsa-mir-3675",-1.44064269829579,1.05365468248123,-2.54726468385851,0.0266619446088236,0.965484393342877,-3.93171275974296
"hsa-mir-7152",-1.52832083357372,1.62581458369391,-2.53751888159564,0.0271330820416185,0.965484393342877,-3.93640045879863
"hsa-mir-6847",1.47167916642628,1.59749375012019,2.52532122399433,0.027734240724985,0.965484393342877,-3.94227393920554
"hsa-mir-4679-1",-1.21638640439913,4.37459587499533,-2.50169475258518,0.0289359293356919,0.965484393342877,-3.95367039640565
"hsa-mir-3115",-1.51477350540794,1.95237425294435,-2.48894613726835,0.0296053151745854,0.965484393342877,-3.9598302155427
"hsa-mir-184",-1.57808579917874,6.41166218758031,-2.48722085241686,0.0296970565974224,0.965484393342877,-3.96066437392017
"hsa-mir-3191",1.38211884343464,2.8860469219577,2.482645720952,0.0299416820172341,0.965484393342877,-3.96287702198748
"hsa-mir-4421",-1.81098646909204,2.01280259950847,-2.47927203378156,0.0301233253287448,0.965484393342877,-3.96450919046978
"hsa-mir-645",-1.58496250072116,1.12581458369391,-2.46731122823481,0.0307760021636781,0.965484393342877,-3.9702995760525
"hsa-mir-3181",-1.19498750024039,0.597493750120193,-2.45050813317268,0.0317162229662799,0.965484393342877,-3.97844396359346
"hsa-mir-4432",-1.19498750024039,0.597493750120193,-2.45050813317268,0.0317162229662799,0.965484393342877,-3.97844396359346
"hsa-mir-4736",-1.19498750024039,0.597493750120193,-2.45050813317268,0.0317162229662799,0.965484393342877,-3.97844396359346
"hsa-mir-147a",1.47511082666891,2.79419708048189,2.41141008322062,0.0340133148190425,0.965484393342877,-3.99743603053528
"hsa-mir-1972-1",-1.48699126114857,4.26993427643429,-2.40544928920208,0.0343774146321433,0.965484393342877,-4.00033627916047
"hsa-mir-4780",1.34813137311948,2.00739901989308,2.35588262313902,0.0375547762355245,0.965484393342877,-4.02449670379455
"hsa-mir-573",-1.46410580759292,1.83936226875891,-2.33968070134797,0.0386535667602791,0.965484393342877,-4.03240932658136
"hsa-mir-4520-2",-1.30229686520284,0.984481765934753,-2.31828472239193,0.0401521779701119,0.965484393342877,-4.04286863109643
"hsa-mir-6867",-1.30229686520284,0.984481765934753,-2.31828472239193,0.0401521779701119,0.965484393342877,-4.04286863109643
"hsa-mir-548aw",-1.54311887335987,1.77155943667993,-2.30949171535772,0.0407841352014661,0.965484393342877,-4.04717008324695
"hsa-mir-202",1.58556931259595,4.74336767010333,2.29639620893585,0.041743071969014,0.965484393342877,-4.05357928154652
"hsa-mir-6868",2.57999897403235,3.71846689330359,2.2873970767107,0.0424145614233186,0.965484393342877,-4.05798558009552
"hsa-mir-3616",2.05098397427953,2.77480115828763,2.27789893878888,0.0431345251166378,0.965484393342877,-4.0626378027527
"hsa-mir-6089-1",1.49728436544323,1.74864218272161,2.27725724424509,0.0431835862636082,0.965484393342877,-4.06295216321252
"hsa-mir-4738",-1.30229686520284,1.51280259950847,-2.260222244042,0.0445057347205085,0.965484393342877,-4.07129986584201
"hsa-mir-3148",-1.30229686520284,1.51280259950847,-2.260222244042,0.0445057347205085,0.965484393342877,-4.07129986584201
"hsa-mir-5680",-1.46410580759292,1.39871957046313,-2.23916471616767,0.0461936859904746,0.965484393342877,-4.08162441863975
"hsa-mir-4679-2",-1.20978554002654,4.06899857760619,-2.23463394497566,0.0465647843926642,0.965484393342877,-4.08384656934725
"hsa-mir-153-1",-1.29577926606237,3.74302370598527,-2.21273911670745,0.048398572064422,0.965484393342877,-4.09458789847689
"hsa-mir-4644",-1.19498750024039,0.930827083453526,-2.20562275252163,0.0490092830537745,0.965484393342877,-4.09807994371907
"hsa-mir-569",-1.19498750024039,0.930827083453526,-2.20562275252163,0.0490092830537745,0.965484393342877,-4.09807994371907
"hsa-mir-621",1.19498750024039,0.930827083453526,2.20562275252163,0.0490092830537745,0.965484393342877,-4.09807994371907
"hsa-mir-31",-1.94607551703574,8.84318196254963,-2.1933898929197,0.0500762665314222,0.965484393342877,-4.10408341364348
"hsa-mir-6819",1.19498750024038,2.23312394865637,2.18188235277879,0.0511001287731958,0.965484393342877,-4.10973154985912
"hsa-mir-4488",1.35377259561001,7.13520448328773,2.16999738868615,0.0521784358028504,0.965484393342877,-4.11556532162398
"hsa-mir-2114",1.46410580759292,0.73205290379646,2.16237145264856,0.0528816651022113,0.965484393342877,-4.11930862559331
"hsa-mir-548ah",-1.1531438728791,3.07385630188277,-2.15725751465115,0.05335827451081,0.965484393342877,-4.121818875704
"hsa-mir-4536-2",-1.1814401720746,2.11904091961102,-2.13360299598191,0.0556162652048287,0.965484393342877,-4.13342936524047
"hsa-mir-4687",1.61748093719538,1.86538213574513,2.13141884057511,0.0558292570322695,0.965484393342877,-4.13450132559142
"hsa-mir-4673",1.30229686520284,0.65114843260142,2.08354623164886,0.0606956212613348,0.965484393342877,-4.15798763044728
"hsa-mir-489",-1.42101146861127,2.01280259950847,-2.08033867711784,0.0610355635416197,0.965484393342877,-4.15956039870215
"hsa-mir-1251",1.19498750024039,1.12581458369391,2.08002670096575,0.0610687226842502,0.965484393342877,-4.15971336343976
"hsa-mir-4684",1.24191371883465,4.85037362912839,2.06332856964745,0.0628684299218636,0.965484393342877,-4.16789855631092
"hsa-mir-6715a",1.32783729240381,3.15039585241434,2.06154834474767,0.0630632108850325,0.965484393342877,-4.16877094279713
"hsa-mir-2681",-1.52832083357372,2.0664572819897,-2.05614796682396,0.0636575554389155,0.965484393342877,-4.17141703241562
"hsa-mir-3691",1.27883375590571,3.29851018578616,2.05610157231854,0.0636626841224013,0.965484393342877,-4.17143976271949
"hsa-mir-124-1",-1.19498750024039,1.26416041678686,-2.05053340810212,0.0642810381868298,0.965484393342877,-4.17416752280065
"hsa-mir-5087",1.19498750024039,1.26416041678686,2.05053340810212,0.0642810381868299,0.965484393342877,-4.17416752280065
"hsa-mir-6810",1.11683241569471,2.66572557280981,2.04058476486777,0.0653998834991429,0.965484393342877,-4.1790397629061
"hsa-mir-466",1.66880875638648,2.63184351911949,2.03204072919461,0.0663752875386622,0.965484393342877,-4.18322251707622
"hsa-mir-7846",1.46979697871257,2.06823182268962,2.01677800414639,0.0681516387822444,0.965484393342877,-4.19069039894906
"hsa-mir-548w",-1.01838051806415,3.79310660617076,-2.01645996941589,0.0681891211121074,0.965484393342877,-4.19084595144096
"hsa-mir-1266",1.17246640563617,5.38179015603063,2.00694650756058,0.0693192744897336,0.965484393342877,-4.19549786572435
"hsa-mir-4795",-1.19498750024039,0.597493750120193,-2.00289468432578,0.0698058951828763,0.965484393342877,-4.19747842478007
"hsa-mir-7843",-1.19498750024039,0.597493750120193,-2.00289468432578,0.0698058951828763,0.965484393342877,-4.19747842478007
"hsa-mir-943",-1.00362943871425,3.45239773316248,-1.9821369717448,0.0723491683943564,0.965484393342877,-4.20761775072763
"hsa-mir-4516",1.41832267496044,5.54077986564395,1.97264552151197,0.0735405551112032,0.965484393342877,-4.21224964762818
"hsa-mir-3163",1.10730936496245,1.41530884938828,1.96869073408173,0.0740423246853196,0.965484393342877,-4.21417876053701
"hsa-mir-3920",1.10730936496245,1.41530884938828,1.96869073408173,0.0740423246853196,0.965484393342877,-4.21417876053701
"hsa-mir-6743",-1.13077247425959,1.89871957046313,-1.95863630189168,0.0753323343781371,0.965484393342877,-4.21908087164228
"hsa-mir-4537",1.01019610661114,4.40984655919428,1.95181313677052,0.076219596776335,0.965484393342877,-4.22240555301478
"hsa-mir-6872",-1.05664166714744,2.05664166714744,-1.94680992637452,0.0768763374722847,0.965484393342877,-4.22484236757812
"hsa-mir-101-2",-1.13036411034924,14.3340248125527,-1.94314488778924,0.0773607436792058,0.965484393342877,-4.22662683617978
"hsa-mir-4433b",-1.88995046610256,3.40041597113322,-1.92195623823054,0.0802169869088447,0.965484393342877,-4.23693310844768
"hsa-mir-4523",-1.19498750024039,1.26416041678686,-1.91679927380181,0.0809267234862469,0.965484393342877,-4.23943870867217
"hsa-mir-937",1.15286354739931,5.12408318152643,1.90971419761047,0.0819112613489179,0.965484393342877,-4.24287925188848
"hsa-mir-4662a",1.26911830735254,2.35786748749037,1.90814610177278,0.0821306489172914,0.965484393342877,-4.24364042842219
"hsa-mir-6742",-1.13834583309295,1.09749375012019,-1.89027043902771,0.084670081948527,0.965484393342877,-4.25230961893854
"hsa-mir-6739",-1.30229686520284,1.8461359328418,-1.88588407059054,0.085304142666249,0.965484393342877,-4.25443458431888
"hsa-mir-6744",2.64308613621232,4.09551909973528,1.87905127510844,0.086300528220159,0.965484393342877,-4.25774283794618
"hsa-mir-448",-1.05664166714744,0.528320833573719,-1.85841916922944,0.0893742826217992,0.965484393342877,-4.26771787425219
"hsa-mir-4505",-1.05664166714744,0.528320833573719,-1.85841916922944,0.0893742826217992,0.965484393342877,-4.26771787425219
"hsa-mir-5092",-1.05664166714744,0.528320833573719,-1.85841916922944,0.0893742826217992,0.965484393342877,-4.26771787425219
"hsa-mir-6760",1.05664166714744,0.528320833573719,1.85841916922944,0.0893742826217992,0.965484393342877,-4.26771787425219
"hsa-mir-7107",1.05664166714744,0.528320833573719,1.85841916922944,0.0893742826217992,0.965484393342877,-4.26771787425219
"hsa-mir-101-1",-1.11079953944421,14.2806851853201,-1.85503281243923,0.0898882461383827,0.965484393342877,-4.26935292215349
"hsa-mir-451a",-1.66296835044563,14.8552103563919,-1.84572494528617,0.0913148922911675,0.965484393342877,-4.27384380869866
"hsa-mir-451b",-1.65412932706497,14.8125772933345,-1.8429782341092,0.0917398229869387,0.965484393342877,-4.27516811715509
"hsa-mir-4648",1.19498750024039,0.597493750120193,1.83283218190094,0.093325156014093,0.965484393342877,-4.28005618649356
"hsa-mir-3665",1.00479289509363,6.83651063574896,1.82403533342598,0.094719836368461,0.965484393342877,-4.28428930963597
"hsa-mir-135a-1",-1.88212101512843,4.70936773075811,-1.8238220315054,0.0947538883162242,0.965484393342877,-4.28439189423814
"hsa-mir-548a-1",-1.0459483434828,3.05129500531512,-1.82376220153472,0.0947634416934967,0.965484393342877,-4.28442066813324
"hsa-mir-32",-1.06416480910178,10.9933882537366,-1.81940439061849,0.0954616381558824,0.965484393342877,-4.28651586840659
"hsa-mir-548as",1,0.833333333333333,1.81637893510431,0.0959491162983479,0.965484393342877,-4.2879697903237
"hsa-mir-544a",-1.05664166714744,1.38997500048077,-1.81313950015602,0.0964735795465564,0.965484393342877,-4.28952590619363
"hsa-mir-4768",-1,1.36165416690705,-1.80476006163847,0.097842309082371,0.965484393342877,-4.29354800444861
"hsa-mir-6869",1.19498750024039,1.45914791702724,1.80230213519559,0.0982471262467983,0.965484393342877,-4.2947269378895
"hsa-mir-8065",-1.1158210623315,3.355349672092,-1.79399406604388,0.0996267230942542,0.965484393342877,-4.2987089134685
"hsa-mir-4730",1.10730936496245,0.553654682481227,1.78548888539463,0.101057208641673,0.965484393342877,-4.30278054684395
"hsa-mir-5189",-1.10730936496245,0.553654682481227,-1.78548888539463,0.101057208641673,0.965484393342877,-4.30278054684395
"hsa-mir-888",-1.10730936496245,0.553654682481227,-1.78548888539463,0.101057208641673,0.965484393342877,-4.30278054684395
"hsa-mir-5581",1.10730936496245,1.41530884938828,1.78347038171831,0.101399418300581,0.965484393342877,-4.30374612359241
"hsa-mir-4324",-1.12129209229511,4.19927250575948,-1.78084481122478,0.101846116081278,0.965484393342877,-4.30500167425857
"hsa-mir-7110",1.02481224287091,6.93188979428213,1.78024904815584,0.101947722752301,0.965484393342877,-4.3052865016946
"hsa-mir-4695",0.968963531869505,2.01280259950847,1.77706640551434,0.102492072462653,0.965484393342877,-4.30680766314398
"hsa-mir-4710",1.26911830735254,0.967892487009601,1.77617607130401,0.102644822020441,0.965484393342877,-4.30723307503557
"hsa-mir-7850",0.992426641166639,1.82954665391665,1.77160113568532,0.103432965597823,0.965484393342877,-4.30941814014078
"hsa-mir-6738",-1.25162916738782,1.8208020839343,-1.76830674122285,0.104003884340707,0.965484393342877,-4.31099066516882
"hsa-mir-455",-1.09492565201723,12.5932094495806,-1.76772387451648,0.104105190755759,0.965484393342877,-4.31126880505802
"hsa-mir-4732",-1.70713672439123,2.65100750312187,-1.76670127273679,0.104283141428027,0.965484393342877,-4.3117567236129
"hsa-mir-653",-1.03056661137894,4.97072404377141,-1.76134896242404,0.105219021137634,0.965484393342877,-4.31430924383674
"hsa-mir-3145",1,2.4357849740192,1.76049517078876,0.10536900939261,0.965484393342877,-4.31471622191491
"hsa-mir-486-2",-1.48497209198699,11.7225914676081,-1.75253744171944,0.106776260847624,0.965484393342877,-4.3185068191525
"hsa-mir-548v",-1.16180894239008,2.02154716949083,-1.74244064329483,0.108586124162121,0.965484393342877,-4.32330939801104
"hsa-mir-548p",-0.913693900879478,3.2232496232355,-1.74141692162714,0.108771158718286,0.965484393342877,-4.32379589343711
"hsa-mir-7974",0.967539852256219,7.78519793020031,1.73962709591721,0.109095344955372,0.965484393342877,-4.32464626101986
"hsa-mir-374a",-0.915246107135435,11.8021947586832,-1.73722683448538,0.109531460016281,0.965484393342877,-4.32578625736575
"hsa-mir-4435-2",-0.968963531869506,1.15114843260142,-1.72490114390172,0.111795716867754,0.965484393342877,-4.33163304004034
"hsa-mir-4669",-1.08767813527793,1.65114843260142,-1.72388911054441,0.111983480877289,0.965484393342877,-4.3321125577395
"hsa-mir-4521",0.971336625551642,8.97290118999977,1.71766960266558,0.113143609860202,0.965484393342877,-4.33505760365974
"hsa-mir-1279",-1,0.5,-1.70874140941635,0.114827794391213,0.965484393342877,-4.33927959650291
"hsa-mir-3686",-1,0.5,-1.70874140941635,0.114827794391213,0.965484393342877,-4.33927959650291
"hsa-mir-4713",1,0.5,1.70874140941635,0.114827794391213,0.965484393342877,-4.33927959650291
"hsa-mir-4793",1,0.5,1.70874140941635,0.114827794391213,0.965484393342877,-4.33927959650291
"hsa-mir-521-2",-1,0.5,-1.70874140941635,0.114827794391213,0.965484393342877,-4.33927959650291
"hsa-mir-6078",-1,0.5,-1.70874140941635,0.114827794391213,0.965484393342877,-4.33927959650291
"hsa-mir-6771",-1,0.5,-1.70874140941635,0.114827794391213,0.965484393342877,-4.33927959650291
"hsa-mir-6823",-1,0.5,-1.70874140941635,0.114827794391213,0.965484393342877,-4.33927959650291
"hsa-mir-7157",-1,0.5,-1.70874140941635,0.114827794391213,0.965484393342877,-4.33927959650291
"hsa-mir-5000",-1.09848529450872,2.70238652013346,-1.70355286415754,0.115816806349139,0.965484393342877,-4.34173005147626
"hsa-mir-2276",1.05664166714744,2.74293956349863,1.70177720318214,0.116157016057528,0.965484393342877,-4.34256812958096
"hsa-mir-548x-2",-1.05664166714744,1.19498750024039,-1.69488800497872,0.117485417216344,0.965484393342877,-4.34581709140715
"hsa-mir-4325",-1,1.02832083357372,-1.68287722037585,0.11983379446733,0.965484393342877,-4.35147131460611
"hsa-mir-5191",-1,1.02832083357372,-1.68287722037585,0.11983379446733,0.965484393342877,-4.35147131460611
"hsa-mir-1267",-1.05664166714744,1.86165416690705,-1.68048007864949,0.120307459978176,0.965484393342877,-4.35259823601488
"hsa-mir-3939",-1.10730936496245,1.74864218272161,-1.67844840107043,0.120710214115762,0.965484393342877,-4.35355293644732
"hsa-mir-612",-1.01963122968452,1.37146978174931,-1.6783907429706,0.120721661569839,0.965484393342877,-4.353580024876
"hsa-mir-4763",-1.01963122968452,1.37146978174931,-1.6783907429706,0.120721661569839,0.965484393342877,-4.353580024876
"hsa-mir-5697",-0.912321864722069,1.8461359328418,-1.6740906521307,0.12157812689809,0.965484393342877,-4.35559938978808
"hsa-mir-4512",-1.12440577452807,4.66193889339313,-1.66803122221759,0.122794167123752,0.965484393342877,-4.35844203075098
"hsa-mir-486-1",-1.40508135286238,11.7711092355731,-1.6671674355352,0.122968392961893,0.965484393342877,-4.35884697491101
"hsa-mir-552",-1.27499280680434,10.4156255251938,-1.66593153544711,0.12321805549331,0.965484393342877,-4.35942624338949
"hsa-mir-363",-1.05350542006385,12.0760487991523,-1.66379296785578,0.123651126948152,0.965484393342877,-4.36042825086037
"hsa-mir-4635",1.03337889042848,2.6239988101767,1.66336742640298,0.123737462219867,0.965484393342877,-4.36062758266573
"hsa-mir-5094",1.14431980242537,1.3461359328418,1.65848581774733,0.124731688448224,0.965484393342877,-4.36291298057808
"hsa-mir-618",-2.623944033417,6.27589991778127,-1.65100180596487,0.126269681956004,0.965484393342877,-4.36641225331346
"hsa-mir-1262",0.825077427065864,4.48760785918077,1.65094131727727,0.12628218068412,0.965484393342877,-4.36644051349478
"hsa-mir-5691",-1.10730936496245,0.88698801581456,-1.64937894693782,0.126605391413881,0.965484393342877,-4.36717032471186
"hsa-mir-4725",1.23347990604703,1.61673995302352,1.64427628417802,0.127666091223119,0.965484393342877,-4.36955218807002
"hsa-mir-567",-1.19498750024039,0.930827083453526,-1.64164233989622,0.128216680981599,0.965484393342877,-4.37078066757093
"hsa-mir-3667",1.46410580759292,2.83936226875891,1.63698688562464,0.12919496962258,0.965484393342877,-4.37295027941785
"hsa-mir-4782",-0.861654166907052,0.764160416786859,-1.63660584187232,0.129275332368561,0.965484393342877,-4.37312776270295
"hsa-mir-1246",1.03182089151376,9.9578538653297,1.63535192424759,0.129540097089223,0.965484393342877,-4.37371171070466
"hsa-mir-548ae-2",0.901514705491277,2.80969588509591,1.63177975091301,0.130296985454891,0.965484393342877,-4.37537438862709
"hsa-mir-3913-2",-0.876661702818042,5.8162991144949,-1.63118827677391,0.130422685238442,0.965484393342877,-4.37564956581014
"hsa-mir-3910-1",-0.958156372638714,2.86905318680013,-1.62634407829055,0.131456200028056,0.965484393342877,-4.37790192161316
"hsa-mir-99a",-0.973642942098893,15.8417667044633,-1.6216239097368,0.13247018395244,0.965484393342877,-4.38009426442953
"hsa-mir-1538",-1.31495281526918,2.76478577259704,-1.61482227413578,0.133943408053828,0.965484393342877,-4.38324925355619
"hsa-mir-1299",1.73613462613484,7.0397824522629,1.60574847538023,0.135931182010561,0.965484393342877,-4.38745052045286
"hsa-mir-548al",-0.840650901065119,4.06341158674488,-1.59148104908555,0.139109043324823,0.965484393342877,-4.39403835013496
"hsa-mir-3160-1",-0.861654166907052,1.09749375012019,-1.5903798449381,0.139357002360459,0.965484393342877,-4.39454588135081
"hsa-mir-5193",-0.86772236536625,5.13604882949809,-1.58669495366379,0.140189545187323,0.965484393342877,-4.39624321136608
"hsa-mir-4722",0.861654166907052,0.430827083453526,1.57255254793323,0.143425266727123,0.965484393342877,-4.40274312781525
"hsa-mir-6828",0.861654166907052,0.430827083453526,1.57255254793323,0.143425266727123,0.965484393342877,-4.40274312781525
"hsa-mir-1305",-0.861654166907052,0.430827083453526,-1.57255254793323,0.143425266727123,0.965484393342877,-4.40274312781525
"hsa-mir-1321",-0.861654166907052,0.430827083453526,-1.57255254793323,0.143425266727123,0.965484393342877,-4.40274312781525
"hsa-mir-3612",-0.861654166907052,0.430827083453526,-1.57255254793323,0.143425266727123,0.965484393342877,-4.40274312781525
"hsa-mir-3666",-0.861654166907052,0.430827083453526,-1.57255254793323,0.143425266727123,0.965484393342877,-4.40274312781525
"hsa-mir-3927",-0.861654166907052,0.430827083453526,-1.57255254793323,0.143425266727123,0.965484393342877,-4.40274312781525
"hsa-mir-3935",-0.861654166907052,0.430827083453526,-1.57255254793323,0.143425266727123,0.965484393342877,-4.40274312781525
"hsa-mir-4275",0.861654166907052,0.430827083453526,1.57255254793323,0.143425266727123,0.965484393342877,-4.40274312781525
"hsa-mir-4288",-0.861654166907052,0.430827083453526,-1.57255254793323,0.143425266727123,0.965484393342877,-4.40274312781525
"hsa-mir-4434",-0.861654166907052,0.430827083453526,-1.57255254793323,0.143425266727123,0.965484393342877,-4.40274312781525
"hsa-mir-4506",-0.861654166907052,0.430827083453526,-1.57255254793323,0.143425266727123,0.965484393342877,-4.40274312781525
"hsa-mir-4693",-0.861654166907052,0.430827083453526,-1.57255254793323,0.143425266727123,0.965484393342877,-4.40274312781525
"hsa-mir-513a-2",0.861654166907052,0.430827083453526,1.57255254793323,0.143425266727123,0.965484393342877,-4.40274312781525
"hsa-mir-6126",-0.861654166907052,0.430827083453526,-1.57255254793323,0.143425266727123,0.965484393342877,-4.40274312781525
"hsa-mir-759",-0.861654166907052,0.430827083453526,-1.57255254793323,0.143425266727123,0.965484393342877,-4.40274312781525
"hsa-mir-770",-0.861654166907052,0.430827083453526,-1.57255254793323,0.143425266727123,0.965484393342877,-4.40274312781525
"hsa-mir-8055",-0.861654166907052,0.430827083453526,-1.57255254793323,0.143425266727123,0.965484393342877,-4.40274312781525
"hsa-mir-8071-2",0.861654166907052,0.430827083453526,1.57255254793323,0.143425266727123,0.965484393342877,-4.40274312781525
"hsa-mir-23c",-0.827700591408001,5.14229698031367,-1.56846110104415,0.144373435154403,0.965484393342877,-4.40461926939149
"hsa-mir-2467",-0.918295834054489,1.79248125036058,-1.56674056278232,0.144773787318808,0.965484393342877,-4.40540764081716
"hsa-mir-520h",-1.29148970597205,1.17406568655974,-1.5665150073922,0.144826343409699,0.965484393342877,-4.40551096724001
"hsa-mir-4437",0.907488674823698,3.51784194223544,1.56197722142575,0.145887214344749,0.965484393342877,-4.40758844183913
"hsa-mir-214",-0.880960672914043,10.7441504076953,-1.54386086218988,0.150190151807109,0.965484393342877,-4.41585783892933
"hsa-mir-4423",1,1.16666666666667,1.54071131963977,0.15094934349315,0.965484393342877,-4.41729140139721
"hsa-mir-6511b-1",-1.04906202571576,3.88346954520816,-1.53953763599711,0.151233106627556,0.965484393342877,-4.41782530802626
"hsa-mir-136",-0.953498346151459,9.45149418882556,-1.53860877719907,0.151458005345806,0.965484393342877,-4.41824772322284
"hsa-mir-6740",-0.773976031629121,1.58197551605495,-1.5359227078567,0.152109995806203,0.965484393342877,-4.41946865779901
"hsa-mir-4747",1,1.36165416690705,1.53360120219994,0.152675450141681,0.965484393342877,-4.42052315702418
"hsa-mir-5694",-0.912321864722068,1.31781509926809,-1.52823453324006,0.153989581715627,0.965484393342877,-4.42295827155111
"hsa-mir-1273g",-0.753402578429748,7.70214458035386,-1.52138435355861,0.155681161424667,0.965484393342877,-4.42606122158408
"hsa-mir-3661",0.828475609056748,2.04986800306455,1.52090739272543,0.155799536492889,0.965484393342877,-4.42627704895528
"hsa-mir-3648-1",0.847714108342175,4.19025972696685,1.51943791949518,0.156164727381242,0.965484393342877,-4.42694180986641
"hsa-mir-100",-1.03696653326751,16.5798082551859,-1.51637478480743,0.156928344732756,0.965484393342877,-4.42832661746148
"hsa-mir-483",-0.940343286318227,5.16244350884272,-1.51624034239331,0.156961933823491,0.965484393342877,-4.42838736953709
"hsa-mir-3690-2",-1.06851630372435,4.94386438202747,-1.5154051204864,0.157170744424023,0.965484393342877,-4.42876473862756
"hsa-mir-636",0.856618536110314,3.24811980760092,1.51518560011712,0.157225665551096,0.965484393342877,-4.42886390708297
"hsa-mir-6848",-0.935784974019201,1.52453415415704,-1.5138101986168,0.157570149330494,0.965484393342877,-4.429485103107
"hsa-mir-4538",0.887655004240808,3.24126664304666,1.50933355025327,0.158695875457928,0.965484393342877,-4.43150526108828
"hsa-mir-4284",-0.836560254296579,6.75883814143441,-1.507183092161,0.159239098540357,0.965484393342877,-4.43247475598206
"hsa-mir-3684",0.77397603162912,1.91530884938828,1.50551663931133,0.159661156693675,0.965484393342877,-4.43322562733984
"hsa-mir-130a",-0.821098894050005,8.76236498674469,-1.50396697353185,0.160054498801619,0.965484393342877,-4.43392354766496
"hsa-mir-4452",-0.806104210437234,4.41281451420803,-1.49894759404372,0.161334256257261,0.965484393342877,-4.43618192932334
"hsa-mir-921",-0.935784974019201,1.13455915367627,-1.4939102335205,0.162627416688746,0.965484393342877,-4.43844501658947
"hsa-mir-6802",-0.84810683874127,2.81402841985141,-1.49227426832561,0.163049298877862,0.965484393342877,-4.43917925668121
"hsa-mir-541",-1.60705357386088,3.03700669297747,-1.49182638343666,0.163164962690847,0.965484393342877,-4.43938020953878
"hsa-mir-3913-1",-0.821415140123448,5.75403335225825,-1.49049729211475,0.163508607131267,0.965484393342877,-4.43997637407407
"hsa-mir-1295a",-0.890841531727338,4.71164553213928,-1.49020505027756,0.163584251081118,0.965484393342877,-4.4401074271704
"hsa-mir-548ak",-0.797439140926253,2.17269560209225,-1.48735588953854,0.164323300229016,0.965484393342877,-4.44138449816184
"hsa-mir-6881",-0.91829583405449,1.45914791702724,-1.48600454362986,0.164674826486531,0.965484393342877,-4.4419898211976
"hsa-mir-624",-0.760035973064247,3.77990876814424,-1.48510083943045,0.164910266379203,0.965484393342877,-4.44239448794419
"hsa-mir-4458",-0.861654166907052,0.959147917027245,-1.48483818222356,0.164978749824375,0.965484393342877,-4.44251208138669
"hsa-mir-658",0.861654166907052,0.959147917027245,1.48483818222356,0.164978749824375,0.965484393342877,-4.44251208138669
"hsa-mir-6511a-2",0.869110104583204,2.62954255253199,1.48187425547958,0.16575323135698,0.965484393342877,-4.44383839566502
"hsa-mir-4471",0.968963531869506,0.817815099268086,1.47754898934504,0.166889010176717,0.965484393342877,-4.44577171686977
"hsa-mir-6870",1.05664166714744,2.23808183922204,1.47706035749989,0.167017737794993,0.965484393342877,-4.44598996424734
"hsa-mir-585",-1.36537596717059,6.40779969238283,-1.47386788910807,0.167860865797156,0.965484393342877,-4.44741506269551
"hsa-mir-4743",-0.968963531869506,1.15114843260142,-1.47128891429345,0.168544620387529,0.965484393342877,-4.44856526240755
"hsa-mir-3120",-0.841082242669053,10.7535408527552,-1.46645066818886,0.169833776091372,0.965484393342877,-4.45072055670903
"hsa-mir-30a",-0.776681973117713,14.8675286552444,-1.46510225850662,0.170194554788678,0.965484393342877,-4.45132064420179
"hsa-mir-4482",-1.14813531130907,3.60322193607132,-1.46079666739207,0.171350924784733,0.965484393342877,-4.45323504802359
"hsa-mir-1255b-2",-0.748058459527493,3.76525494186489,-1.46047853144044,0.171436632466249,0.965484393342877,-4.45337639666616
"hsa-mir-3690-1",-0.934534262398832,4.89167140115086,-1.46047637166485,0.171437214447009,0.965484393342877,-4.45337735621074
"hsa-mir-4510",0.990284551446828,2.04309433898166,1.45636972228484,0.172546850160925,0.965484393342877,-4.45520064909418
"hsa-mir-4709",-0.817504068232501,4.37267993518902,-1.45512931756256,0.172883211430745,0.965484393342877,-4.45575089444637
"hsa-mir-548i-2",1.1814401720746,1.64736175318474,1.44890193346916,0.174580323910932,0.965484393342877,-4.45851000910142
"hsa-mir-4487",-0.834166780176395,2.91436775553142,-1.44298549043905,0.176205770126285,0.965484393342877,-4.46112612451341
"hsa-mir-429",0.803135756732512,14.5110597328703,1.43982918224536,0.177078147393003,0.965484393342877,-4.46251966805196
"hsa-mir-7113",0.881285396591575,1.63563019853617,1.43462512331744,0.178524488726331,0.965484393342877,-4.46481409405933
"hsa-mir-5689",-0.791028711720442,4.24447917582277,-1.43445225618529,0.178572703885432,0.965484393342877,-4.46489024059099
"hsa-mir-4419b",-0.731503754718633,3.76849666347258,-1.43371224171931,0.178779229150158,0.965484393342877,-4.46521616038074
"hsa-mir-548g",-0.760428703463339,2.43685601887911,-1.42767547056079,0.18047153948704,0.965484393342877,-4.46787183169967
"hsa-mir-3135a",-0.748217451324977,6.24705682625137,-1.42722264758654,0.180599024567273,0.965484393342877,-4.46807081468795
"hsa-mir-19a",-0.85176271822017,10.2139162336962,-1.42184079048665,0.182120027797869,0.965484393342877,-4.47043337522991
"hsa-mir-125b-1",-0.976245252053316,13.53181879906,-1.41202528027677,0.184921857125866,0.965484393342877,-4.47473086133183
"hsa-mir-383",-1.23347990604703,0.616739953023515,-1.41148227672583,0.185077909847431,0.965484393342877,-4.47496816946448
"hsa-mir-3960",0.759685317272352,9.48225833369444,1.41141459450119,0.185097368667039,0.965484393342877,-4.47499774533946
"hsa-mir-153-2",-0.93911300354341,3.72118566915953,-1.40530954814289,0.186859672152064,0.965484393342877,-4.47766260992642
"hsa-mir-1286",-0.861654166907052,1.29248125036058,-1.40494364705417,0.186965740428145,0.965484393342877,-4.477822141908
"hsa-mir-4649",1.11597443447344,2.04446442344915,1.40365458809192,0.187339818604322,0.965484393342877,-4.47838400150603
"hsa-mir-6891",-1.09759391640928,2.32277298983376,-1.40111551364542,0.188078481597961,0.965484393342877,-4.47948994050985
"hsa-mir-126",-0.853917368157525,17.8818283144169,-1.3993705638542,0.1885875340563,0.965484393342877,-4.48024939635781
"hsa-mir-6735",0.828634609999496,2.66594647238757,1.39053017662286,0.191184303604643,0.965484393342877,-4.48408959321992
"hsa-mir-4507",0.945500422572374,1.74186851863872,1.38261762179603,0.193533830053015,0.965484393342877,-4.48751614689232
"hsa-mir-6754",0.945500422572374,1.74186851863872,1.38261762179603,0.193533830053015,0.965484393342877,-4.48751614689232
"hsa-mir-4477a",-0.805012499759615,1.26416041678686,-1.38135756597022,0.193910202754794,0.965484393342877,-4.48806088475247
"hsa-mir-4436a",0.805012499759614,1.26416041678686,1.38135756597022,0.193910202754794,0.965484393342877,-4.48806088475247
"hsa-mir-6892",-0.805012499759615,2.86661205747273,-1.37582717539197,0.195569332066053,0.965484393342877,-4.49044868809313
"hsa-mir-125b-2",-0.94812671879969,13.3576805787063,-1.37449594962234,0.195970464439381,0.965484393342877,-4.49102271280827
"hsa-mir-548ao",-0.881285396591575,1.44064269829579,-1.37412446167602,0.19608252548038,0.965484393342877,-4.49118284662351
"hsa-mir-1910",-0.982510860035287,2.09370707070351,-1.37365299456665,0.196224822528433,0.965484393342877,-4.4913860449139
"hsa-mir-4664",0.893941346657916,4.88855171016043,1.37181110677937,0.196781560919616,0.965484393342877,-4.49217953277756
"hsa-mir-3688-2",-0.805012499759615,2.03813644841598,-1.37053216506934,0.197168913240657,0.965484393342877,-4.49273017421366
"hsa-mir-205",0.861654166907052,0.764160416786859,1.37037248027678,0.19721732140043,0.965484393342877,-4.49279890670138
"hsa-mir-1193",-0.861654166907052,0.764160416786859,-1.37037248027678,0.19721732140043,0.965484393342877,-4.49279890670138
"hsa-mir-5702",-0.861654166907052,0.764160416786859,-1.37037248027677,0.19721732140043,0.965484393342877,-4.49279890670138
"hsa-mir-6796",-0.861654166907052,0.764160416786859,-1.37037248027677,0.19721732140043,0.965484393342877,-4.49279890670138
"hsa-mir-4467",-1.49728436544322,2.35109382340748,-1.36668904633653,0.198336694768586,0.965484393342877,-4.49438318262173
"hsa-mir-6782",-0.861654166907052,1.53813644841598,-1.3611318972856,0.200035467131035,0.965484393342877,-4.49676909553464
"hsa-mir-4753",-0.861654166907052,1.53813644841598,-1.3611318972856,0.200035467131035,0.965484393342877,-4.49676909553464
"hsa-mir-1269b",-1,1.02832083357372,-1.36034037603415,0.200278408206634,0.965484393342877,-4.49710850888649
"hsa-mir-3591",-1.37838652776054,3.15329907147319,-1.35606340856521,0.201595373170274,0.965484393342877,-4.49894070297429
"hsa-mir-6737",-0.723308333814104,3.23810637360026,-1.3531475527276,0.202497332894789,0.965484393342877,-4.50018804930111
"hsa-mir-4536-1",-0.84810683874127,2.14736175318474,-1.35064455455893,0.203274247013339,0.965484393342877,-4.50125763548218
"hsa-mir-34c",-0.739511516659055,8.54804209594188,-1.34685661660365,0.204454687824153,0.965484393342877,-4.5028742792368
"hsa-mir-3940",0.747143067128928,6.09029940303626,1.34158923040686,0.206105584992048,0.965484393342877,-4.50511825561303
"hsa-mir-200b",0.801878938085533,18.1703556205706,1.34138749684095,0.206169030293245,0.965484393342877,-4.5052041020563
"hsa-mir-548f-1",-0.763826748018331,6.88220761272076,-1.34049460169808,0.206450039859623,0.965484393342877,-4.50558398375986
"hsa-mir-135a-2",-1.35432395210964,4.51523561250753,-1.34026445416224,0.206522522494624,0.965484393342877,-4.50568187761639
"hsa-mir-6826",-1.17032063975913,2.22079051841574,-1.33860993981351,0.20704421336323,0.965484393342877,-4.50638536053571
"hsa-mir-6732",-0.666666666666667,2.16395103210989,-1.3375094987361,0.207391799000085,0.965484393342877,-4.5068529950567
"hsa-mir-3607",-0.739067838781446,5.43621914043296,-1.32793975172419,0.210434824333156,0.965484393342877,-4.51091080044326
"hsa-mir-4306",-0.824643729444138,2.33061769877656,-1.32586784464822,0.21109847231201,0.965484393342877,-4.51178722978806
"hsa-mir-708",-0.788497239114269,10.257164693057,-1.32118511213016,0.212604726157027,0.965484393342877,-4.5137652663012
"hsa-mir-548ai",-0.723308333814104,1.2233083338141,-1.32006599279105,0.212966006994837,0.965484393342877,-4.51423741990058
"hsa-mir-6789",0.904865927045918,2.98820973477283,1.31778473956335,0.213704015017966,0.965484393342877,-4.51519918594734
"hsa-mir-518d",-1,0.5,-1.31439984835619,0.214802924258321,0.965484393342877,-4.51662453210974
"hsa-mir-6503",-0.680462498963411,7.49733889978851,-1.31334955244433,0.215144843943668,0.965484393342877,-4.51706638563145
"hsa-mir-610",0.986452671834218,2.21653466973121,1.31088793419255,0.215947960860833,0.965484393342877,-4.51810119935884
"hsa-mir-523",-1.1531438728791,2.10489277001327,-1.30691812334878,0.217248301838338,0.965484393342877,-4.51976772921059
"hsa-mir-138-2",-0.778556472176728,5.56847237821235,-1.30542570806909,0.217738806446484,0.965484393342877,-4.52039351025562
"hsa-mir-1233-2",-0.773976031629121,1.24864218272161,-1.30438388781564,0.218081752380654,0.965484393342877,-4.52083011426124
"hsa-mir-3180-2",-0.77397603162912,1.24864218272161,-1.30438388781564,0.218081752380654,0.965484393342877,-4.52083011426124
"hsa-mir-1185-2",-0.984732103462292,3.90197228189644,-1.30321142206023,0.218468231758665,0.965484393342877,-4.52132123338932
"hsa-mir-4455",0.723308333814104,2.41829583405449,1.30318095727847,0.218478281302865,0.965484393342877,-4.52133399106237
"hsa-mir-3674",1,1.02832083357372,1.30251808907881,0.218697037877982,0.965484393342877,-4.52161153721888
"hsa-mir-378i",0.716662279885259,8.1073710496848,1.30192238679483,0.218893781230285,0.965484393342877,-4.52186089248872
"hsa-mir-1231",0.666666666666667,0.333333333333333,1.29820638344128,0.220124334074789,0.965484393342877,-4.52341491531474
"hsa-mir-1539",-0.666666666666667,0.333333333333333,-1.29820638344128,0.220124334074789,0.965484393342877,-4.52341491531474
"hsa-mir-3118-2",-0.666666666666667,0.333333333333333,-1.29820638344128,0.220124334074789,0.965484393342877,-4.52341491531474
"hsa-mir-3122",0.666666666666667,0.333333333333333,1.29820638344128,0.220124334074789,0.965484393342877,-4.52341491531474
"hsa-mir-3156-2",-0.666666666666667,0.333333333333333,-1.29820638344128,0.220124334074789,0.965484393342877,-4.52341491531474
"hsa-mir-4255",-0.666666666666667,0.333333333333333,-1.29820638344128,0.220124334074789,0.965484393342877,-4.52341491531474
"hsa-mir-4303",-0.666666666666667,0.333333333333333,-1.29820638344128,0.220124334074789,0.965484393342877,-4.52341491531474
"hsa-mir-4418",-0.666666666666667,0.333333333333333,-1.29820638344128,0.220124334074789,0.965484393342877,-4.52341491531474
"hsa-mir-4803",-0.666666666666667,0.333333333333333,-1.29820638344128,0.220124334074789,0.965484393342877,-4.52341491531474
"hsa-mir-593",-0.666666666666667,0.333333333333333,-1.29820638344128,0.220124334074789,0.965484393342877,-4.52341491531474
"hsa-mir-604",-0.666666666666667,0.333333333333333,-1.29820638344128,0.220124334074789,0.965484393342877,-4.52341491531474
"hsa-mir-6080",-0.666666666666667,0.333333333333333,-1.29820638344128,0.220124334074789,0.965484393342877,-4.52341491531474
"hsa-mir-648",0.666666666666667,0.333333333333333,1.29820638344128,0.220124334074789,0.965484393342877,-4.52341491531474
"hsa-mir-661",0.666666666666667,0.333333333333333,1.29820638344128,0.220124334074789,0.965484393342877,-4.52341491531474
"hsa-mir-6834",0.666666666666667,0.333333333333333,1.29820638344128,0.220124334074789,0.965484393342877,-4.52341491531474
"hsa-mir-6846",0.666666666666667,0.333333333333333,1.29820638344128,0.220124334074789,0.965484393342877,-4.52341491531474
"hsa-mir-7160",0.666666666666667,0.333333333333333,1.29820638344128,0.220124334074789,0.965484393342877,-4.52341491531474
"hsa-mir-8063",0.666666666666667,0.333333333333333,1.29820638344128,0.220124334074789,0.965484393342877,-4.52341491531474
"hsa-mir-892c",0.666666666666667,0.333333333333333,1.29820638344128,0.220124334074789,0.965484393342877,-4.52341491531474
"hsa-mir-5190",-0.666666666666667,0.666666666666667,-1.29820638344128,0.220124334074789,0.965484393342877,-4.52341491531474
"hsa-mir-5586",-0.666666666666667,0.666666666666667,-1.29820638344128,0.220124334074789,0.965484393342877,-4.52341491531474
"hsa-mir-6852",-0.829679360240874,3.62825465886122,-1.29773089529982,0.220282198156064,0.965484393342877,-4.5236135811251
"hsa-mir-8072",0.724104962953145,7.17408089363915,1.29634778764335,0.22074192059458,0.965484393342877,-4.52419122802214
"hsa-mir-1273d",-0.694854849184438,8.10802587674512,-1.29061460867489,0.222655879247922,0.965484393342877,-4.52658190717892
"hsa-mir-675",1.19498750024038,1.79248125036058,1.2869506316615,0.223886115302186,0.965484393342877,-4.52810656944724
"hsa-mir-4667",0.760428703463338,2.77018935221244,1.27693101769843,0.22727857447072,0.965484393342877,-4.53226317913088
"hsa-mir-378e",0.706686797859598,9.39776009938595,1.27617376104633,0.227536652784313,0.965484393342877,-4.53257655969763
"hsa-mir-30b",-0.648798492547421,12.4076772508749,-1.27364061684702,0.228401691646458,0.965484393342877,-4.53362408135872
"hsa-mir-5096",-0.687993497307779,9.90931609541223,-1.27233619164839,0.228848174910767,0.965484393342877,-4.53416302225452
"hsa-mir-4685",-0.636998331313753,4.13694157242506,-1.2493434010911,0.236834650159486,0.965484393342877,-4.54360936756134
"hsa-mir-548aq",-0.723308333814104,1.75162916738782,-1.24643490720046,0.237860692109071,0.965484393342877,-4.54479699983666
"hsa-mir-380",-0.829531368749642,3.52953098701343,-1.24353901256577,0.238885831646828,0.965484393342877,-4.54597784014259
"hsa-mir-10b",-0.669568495130481,18.0318750169032,-1.24307608485169,0.239050034987712,0.965484393342877,-4.54616645240567
"hsa-mir-4483",0.861654166907052,1.09749375012019,1.24262070543579,0.239211649199128,0.965484393342877,-4.54635194808039
"hsa-mir-548aa-2",-0.648286148602512,4.01641493998487,-1.23766869743412,0.24097477793929,0.965484393342877,-4.5483664723586
"hsa-mir-219a-1",0.604513373091271,6.13499866366227,1.23750530083661,0.241033131062699,0.965484393342877,-4.54843286099107
"hsa-mir-19b-1",-0.621176160053954,9.65617640690001,-1.23504709911909,0.241912383772855,0.965484393342877,-4.54943099786845
"hsa-mir-3165",0.861654166907052,0.430827083453526,1.23406129726353,0.242265706621728,0.965484393342877,-4.54983093893887
"hsa-mir-5584",-0.861654166907052,0.430827083453526,-1.23406129726353,0.242265706621728,0.965484393342877,-4.54983093893887
"hsa-mir-4474",-0.587500228757781,3.9528434222122,-1.23321551313328,0.242569174274931,0.965484393342877,-4.55017392041775
"hsa-mir-3659",-1,1.16666666666667,-1.23315959060057,0.242589250006111,0.965484393342877,-4.55019659303953
"hsa-mir-3929",-0.647982545785174,7.48921806275951,-1.23155743785365,0.243164973996724,0.965484393342877,-4.55084588742198
"hsa-mir-6874",-0.666666666666667,2.05664166714744,-1.23029340944629,0.243619965018848,0.965484393342877,-4.55135779048621
"hsa-mir-4659a",0.658700577434212,3.14642065932788,1.22948044170416,0.243912954441252,0.965484393342877,-4.5516868552503
"hsa-mir-3613",-0.627715194032453,10.1731488121018,-1.2291929956027,0.244016615849962,0.965484393342877,-4.55180317307465
"hsa-mir-378f",0.688084964269883,8.83146701488121,1.22864099995508,0.244215780126845,0.965484393342877,-4.55202649699017
"hsa-mir-4637",-0.730881692647465,2.16287998724999,-1.22729196108668,0.24470306978848,0.965484393342877,-4.5525720279001
"hsa-mir-4775",0.946592133249994,3.15476077307781,1.22451121085931,0.245709958767857,0.965484393342877,-4.55369536740093
"hsa-mir-6507",0.713134352221806,3.87921920124939,1.21952623380881,0.247523245605492,0.965484393342877,-4.55570524394507
"hsa-mir-4502",-0.666666666666668,2.63563019853617,-1.21789345290571,0.248119480676034,0.965484393342877,-4.55636246547082
"hsa-mir-422a",0.664040889025847,8.24024480882884,1.21624435676243,0.248722832539037,0.965484393342877,-4.55702570429019
"hsa-mir-6751",0.605191809620858,2.71220213497572,1.21121178232614,0.250571303488273,0.965484393342877,-4.55904629326284
"hsa-mir-4689",0.666666666666667,1,1.21091929006954,0.250679070732688,0.965484393342877,-4.55916357026079
"hsa-mir-5706",-0.666666666666667,1,-1.21091929006954,0.250679070732688,0.965484393342877,-4.55916357026079
"hsa-mir-6859-3",-0.666666666666667,1,-1.21091929006954,0.250679070732688,0.965484393342877,-4.55916357026079
"hsa-mir-581",-0.611762803089157,4.92991396381387,-1.20782805642433,0.251820269152593,0.965484393342877,-4.56040195081024
"hsa-mir-378g",0.652825726147412,9.70859159752421,1.20731918635875,0.252008524242479,0.965484393342877,-4.56060562123336
"hsa-mir-551a",-0.921844915454326,2.80171172873665,-1.204745798257,0.252962250995557,0.965484393342877,-4.56163477832624
"hsa-mir-6773",0.723308333814104,0.694987500240385,1.20108346862948,0.254324477699349,0.965484393342877,-4.5630970690798
"hsa-mir-2861",0.723308333814104,0.694987500240385,1.20108346862948,0.254324477699349,0.965484393342877,-4.5630970690798
"hsa-mir-6077",0.723308333814104,0.694987500240385,1.20108346862948,0.254324477699349,0.965484393342877,-4.5630970690798
"hsa-mir-1204",-0.723308333814104,0.694987500240385,-1.20108346862948,0.254324477699349,0.965484393342877,-4.5630970690798
"hsa-mir-6499",-0.723308333814104,0.694987500240385,-1.20108346862948,0.254324477699349,0.965484393342877,-4.5630970690798
"hsa-mir-4426",-0.773976031629121,2.443629682962,-1.19973823285819,0.254826301575096,0.965484393342877,-4.56363349525274
"hsa-mir-3138",0.692667504000425,3.17695145077677,1.19541098574976,0.256445838536242,0.965484393342877,-4.56535647508142
"hsa-mir-6876",0.805012499759615,1.26416041678686,1.18979285501627,0.258560618163375,0.965484393342877,-4.56758760790901
"hsa-mir-378c",0.620859260313461,11.8749545071875,1.18970819521713,0.258592590665277,0.965484393342877,-4.56762117827495
"hsa-mir-362",0.620170090588525,8.97694879951662,1.18963067583244,0.258621869260269,0.965484393342877,-4.5676519159122
"hsa-mir-5572",-0.773976031629121,0.720321349147894,-1.18862219947916,0.259003002626533,0.965484393342877,-4.5680516771989
"hsa-mir-6865",0.773976031629121,0.720321349147894,1.18862219947916,0.259003002626533,0.965484393342877,-4.5680516771989
"hsa-mir-8078",0.773976031629121,0.720321349147894,1.18862219947916,0.259003002626533,0.965484393342877,-4.5680516771989
"hsa-mir-526a-2",-0.773976031629121,0.720321349147894,-1.18862219947916,0.259003002626533,0.965484393342877,-4.5680516771989
"hsa-mir-8086",-0.588748736707199,7.96573836924671,-1.18700249361486,0.259616063570964,0.965484393342877,-4.56869328232239
"hsa-mir-643",0.670215748066502,3.46802243801265,1.18589057292123,0.260037588003163,0.965484393342877,-4.56913342096531
"hsa-mir-1587",0.912321864722069,1.31781509926809,1.18501874463959,0.26036847095424,0.965484393342877,-4.56947833962988
"hsa-mir-544b",-1.4061411730445,1.93655049256928,-1.1838797527972,0.260801248758245,0.965484393342877,-4.5699287131623
"hsa-mir-4746",0.63448624334784,5.497810336934,1.18180209801189,0.261592142986366,0.965484393342877,-4.57074953943623
"hsa-mir-6730",0.935784974019201,1.13455915367627,1.18018804809373,0.262207858052514,0.965484393342877,-4.57138657535861
"hsa-mir-1273f",-0.629353009723447,8.8757142618946,-1.18013310693807,0.262228836587402,0.965484393342877,-4.57140824987993
"hsa-mir-199a-1",-0.67246739581158,15.595205729679,-1.17982938521032,0.262344832393541,0.965484393342877,-4.57152805781588
"hsa-mir-659",-0.611209442031841,6.21505329258625,-1.17748967722265,0.263239752385168,0.965484393342877,-4.57245033481233
"hsa-mir-1290",0.793821463712392,6.4898149341901,1.17616134962464,0.263748892281673,0.965484393342877,-4.57297342154822
"hsa-mir-3187",0.734872573202824,3.93885145915679,1.17586962396075,0.263860812323337,0.965484393342877,-4.57308825072852
"hsa-mir-3657",0.773976031629121,0.38698801581456,1.17123749416134,0.265642914221536,0.965484393342877,-4.57490910943664
"hsa-mir-6130",-0.580753297945241,4.74799833567682,-1.16688342496608,0.267326617425802,0.965484393342877,-4.57661645962704
"hsa-mir-6853",-0.870478237360782,2.1585474524945,-1.16636238202762,0.267528660644157,0.965484393342877,-4.57682050088865
"hsa-mir-6797",-0.935784974019202,1.80122582034293,-1.16619685561988,0.267592871283445,0.965484393342877,-4.5768853090165
"hsa-mir-140",-0.617861591779338,14.5912442101973,-1.16554125623392,0.267847308272175,0.965484393342877,-4.57714193594308
"hsa-mir-6508",-0.773976031629121,1.58197551605495,-1.16519803728107,0.267980586315273,0.965484393342877,-4.57727624801399
"hsa-mir-6888",-0.754344801944598,1.67946926617514,-1.16328822932026,0.268723145136078,0.965484393342877,-4.57802314824761
"hsa-mir-199a-2",-0.66436242453028,15.5860980382829,-1.16198810117396,0.269229570635139,0.965484393342877,-4.57853115828465
"hsa-mir-4758",0.666666666666667,1.19498750024039,1.16041755000078,0.269842324033658,0.965484393342877,-4.57914434311876
"hsa-mir-6859-4",-0.666666666666667,1.19498750024039,-1.16041755000078,0.269842324033658,0.965484393342877,-4.57914434311876
"hsa-mir-3687-1",0.8468561271209,3.95299960875454,1.15935759235014,0.270256482787784,0.965484393342877,-4.57955787528616
"hsa-mir-650",0.722216623136484,4.83512990029251,1.15868596142683,0.27051916646521,0.965484393342877,-4.57981977884135
"hsa-mir-7156",-0.892690635037546,1.22032134914789,-1.15803377776497,0.270774434457046,0.965484393342877,-4.58007400474844
"hsa-mir-514a-3",1.01933520114519,4.43541937230323,1.15751167309379,0.270978924113217,0.965484393342877,-4.58027745801339
"hsa-mir-6718",-1.02346310929713,2.05968361790681,-1.15724481783346,0.271083488190041,0.965484393342877,-4.58038142293432
"hsa-mir-19b-2",-0.591467859697639,9.67193050351367,-1.15606649642326,0.271545575315045,0.965484393342877,-4.58084030252874
"hsa-mir-5787",0.631222444896963,6.98625324455075,1.15298838437064,0.272755572307205,0.965484393342877,-4.58203759285835
"hsa-mir-3917",-0.80098822232609,3.09276597684666,-1.15249448957265,0.272950110815659,0.965484393342877,-4.58222950917535
"hsa-mir-550a-3",0.646199818445287,5.10913381170293,1.15135253646074,0.273400323888229,0.965484393342877,-4.58267304102035
"hsa-mir-378h",0.652198251338468,6.1902149705096,1.15010346261846,0.273893429885826,0.965484393342877,-4.58315784981837
"hsa-mir-592",0.953951073242629,5.67008084914799,1.14935591667169,0.274188874426168,0.965484393342877,-4.58344783392052
"hsa-mir-4739",-1.05664166714744,1.79743914092625,-1.14920457038625,0.274248719511858,0.965484393342877,-4.58350652838451
"hsa-let-7c",-0.647276737325408,13.2124990801497,-1.14900050261859,0.274329427695916,0.965484393342877,-4.58358566106988
"hsa-mir-3116-1",0.666666666666666,0.861654166907052,1.14882763816443,0.274397809494247,0.965484393342877,-4.58365268665805
"hsa-mir-4788",0.912321864722069,1.31781509926809,1.14872869637122,0.274436954889463,0.965484393342877,-4.58369104688178
"hsa-mir-5684",-0.580108402653525,6.04084412396877,-1.14589050038252,0.275561707711342,0.965484393342877,-4.58479050900101
"hsa-mir-215",-0.85178748811397,17.4037930891336,-1.14420633432387,0.276230817081785,0.965484393342877,-4.58544207976121
"hsa-mir-545",0.582820411001346,2.70101643566597,1.14382870620847,0.276381019287232,0.965484393342877,-4.58558809037195
"hsa-mir-6887",0.974277379825848,3.54378035706036,1.14370415721504,0.276430572736601,0.965484393342877,-4.5856362405337
"hsa-mir-616",0.580897401731055,4.30524674065168,1.13557274060016,0.279680681414997,0.965484393342877,-4.58877234443544
"hsa-mir-1307",0.584407153842468,13.9256871910605,1.13545374154182,0.279728463491466,0.965484393342877,-4.58881813008933
"hsa-mir-1179",-0.723308333814104,1.46896353186951,-1.13516117792759,0.27984596432431,0.965484393342877,-4.58893068233933
"hsa-mir-4518",-0.676582447798018,2.68642259701849,-1.13457527760039,0.280081391142095,0.965484393342877,-4.58915602659744
"hsa-mir-6716",-0.611814653644693,5.27261134781483,-1.12219900539775,0.285090232952518,0.965484393342877,-4.59389802732584
"hsa-mir-3662",0.773976031629121,2.443629682962,1.12126362874522,0.285471576138136,0.965484393342877,-4.5942550102269
"hsa-mir-6770-2",-0.653119338500885,1.71653466973121,-1.11813499370685,0.286749936407049,0.965484393342877,-4.5954475941148
"hsa-mir-6131",0.599695768691334,3.74794652031761,1.11643261527615,0.287447372246425,0.965484393342877,-4.59609557424577
"hsa-mir-4745",0.861654166907052,1.09749375012019,1.1133252430897,0.288723764869998,0.965484393342877,-4.59727663011191
"hsa-mir-200c",0.672808185784543,16.5300596223925,1.11297320562963,0.288868642243501,0.965484393342877,-4.59741029355459
"hsa-mir-378a",0.615673047992662,16.9925803323197,1.11224462619672,0.289168658482216,0.965484393342877,-4.59768683404462
"hsa-mir-6785",0.773976031629121,0.915308849388279,1.10610680741915,0.291705583143531,0.965484393342877,-4.6000116602649
"hsa-mir-4680",0.615998968851649,2.85595154768407,1.10241250335451,0.293240717400092,0.965484393342877,-4.60140675708525
"hsa-mir-6715b",0.649489899786639,3.70968431957735,1.10111706993202,0.293780480447621,0.965484393342877,-4.60189520751817
"hsa-mir-4767",0.633488108816361,2.67568258675846,1.10070630922773,0.293951788594974,0.965484393342877,-4.6020500056712
"hsa-mir-548n",-0.807154589479426,3.20101643566597,-1.09795487686058,0.295101240271891,0.965484393342877,-4.60308588986658
"hsa-mir-3135b",-0.558796097560043,6.17411335238017,-1.09699859477731,0.295501542102581,0.965484393342877,-4.60344550616335
"hsa-mir-6762",-0.653119338500885,2.9115221699716,-1.0968826514683,0.295550104322959,0.965484393342877,-4.60348909290674
"hsa-mir-4804",-0.821793628322828,2.23070735370718,-1.09667398359898,0.295637519025601,0.965484393342877,-4.60356752982122
"hsa-mir-548c",-0.522346864241298,1.8461359328418,-1.0929636670376,0.297195124563639,0.965484393342877,-4.6049605129272
"hsa-mir-6813",-0.635630198536173,2.51280259950847,-1.09118958965016,0.297942090510403,0.965484393342877,-4.6056254232804
"hsa-mir-615",-1.63768030515229,8.8206935305414,-1.08580738242384,0.300216965079604,0.965484393342877,-4.60763809991288
"hsa-mir-6854",0.578988531388735,2.67946926617514,1.08451993052604,0.300763073724056,0.965484393342877,-4.60811852909094
"hsa-mir-3065",-0.714564280481394,8.80722258643763,-1.08209821384703,0.301792350976569,0.965484393342877,-4.60902116009178
"hsa-mir-4326",1.56190469689093,7.25572366078046,1.08171191707159,0.301956780990694,0.965484393342877,-4.60916501339663
"hsa-mir-1273e",-0.584139808830582,9.19952678050646,-1.07937379121976,0.30295346822723,0.965484393342877,-4.6100349528656
"hsa-mir-562",0.666666666666667,0.666666666666667,1.07881323100335,0.303192790915914,0.965484393342877,-4.6102433255744
"hsa-mir-6075",0.666666666666667,0.666666666666667,1.07881323100335,0.303192790915914,0.965484393342877,-4.6102433255744
"hsa-mir-3126",-0.666666666666667,1.66666666666667,-1.07881323100335,0.303192790915914,0.965484393342877,-4.6102433255744
"hsa-mir-3907",-0.666666666666667,0.666666666666667,-1.07881323100335,0.303192790915914,0.965484393342877,-4.6102433255744
"hsa-mir-637",-0.666666666666667,0.666666666666667,-1.07881323100335,0.303192790915914,0.965484393342877,-4.6102433255744
"hsa-mir-1282",-0.666666666666667,0.333333333333333,-1.07881323100335,0.303192790915914,0.965484393342877,-4.6102433255744
"hsa-mir-4253",-0.666666666666667,0.333333333333333,-1.07881323100335,0.303192790915914,0.965484393342877,-4.6102433255744
"hsa-mir-4431",-0.666666666666667,0.333333333333333,-1.07881323100335,0.303192790915914,0.965484393342877,-4.6102433255744
"hsa-mir-4453",-0.666666666666667,0.333333333333333,-1.07881323100335,0.303192790915914,0.965484393342877,-4.6102433255744
"hsa-mir-4503",-0.666666666666667,0.333333333333333,-1.07881323100335,0.303192790915914,0.965484393342877,-4.6102433255744
"hsa-mir-4528",0.666666666666667,0.333333333333333,1.07881323100335,0.303192790915914,0.965484393342877,-4.6102433255744
"hsa-mir-4691",0.666666666666667,0.333333333333333,1.07881323100335,0.303192790915914,0.965484393342877,-4.6102433255744
"hsa-mir-4771-2",-0.666666666666667,0.333333333333333,-1.07881323100335,0.303192790915914,0.965484393342877,-4.6102433255744
"hsa-mir-4783",0.666666666666667,0.333333333333333,1.07881323100335,0.303192790915914,0.965484393342877,-4.6102433255744
"hsa-mir-5197",-0.666666666666667,0.333333333333333,-1.07881323100335,0.303192790915914,0.965484393342877,-4.6102433255744
"hsa-mir-587",-0.666666666666667,0.333333333333333,-1.07881323100335,0.303192790915914,0.965484393342877,-4.6102433255744
"hsa-mir-1302-5",-0.666666666666667,0.666666666666667,-1.07881323100335,0.303192790915914,0.965484393342877,-4.6102433255744
"hsa-mir-550b-1",0.575275012187002,5.1094079423859,1.07864897310968,0.303262945398073,0.965484393342877,-4.61030436971468
"hsa-mir-3134",-0.830617698776558,1.41530884938828,-1.07213103050983,0.306056664190949,0.965484393342877,-4.6127214730041
"hsa-mir-4491",0.727910266989115,4.75057891242069,1.07012754159562,0.306919286297282,0.965484393342877,-4.61346239966753
"hsa-mir-139",-0.536244427570701,11.5120704775816,-1.06942724966721,0.307221235472482,0.965484393342877,-4.61372115296132
"hsa-mir-5585",-0.527030441844007,5.8638825733041,-1.06511816291594,0.309084133648078,0.965484393342877,-4.61531073357536
"hsa-mir-4519",-0.602451640685869,1.93685601887911,-1.06343358725,0.309814711079926,0.965484393342877,-4.61593093892864
"hsa-mir-6825",0.723308333814104,1.02832083357372,1.06130534702562,0.310739552964148,0.965484393342877,-4.61671350504997
"hsa-mir-6837",-0.66163103586993,3.49476655004486,-1.05735746008586,0.312460617526807,0.965484393342877,-4.61816225525471
"hsa-mir-5708",-0.598205270075642,4.89152107343513,-1.05507103519386,0.313460634999715,0.965484393342877,-4.61899956679706
"hsa-mir-6812",0.658001597155685,3.20057074661625,1.05447144752352,0.31372327368635,0.965484393342877,-4.61921893072736
"hsa-mir-8485",-0.569244130849419,6.84289764176457,-1.05166595933316,0.314954355157918,0.965484393342877,-4.6202441736427
"hsa-mir-4301",-0.584962500721157,2.73312394865637,-1.04885672110833,0.316190695844971,0.965484393342877,-4.6212688555403
"hsa-mir-6781",-0.861654166907052,1.20480311508265,-1.04813404166175,0.316509330861091,0.965484393342877,-4.62153214280215
"hsa-mir-548f-2",-0.755869299524353,4.33420883468718,-1.0480819407482,0.316532311817114,0.965484393342877,-4.6215511192969
"hsa-mir-3179-3",-0.528320833573719,1.26416041678686,-1.04798086003469,0.316576900601957,0.965484393342877,-4.62158793359353
"hsa-mir-450a-1",-0.624987962517396,8.79749997818506,-1.04746035535887,0.316806580132696,0.965484393342877,-4.62177746523394
"hsa-mir-411",-0.620826467368904,10.2220956545484,-1.047363134612,0.316849493838659,0.965484393342877,-4.62181285889129
"hsa-mir-5588",0.669630234564261,10.0889928233866,1.04440553542394,0.318157065086732,0.965484393342877,-4.62288847417066
"hsa-mir-3130-2",0.677393468583049,3.35712421279192,1.04438882907252,0.318164462461078,0.965484393342877,-4.62289454378847
"hsa-mir-7703",0.805012499759615,0.930827083453526,1.04013973518194,0.320050072677487,0.965484393342877,-4.62443605151344
"hsa-mir-3150b",-0.634379486915804,4.22592912990197,-1.03792830986335,0.321034713707186,0.965484393342877,-4.62523655489537
"hsa-mir-199b",-0.621018656964045,15.4657511825091,-1.03783838322647,0.321074801268896,0.965484393342877,-4.62526908133727
"hsa-mir-3167",0.666666666666667,1.77397603162912,1.03436492014281,0.322626050364733,0.965484393342877,-4.62652389352004
"hsa-mir-619",-0.53342410498718,8.09136385358907,-1.03361779855883,0.322960440316773,0.965484393342877,-4.62679340375357
"hsa-mir-6861",-0.507597893211576,2.89934492627331,-1.03201232050984,0.323679874945711,0.965484393342877,-4.62737207906126
"hsa-mir-4459",-0.524060598701348,8.37682368849365,-1.02823792811411,0.325375902139114,0.965484393342877,-4.6287299758622
"hsa-mir-6791",0.686297896351189,1.73312394865637,1.02709383571517,0.325891297478106,0.965484393342877,-4.62914087626925
"hsa-mir-3128",-0.528320833573719,3.23312394865637,-1.02546749529402,0.326624976208184,0.965484393342877,-4.62972441038514
"hsa-mir-939",-0.582820411001345,3.42432476948007,-1.01619082316398,0.33083322056921,0.965484393342877,-4.63304015378216
"hsa-mir-1302-1",0.528320833573719,1.59749375012019,1.01581938555432,0.331002545732794,0.965484393342877,-4.63317246280461
"hsa-mir-3934",0.517105639468281,6.44018751234033,1.01487221171586,0.331434617013147,0.965484393342877,-4.63350969514206
"hsa-mir-6824",-0.602451640685868,1.30122582034293,-1.01401011618831,0.331828238551835,0.965484393342877,-4.63381643806925
"hsa-mir-548av",-0.491310396110804,1.96896353186951,-1.01308555462925,0.332250762950265,0.965484393342877,-4.63414519712683
"hsa-mir-5587",-0.635630198536173,1.65114843260142,-1.00753121681375,0.334797412764202,0.965484393342877,-4.63611564455293
"hsa-mir-548am",-0.52832083357372,3.75063762299929,-1.00466021872585,0.336119353056527,0.965484393342877,-4.63713106387936
"hsa-mir-4526",0.528320833573719,0.930827083453526,1.00348027760756,0.336663758725441,0.965484393342877,-4.63754777471025
"hsa-mir-5583-1",0.528320833573719,0.930827083453526,1.00348027760756,0.336663758725441,0.965484393342877,-4.63754777471025
"hsa-mir-875",-0.528320833573719,0.930827083453526,-1.00348027760757,0.336663758725441,0.965484393342877,-4.63754777471025
"hsa-mir-4438",-0.528320833573719,0.930827083453526,-1.00348027760756,0.336663758725441,0.965484393342877,-4.63754777471025
"hsa-mir-374c",-0.513019582553353,10.6092044443771,-1.00157253206817,0.337545325247482,0.965484393342877,-4.63822076221104
"hsa-mir-6857",-0.587812601842466,2.74052296854944,-0.99962832864252,0.338445473164847,0.965484393342877,-4.63890564750945
"hsa-mir-142",-0.607100897921097,16.1944909151201,-0.997302170577128,0.339524763624354,0.965484393342877,-4.63972380387093
"hsa-mir-6504",-0.683542024356656,4.13921015310458,-0.995275525403978,0.340467130370658,0.965484393342877,-4.64043547634892
"hsa-mir-496",0.690129775963799,2.68585415899138,0.995110825900939,0.340543797403772,0.965484393342877,-4.64049326520762
"hsa-mir-548i-1",0.598619761073259,2.35595154768407,0.994032925389748,0.341045866764553,0.965484393342877,-4.64087129963713
"hsa-mir-3664",-0.570323461877754,3.7182310704013,-0.991858708403994,0.342060222822779,0.965484393342877,-4.64163291088706
"hsa-mir-3179-1",-0.528320833573719,1.79248125036058,-0.991419842030935,0.342265236856963,0.965484393342877,-4.64178649356337
"hsa-mir-4651",0.528320833573718,1.79248125036058,0.991419842030935,0.342265236856963,0.965484393342877,-4.64178649356337
"hsa-mir-4464",0.797439140926253,1.92704040403685,0.988998610411123,0.34339790834896,0.965484393342877,-4.64263291133493
"hsa-mir-4744",-0.666666666666667,0.861654166907052,-0.988423330115947,0.343667428998395,0.965484393342877,-4.64283379442821
"hsa-mir-548a-2",-0.502598213399567,3.11295327360683,-0.987600458016371,0.344053214162137,0.965484393342877,-4.64312098467303
"hsa-mir-519b",-0.861654166907051,1.20480311508265,-0.986500594731766,0.344569351211623,0.965484393342877,-4.643504571845
"hsa-mir-518f",-0.717334364481684,1.41530884938828,-0.980141985883886,0.347564290019504,0.965484393342877,-4.64571599593395
"hsa-mir-548x",0.565441203222953,2.5343497689993,0.978840209519953,0.348179749616445,0.965484393342877,-4.64616742653708
"hsa-mir-1252",-0.773976031629121,1.24864218272161,-0.977872695819421,0.348637685120443,0.965484393342877,-4.64650265290855
"hsa-mir-376c",-0.67379437192462,5.93779487135266,-0.977098095850656,0.349004625857886,0.965484393342877,-4.64677086061934
"hsa-mir-6866",-0.490064986704823,5.27285893579636,-0.975111390553464,0.349947035676321,0.965484393342877,-4.64745804137876
"hsa-mir-5582",-0.630747939881373,2.66350534306017,-0.975107080962463,0.349949081960086,0.965484393342877,-4.64745953089091
"hsa-mir-1271",-0.51976266124391,7.42215050759631,-0.973837512988175,0.350552275258086,0.965484393342877,-4.64789811486692
"hsa-mir-941-4",0.531503379759886,10.1811619945286,0.970708077891717,0.352042323411599,0.965484393342877,-4.6489773887749
"hsa-mir-4654",0.635630198536173,0.984481765934753,0.969257073723175,0.352734749478026,0.965484393342877,-4.64947692902422
"hsa-mir-6845",0.635630198536173,0.984481765934753,0.969257073723175,0.352734749478026,0.965484393342877,-4.64947692902422
"hsa-mir-3124",-0.479135104102433,3.10122171895827,-0.966750300617471,0.353933301018325,0.965484393342877,-4.650338625424
"hsa-mir-1255b-1",-0.528320833573718,3.4666038547034,-0.961962475212837,0.356230606658573,0.965484393342877,-4.65197978361545
"hsa-mir-8062",-0.651026317537501,5.30653456148942,-0.961285979109716,0.356556064832631,0.965484393342877,-4.65221117847813
"hsa-mir-1301",0.492876720260464,9.86819366235781,0.959555242857137,0.357389681277568,0.965484393342877,-4.65280261870215
"hsa-mir-3200",0.486341837218728,4.56958643343225,0.957355070520192,0.358451416881727,0.965484393342877,-4.65355332132991
"hsa-mir-3116-2",0.578988531388736,1.15114843260142,0.953059266014894,0.360530937558279,0.965484393342877,-4.65501531548493
"hsa-mir-3692",0.578988531388736,1.15114843260142,0.953059266014894,0.360530937558279,0.965484393342877,-4.65501531548493
"hsa-mir-7973-2",0.578988531388736,1.15114843260142,0.953059266014894,0.360530937558279,0.965484393342877,-4.65501531548493
"hsa-mir-3646",0.786151323637492,2.1548764014395,0.947950802926506,0.363015040158925,0.965484393342877,-4.65674741808624
"hsa-mir-6746",-0.740797473778816,1.42704040403685,-0.947670534730232,0.36315167855291,0.965484393342877,-4.65684224350345
"hsa-mir-4672",-0.754344801944598,1.92512446423054,-0.947297504837124,0.363333597580707,0.965484393342877,-4.65696842079751
"hsa-mir-605",0.525556431307225,4.31184652396769,0.946652865062262,0.363648128017317,0.965484393342877,-4.65718638137202
"hsa-mir-181d",-0.461027560405643,10.3239994187918,-0.946183396899157,0.36387731117904,0.965484393342877,-4.65734504352687
"hsa-mir-941-3",0.525384447433444,10.1564188862522,0.945075274322616,0.364418677505291,0.965484393342877,-4.65771930961315
"hsa-mir-3663",0.528320833573719,1.12581458369391,0.943265898010692,0.3653038669472,0.965484393342877,-4.65832970734003
"hsa-mir-625",0.507265244262459,11.7879124983512,0.943177595516126,0.365347105650859,0.965484393342877,-4.65835947368467
"hsa-mir-517c",-0.819810539545766,1.07657193643955,-0.942625063071356,0.365617744353138,0.965484393342877,-4.65854568164508
"hsa-mir-1273a",-0.457141144112796,9.59285239724329,-0.942413106448152,0.365721601655119,0.965484393342877,-4.65861709076456
"hsa-mir-6087",0.468890127427352,9.33167035493308,0.936278561375658,0.368736560373776,0.965484393342877,-4.66067854959208
"hsa-mir-6733",0.530858561610345,3.74433312818424,0.934855091709577,0.369438663788467,0.965484393342877,-4.66115542686624
"hsa-mir-338",-0.606934618509429,8.86836659096692,-0.93365437925977,0.370031630269376,0.965484393342877,-4.66155724741104
"hsa-mir-147b",0.502023048796726,11.4979802953571,0.932761952757234,0.370472786545942,0.965484393342877,-4.66185564390573
"hsa-mir-148a",0.531132409883497,20.8609312815173,0.932745434900764,0.370480955374864,0.965484393342877,-4.66186116484875
"hsa-mir-5095",-0.476397767999279,7.32851725916792,-0.931239099681187,0.371226441182121,0.965484393342877,-4.66236432935675
"hsa-mir-1263",-0.528320833573719,0.264160416786859,-0.929209584614721,0.37223252175275,0.965484393342877,-4.66304126851583
"hsa-mir-1264",0.528320833573719,0.264160416786859,0.929209584614722,0.37223252175275,0.965484393342877,-4.66304126851583
"hsa-mir-1469",0.528320833573719,0.264160416786859,0.929209584614721,0.37223252175275,0.965484393342877,-4.66304126851583
"hsa-mir-1471",0.528320833573719,0.264160416786859,0.929209584614721,0.37223252175275,0.965484393342877,-4.66304126851583
"hsa-mir-3171",0.528320833573719,0.264160416786859,0.929209584614722,0.37223252175275,0.965484393342877,-4.66304126851583
"hsa-mir-3978",-0.528320833573719,0.264160416786859,-0.929209584614721,0.37223252175275,0.965484393342877,-4.66304126851583
"hsa-mir-4251",0.528320833573719,0.264160416786859,0.929209584614721,0.37223252175275,0.965484393342877,-4.66304126851583
"hsa-mir-4269",-0.528320833573719,0.264160416786859,-0.929209584614721,0.37223252175275,0.965484393342877,-4.66304126851583
"hsa-mir-4316",0.528320833573719,0.264160416786859,0.929209584614722,0.37223252175275,0.965484393342877,-4.66304126851583
"hsa-mir-4435-1",0.528320833573719,0.264160416786859,0.929209584614722,0.37223252175275,0.965484393342877,-4.66304126851583
"hsa-mir-4475",-0.528320833573719,0.264160416786859,-0.929209584614721,0.37223252175275,0.965484393342877,-4.66304126851583
"hsa-mir-4643",-0.528320833573719,0.264160416786859,-0.929209584614721,0.37223252175275,0.965484393342877,-4.66304126851583
"hsa-mir-4655",0.528320833573719,0.264160416786859,0.929209584614721,0.37223252175275,0.965484393342877,-4.66304126851583
"hsa-mir-4698",-0.528320833573719,0.264160416786859,-0.929209584614721,0.37223252175275,0.965484393342877,-4.66304126851583
"hsa-mir-4740",0.528320833573719,1.26416041678686,0.929209584614721,0.37223252175275,0.965484393342877,-4.66304126851583
"hsa-mir-4756",-0.528320833573719,0.264160416786859,-0.929209584614721,0.37223252175275,0.965484393342877,-4.66304126851583
"hsa-mir-4760",0.528320833573719,0.264160416786859,0.929209584614722,0.37223252175275,0.965484393342877,-4.66304126851583
"hsa-mir-4764",0.528320833573719,0.264160416786859,0.929209584614721,0.37223252175275,0.965484393342877,-4.66304126851583
"hsa-mir-5007",-0.528320833573719,0.264160416786859,-0.929209584614721,0.37223252175275,0.965484393342877,-4.66304126851583
"hsa-mir-507",-0.528320833573719,0.264160416786859,-0.929209584614721,0.37223252175275,0.965484393342877,-4.66304126851583
"hsa-mir-515-1",-0.528320833573719,0.264160416786859,-0.929209584614721,0.37223252175275,0.965484393342877,-4.66304126851583
"hsa-mir-563",-0.528320833573719,0.264160416786859,-0.929209584614721,0.37223252175275,0.965484393342877,-4.66304126851583
"hsa-mir-6070",-0.528320833573719,0.264160416786859,-0.929209584614721,0.37223252175275,0.965484393342877,-4.66304126851583
"hsa-mir-620",-0.528320833573719,0.264160416786859,-0.929209584614721,0.37223252175275,0.965484393342877,-4.66304126851583
"hsa-mir-6790",-0.528320833573719,0.264160416786859,-0.929209584614721,0.37223252175275,0.965484393342877,-4.66304126851583
"hsa-mir-7158",-0.528320833573719,0.264160416786859,-0.929209584614721,0.37223252175275,0.965484393342877,-4.66304126851583
"hsa-mir-7515",0.528320833573719,0.264160416786859,0.929209584614721,0.37223252175275,0.965484393342877,-4.66304126851583
"hsa-mir-7852",-0.528320833573719,0.264160416786859,-0.929209584614721,0.37223252175275,0.965484393342877,-4.66304126851583
"hsa-mir-8073",-0.528320833573719,0.264160416786859,-0.929209584614721,0.37223252175275,0.965484393342877,-4.66304126851583
"hsa-mir-181a-1",-0.46824074749186,14.1378046353042,-0.929139959301898,0.372267070806001,0.965484393342877,-4.66306447177954
"hsa-mir-941-1",0.512000655397216,10.1679023536251,0.928120429034306,0.372773234845912,0.965484393342877,-4.66340408683542
"hsa-mir-5571",0.562097298049357,10.2144125296875,0.928040128304184,0.372813122169344,0.965484393342877,-4.66343082361728
"hsa-mir-3125",0.666666666666667,1.19498750024039,0.926868668761764,0.37339535644602,0.965484393342877,-4.66382066888486
"hsa-mir-3911",-0.666666666666667,1.19498750024039,-0.926868668761764,0.37339535644602,0.965484393342877,-4.66382066888486
"hsa-mir-548i-4",0.666666666666667,1.19498750024039,0.926868668761764,0.37339535644602,0.965484393342877,-4.66382066888486
"hsa-mir-6514",-0.494050565045793,4.60896007594893,-0.924557511041609,0.374545915574116,0.965484393342877,-4.66458868129467
"hsa-mir-216a",-0.569072750257385,3.01776049007415,-0.92211549563521,0.375764325459215,0.965484393342877,-4.66539857740105
"hsa-mir-1285-2",-0.461619205722027,6.86815089326789,-0.918381586612289,0.377632684166768,0.965484393342877,-4.66663374215348
"hsa-mir-633",-0.61599896885165,1.08197551605495,-0.918113961790583,0.377766846895152,0.965484393342877,-4.6667221232009
"hsa-mir-551b",0.507977689107864,3.72094865664799,0.918044293550665,0.377801777688412,0.965484393342877,-4.66674512734433
"hsa-mir-129-1",-0.485232699420732,8.10747201352358,-0.917618326768389,0.378015401382354,0.965484393342877,-4.66688575039566
"hsa-mir-181a-2",-0.468585860030776,14.206204302899,-0.915601077692884,0.379028207232184,0.965484393342877,-4.66755101416765
"hsa-mir-150",-0.620280630256532,14.8721310082731,-0.911475260518656,0.381105576452587,0.965484393342877,-4.66890813244942
"hsa-mir-4454",0.566395066878395,5.50888383867651,0.910868119166736,0.38141194499803,0.965484393342877,-4.66910744096334
"hsa-mir-1285-1",-0.46317137838027,9.02737296113226,-0.910654240509944,0.38151991087076,0.965484393342877,-4.6691776271885
"hsa-mir-3142",-0.666666666666667,1,-0.907694900645222,0.383015973631989,0.965484393342877,-4.67014744962199
"hsa-mir-4297",0.528320833573719,0.597493750120193,0.90656975007801,0.383585852755437,0.965484393342877,-4.67051553646271
"hsa-mir-4674",0.528320833573719,0.597493750120193,0.90656975007801,0.383585852755437,0.965484393342877,-4.67051553646271
"hsa-mir-5194",0.528320833573719,0.597493750120193,0.906569750078009,0.383585852755437,0.965484393342877,-4.67051553646271
"hsa-mir-3175",-0.528320833573719,0.597493750120193,-0.906569750078009,0.383585852755437,0.965484393342877,-4.67051553646271
"hsa-mir-3923",-0.528320833573719,0.597493750120193,-0.906569750078009,0.383585852755437,0.965484393342877,-4.67051553646271
"hsa-mir-4703",-0.528320833573719,0.597493750120193,-0.906569750078009,0.383585852755437,0.965484393342877,-4.67051553646271
"hsa-mir-6822",-0.528320833573719,0.597493750120193,-0.906569750078009,0.383585852755437,0.965484393342877,-4.67051553646271
"hsa-mir-936",-0.528320833573719,0.597493750120193,-0.906569750078009,0.383585852755437,0.965484393342877,-4.67051553646271
"hsa-mir-15a",-0.474947391536203,8.3129227186858,-0.90404668544791,0.384865908804074,0.965484393342877,-4.67133965340661
"hsa-mir-6500",-0.574319578724108,4.04664294210222,-0.904044299107496,0.384867120898835,0.965484393342877,-4.67134043201952
"hsa-mir-4446",0.550019176314348,5.59073636036859,0.903850405430873,0.384965614254752,0.965484393342877,-4.67140369012394
"hsa-mir-342",-0.490800399695226,12.8478647617762,-0.899929970752139,0.386960860484419,0.965484393342877,-4.6726804709614
"hsa-mir-6750",-0.681464706452818,1.86905318680013,-0.894933647326956,0.38951404518748,0.965484393342877,-4.67430136292057
"hsa-mir-548h-3",-0.5418681617395,2.31402841985141,-0.893065574685653,0.390471641462726,0.965484393342877,-4.67490558515869
"hsa-mir-4733",0.740797473778816,1.56538623712979,0.892356165195602,0.390835719135274,0.965484393342877,-4.67513478248912
"hsa-mir-6779",0.602451640685868,1.49621332058332,0.891697278553563,0.391174077851088,0.965484393342877,-4.67534752901541
"hsa-mir-6772",-0.578988531388736,2.54112343308219,-0.887351889440438,0.393410634187388,0.965484393342877,-4.67674751545521
"hsa-mir-129-2",-0.4862189887468,8.13487405045915,-0.886866992293703,0.393660754427951,0.965484393342877,-4.6769034053723
"hsa-mir-6862-2",-0.666666666666667,1.19498750024039,-0.885831637747964,0.394195178745611,0.965484393342877,-4.6772360380637
"hsa-mir-130b",0.45925340452993,10.3111012584415,0.884122374499909,0.395078550161297,0.965484393342877,-4.67778451155106
"hsa-mir-3159",-0.432691908588229,8.28829800537168,-0.882188193350144,0.396079802714153,0.965484393342877,-4.67840415161761
"hsa-mir-381",-0.543478538152749,12.7681552264573,-0.872999506993985,0.400860220125854,0.965484393342877,-4.6813332292183
"hsa-mir-548q",0.525142379524785,4.3135440484746,0.870328916920611,0.402256961608974,0.965484393342877,-4.68217998038884
"hsa-mir-873",-0.539626508081171,4.69726809011521,-0.870068615831857,0.402393278667211,0.965484393342877,-4.68226240277551
"hsa-mir-4311",-0.723308333814104,1.02832083357372,-0.869374530046683,0.402756918378265,0.965484393342877,-4.68248208420167
"hsa-mir-6752",0.497284365443225,2.6892848810174,0.86900317138273,0.402951569516831,0.965484393342877,-4.68259956383189
"hsa-mir-526b",-0.758946735119608,2.61295327360683,-0.867126704337268,0.403936117651537,0.965484393342877,-4.68319257616803
"hsa-mir-7853",-0.602451640685868,1.6912008208237,-0.866010964396225,0.404522301888755,0.965484393342877,-4.68354469603175
"hsa-mir-378b",0.448894731324312,4.27773781125495,0.86352422641009,0.405830858339496,0.965484393342877,-4.68432819566317
"hsa-mir-4727",-0.495142275723414,2.21653466973121,-0.861767077789527,0.406757226650788,0.965484393342877,-4.68488074081271
"hsa-mir-933",0.605191809620857,2.37886880164239,0.858663801902298,0.408396775064082,0.965484393342877,-4.68585439067694
"hsa-mir-6880",0.635630198536173,0.984481765934753,0.858467437141591,0.408500670527266,0.965484393342877,-4.68591590562519
"hsa-mir-5089",-0.635630198536172,0.984481765934753,-0.858467437141591,0.408500670527266,0.965484393342877,-4.68591590562519
"hsa-mir-4726",0.528320833573719,1.98746875060096,0.85698860073813,0.409283689288797,0.965484393342877,-4.68637881785309
"hsa-mir-1247",-0.53088563083705,6.38566803245342,-0.855715881436258,0.409958385162803,0.965484393342877,-4.68677669958748
"hsa-mir-767",-0.471679166426281,2.0664572819897,-0.854213473443435,0.410755811235025,0.965484393342877,-4.68724577857668
"hsa-mir-548u",-0.464337064316284,4.41091760405418,-0.852570415297569,0.411629088265622,0.965484393342877,-4.68775801558888
"hsa-mir-550a-1",-0.530316265262296,4.23512249388783,-0.852443025341305,0.411696847681434,0.965484393342877,-4.68779769746682
"hsa-mir-664a",-0.433805463583706,8.69444188687402,-0.850974081925406,0.41247873044079,0.965484393342877,-4.68825492888955
"hsa-mir-337",-0.579280010384405,7.29322062076908,-0.85089930815653,0.412518557456298,0.965484393342877,-4.68827818647484
"hsa-mir-1284",-0.652349284938484,3.50975690426366,-0.850782743061029,0.412580649103564,0.965484393342877,-4.68831443953887
"hsa-mir-374b",-0.441078341360168,10.6513663703694,-0.850435280590225,0.412765772050217,0.965484393342877,-4.68842248066643
"hsa-mir-941-2",0.472609971261971,10.1530849309992,0.850131315851348,0.41292776593886,0.965484393342877,-4.68851696743518
"hsa-mir-6821",0.578988531388736,2.3461359328418,0.84943460694386,0.413299229109302,0.965484393342877,-4.68873343561308
"hsa-mir-217",-0.550970449352836,4.05543522563796,-0.848468505886778,0.413814695977057,0.965484393342877,-4.68903336848551
"hsa-mir-6764",0.602451640685867,1.93685601887911,0.845069702613986,0.415631577655181,0.965484393342877,-4.69008637109975
"hsa-mir-1323",-0.898774536556287,2.36768310233263,-0.841742922973176,0.417415139843498,0.965484393342877,-4.69111376559011
"hsa-mir-181c",-0.412013722984156,8.40746374819133,-0.841125553996444,0.417746689070642,0.965484393342877,-4.69130406572073
"hsa-mir-3121",0.528320833573719,0.930827083453526,0.840240039324744,0.418222550114577,0.965484393342877,-4.69157682353993
"hsa-mir-4328",0.528320833573719,0.930827083453526,0.840240039324744,0.418222550114577,0.965484393342877,-4.69157682353993
"hsa-mir-4723",0.528320833573719,0.930827083453526,0.840240039324743,0.418222550114577,0.965484393342877,-4.69157682353993
"hsa-mir-4511",-0.438347236434041,3.45725545743906,-0.840008261241898,0.418347163774462,0.965484393342877,-4.69164817797823
"hsa-mir-3139",0.61599896885165,1.61029634962866,0.838564248968944,0.419124085458223,0.965484393342877,-4.69209236906767
"hsa-mir-3926-1",-0.578988531388735,0.817815099268086,-0.832614835514632,0.422335219157716,0.965484393342877,-4.69391594564583
"hsa-mir-4699",-0.578988531388735,0.817815099268086,-0.832614835514632,0.422335219157716,0.965484393342877,-4.69391594564583
"hsa-mir-6133",-0.578988531388735,0.817815099268086,-0.832614835514632,0.422335219157716,0.965484393342877,-4.69391594564583
"hsa-mir-3140",0.449307767806769,4.13959849640323,0.832187331895946,0.422566589852598,0.965484393342877,-4.69404657668688
"hsa-mir-6511a-1",-0.535941152843323,3.5702674416245,-0.829889645315991,0.423811575028125,0.965484393342877,-4.69474774259319
"hsa-mir-5692a-2",0.471679166426281,0.764160416786859,0.829588338096886,0.423975017055213,0.965484393342877,-4.69483957342387
"hsa-mir-4671",0.578988531388735,1.15114843260142,0.829475293443798,0.424036348164359,0.965484393342877,-4.6948740196007
"hsa-mir-4708",0.519192204308693,3.9903603736446,0.827713532344551,0.424992934413224,0.965484393342877,-4.69541035877645
"hsa-mir-378d-2",0.427725799241175,10.1630749135623,0.826720345438235,0.425532838238108,0.965484393342877,-4.69571231002089
"hsa-mir-210",0.50801948152724,11.235839359915,0.824456102070722,0.42676539958988,0.965484393342877,-4.6963995894844
"hsa-mir-27a",-0.43305808191629,16.7318615187363,-0.821789787031306,0.428219864136341,0.965484393342877,-4.69720694566687
"hsa-mir-218-1",-0.451800692593205,11.0783359582175,-0.820621998421741,0.428857920411892,0.965484393342877,-4.6975598795123
"hsa-mir-3193",0.440642698295788,1.41530884938828,0.818743476704058,0.429885625533823,0.965484393342877,-4.698126755463
"hsa-mir-3188",0.440642698295788,3.54608132364787,0.818411799682912,0.430067248870438,0.965484393342877,-4.69822673458186
"hsa-mir-622",0.485226494592063,3.34234925342512,0.816526149531264,0.43110077662086,0.965484393342877,-4.69879450738725
"hsa-mir-548f-4",-0.537144904027449,2.6585474524945,-0.814326367818376,0.432308549062047,0.965484393342877,-4.69945551345305
"hsa-mir-524",-0.528320833573719,0.792481250360578,-0.813070069908457,0.432999308307789,0.965484393342877,-4.69983236057213
"hsa-mir-1233-1",-0.528320833573719,0.792481250360578,-0.813070069908457,0.432999308307789,0.965484393342877,-4.69983236057213
"hsa-mir-6787",0.519655764062737,2.5289461893839,0.811497067102299,0.433865227214234,0.965484393342877,-4.70030353708391
"hsa-mir-3976",-0.471679166426281,1.09749375012019,-0.809375736958159,0.435034795243768,0.965484393342877,-4.70093777554201
"hsa-mir-450a-2",-0.505187356507104,8.77798142156269,-0.808021368705161,0.435782590400638,0.965484393342877,-4.70134199465105
"hsa-mir-4497",0.489904329014707,6.1846293151421,0.805564505490487,0.437141262938175,0.965484393342877,-4.70207384159667
"hsa-mir-1257",0.413438109777904,2.64736175318474,0.802503630335564,0.438837837099238,0.965484393342877,-4.702983048427
"hsa-mir-4477b",-0.413438109777904,2.64736175318474,-0.802503630335564,0.438837837099238,0.965484393342877,-4.702983048427
"hsa-mir-1250",0.474046185217996,4.23796143114468,0.801690019821382,0.439289526167344,0.965484393342877,-4.70322424548526
"hsa-mir-320c-1",0.408396905139835,7.93783062265918,0.798248841446465,0.441203308275522,0.965484393342877,-4.70424216344642
"hsa-mir-1972-2",-0.446338306749952,4.68539277325418,-0.796289255765096,0.442295539638062,0.965484393342877,-4.70482020535085
"hsa-mir-4796",-0.401539239869491,3.43885145915679,-0.796229593939603,0.442328821453228,0.965484393342877,-4.70483778610657
"hsa-mir-20b",-0.472808489216646,7.12947263445171,-0.796006382161595,0.442453352598429,0.965484393342877,-4.70490355104646
"hsa-mir-6873",-0.428467406287417,3.99418370410525,-0.794093400230347,0.443521551532571,0.965484393342877,-4.70546654887833
"hsa-mir-6815",-0.617480937195382,2.7553571362259,-0.793900382525622,0.443629424599237,0.965484393342877,-4.70552329256511
"hsa-mir-6851",-0.624823039305381,1.70238652013346,-0.79342646659578,0.443894357392249,0.965484393342877,-4.70566256685085
"hsa-mir-3689f",0.797439140926254,1.39871957046313,0.793067136569935,0.44409530181167,0.965484393342877,-4.70576812084078
"hsa-mir-6774",-0.471752024292787,4.66028028209784,-0.793059686498438,0.444099468663141,0.965484393342877,-4.70577030889749
"hsa-mir-2277",0.393223104327985,5.53742972244616,0.789744539823001,0.44595616010542,0.965484393342877,-4.70674226690769
"hsa-mir-6780a",0.477653135758702,2.12011196447093,0.787936393609614,0.446970952772724,0.965484393342877,-4.70727097093647
"hsa-mir-4749",0.446333869415435,3.02060607563397,0.786503365220239,0.447776277171393,0.965484393342877,-4.70768927649373
"hsa-mir-942",0.417540609825082,8.21629312595916,0.784168338964701,0.449090508456054,0.965484393342877,-4.70836952454126
"hsa-mir-4444-1",0.46410580759292,2.09370707070351,0.784115027332108,0.449120543077577,0.965484393342877,-4.70838503586752
"hsa-mir-218-2",-0.436006651968572,11.1165714981354,-0.783325346927341,0.449565583736363,0.965484393342877,-4.70861469534361
"hsa-mir-561",-0.548787681795101,3.70936773075811,-0.782734279430052,0.449898878054898,0.965484393342877,-4.70878646724802
"hsa-mir-450b",-0.503687684049303,7.95605095293122,-0.782219012692325,0.450189559365481,0.965484393342877,-4.70893612255191
"hsa-mir-3910-2",-0.566813239380365,2.91903681822635,-0.781432405798398,0.450633547207251,0.965484393342877,-4.70916442853895
"hsa-mir-194-1",-0.503727180072119,15.9570056114687,-0.780575841777861,0.451117341901688,0.965484393342877,-4.70941282172031
"hsa-mir-105-1",0.578988531388736,1.67946926617514,0.780156814044946,0.451354134098647,0.965484393342877,-4.70953425213183
"hsa-mir-566",-0.409356986884189,7.50371214310301,-0.777846020073424,0.452661397896159,0.965484393342877,-4.71020292406841
"hsa-mir-548at",0.421011468611265,1.98448176593475,0.776524635624754,0.453410024542158,0.965484393342877,-4.71058454906046
"hsa-mir-1273c",-0.405278601105433,7.10505526731155,-0.775473597972401,0.454006054102364,0.965484393342877,-4.71088770979744
"hsa-mir-3617",-0.431818627842057,2.80969588509591,-0.773469264787695,0.455144077094836,0.965484393342877,-4.71146488905039
"hsa-mir-6805",-0.510831693609006,2.38618832106409,-0.771817564106587,0.456083253897039,0.965484393342877,-4.7119395848859
"hsa-mir-548e",-0.407768197184426,7.27157374794987,-0.768992318812266,0.457692593651585,0.965484393342877,-4.71274958903475
"hsa-mir-376a-2",-0.514003451845535,4.52322649219838,-0.768871002044825,0.457761780224227,0.965484393342877,-4.71278431519226
"hsa-mir-7108",0.411775825554652,4.30752846930455,0.768550660639346,0.457944502012236,0.965484393342877,-4.71287598885889
"hsa-mir-941-5",0.423740444382419,10.1203100253876,0.768361417439261,0.458052467641977,0.965484393342877,-4.71293013048946
"hsa-mir-1909",-0.495142275723414,2.21653466973121,-0.766570735200596,0.4590748782081,0.965484393342877,-4.71344188408881
"hsa-mir-30c-2",-0.375185141476432,13.565215625491,-0.762683192266832,0.46129951622927,0.965484393342877,-4.71454944810225
"hsa-mir-1245b",-0.571347483295361,3.77657068806194,-0.762515265029729,0.461395766391882,0.965484393342877,-4.71459718427646
"hsa-mir-4504",-0.464337064316283,3.71107237953721,-0.76214317646858,0.461609080319042,0.965484393342877,-4.71470292534766
"hsa-mir-6775",0.421011468611265,1.8461359328418,0.761084571755847,0.462216308334799,0.965484393342877,-4.71500352530729
"hsa-mir-5701-3",-0.412077675164646,9.71798389279413,-0.760035052812828,0.462818824941393,0.965484393342877,-4.71530119884543
"hsa-mir-3149",-0.395288848437112,3.02826212299511,-0.758002282091831,0.463987230940931,0.965484393342877,-4.71587676865312
"hsa-mir-6736",-0.440642698295787,1.74864218272161,-0.756361503067669,0.464931687334127,0.965484393342877,-4.71634040207571
"hsa-mir-1298",-0.668973137979931,2.567966475037,-0.755667439204976,0.465331566422699,0.965484393342877,-4.71653626854806
"hsa-mir-4461",-0.427549842132371,6.14649758813659,-0.755428648358374,0.465469194034005,0.965484393342877,-4.71660362088651
"hsa-mir-30c-1",-0.372704446272873,13.5629500094133,-0.754697134817649,0.465890963535212,0.965484393342877,-4.71680983692284
"hsa-mir-487a",-0.522779426358579,5.49192545460632,-0.754470569398813,0.466021643547074,0.965484393342877,-4.7168736723138
"hsa-mir-548h-4",0.449466768749518,2.47636255176258,0.754249337154469,0.466149269793566,0.965484393342877,-4.71693598948634
"hsa-mir-26a-1",-0.378836787821768,18.6181722032261,-0.753443455582359,0.466614359904382,0.965484393342877,-4.71716286169894
"hsa-mir-4700",0.509498516354043,2.71018999625896,0.750701107722464,0.468199215614262,0.965484393342877,-4.71793335663585
"hsa-mir-556",0.381692495534867,5.83725020865623,0.749117278964411,0.469116083786378,0.965484393342877,-4.71837727172085
"hsa-mir-3652",0.387318855824824,3.78607786630972,0.747976600722599,0.469777114304976,0.965484393342877,-4.71869649012668
"hsa-mir-6763",-0.54580997353843,1.99621332058332,-0.743115440596272,0.472600746264394,0.965484393342877,-4.72005227066759
"hsa-mir-5701-2",-0.41083944469022,9.71248423293277,-0.740265258897885,0.474261223847106,0.965484393342877,-4.72084370579956
"hsa-mir-1253",0.528320833573719,0.930827083453526,0.737255411982802,0.47601867308095,0.965484393342877,-4.7216766753521
"hsa-mir-6795",0.528320833573719,0.930827083453526,0.737255411982801,0.47601867308095,0.965484393342877,-4.7216766753521
"hsa-mir-152",-0.40468799548346,13.6838764397815,-0.73519454540697,0.477224351950064,0.965484393342877,-4.72224535374714
"hsa-mir-5009",-0.418365528803053,4.15308379747296,-0.733271988339447,0.478350827302022,0.965484393342877,-4.72277464648391
"hsa-mir-6783",0.514773505407937,2.89301695124014,0.733076336531509,0.478465557303497,0.965484393342877,-4.72282844462713
"hsa-mir-4645",-0.492961327101156,4.17578151668106,-0.731518767508576,0.479379523863018,0.965484393342877,-4.72325629161888
"hsa-mir-4289",-0.4581318382605,2.14736175318474,-0.73098971873296,0.479690211043366,0.965484393342877,-4.72340143916723
"hsa-mir-8061",0.528320833573719,0.597493750120193,0.727830076342293,0.481548330256955,0.965484393342877,-4.72426644157331
"hsa-mir-4781",-0.37642767231499,5.00528420676827,-0.727701856993333,0.481623827328938,0.965484393342877,-4.7243014762007
"hsa-mir-3141",0.349340504954313,4.01274388892987,0.72751475917013,0.481734005887189,0.965484393342877,-4.72435258932195
"hsa-mir-5701-1",-0.411691811986604,9.72498941017955,-0.727424574323969,0.481787119699036,0.965484393342877,-4.72437722285086
"hsa-mir-506",-0.708279037304592,2.69492878966178,-0.727339620356981,0.481837156130957,0.965484393342877,-4.72440042520876
"hsa-mir-378d-1",0.371382138581124,10.2169221716964,0.727302864979666,0.481858805415287,0.965484393342877,-4.72441046300422
"hsa-mir-1278",-0.354205916037335,6.68937001623587,-0.724356212016854,0.483596370604867,0.965484393342877,-4.72521377696924
"hsa-mir-542",-0.502682237678609,7.56663419342899,-0.720630718020106,0.485798725980982,0.965484393342877,-4.72622542779689
"hsa-mir-548f-3",-0.430446591684645,4.32515540858256,-0.72038380216622,0.485944910116997,0.965484393342877,-4.72629231964336
"hsa-mir-574",-0.35035017373351,12.3579132958856,-0.719752998043123,0.486318494463249,0.965484393342877,-4.72646312136374
"hsa-mir-138-1",-0.423736919357753,6.90639186637003,-0.713142811111115,0.490243888655926,0.965484393342877,-4.72824523502525
"hsa-mir-1224",0.402211654014435,5.40076681735258,0.711031983242541,0.491501456578859,0.965484393342877,-4.72881134337934
"hsa-mir-1229",-0.409606230165294,3.0664572819897,-0.710643434362613,0.491733156898,0.965484393342877,-4.72891539214927
"hsa-mir-5693",0.471679166426281,0.764160416786859,0.709923782323936,0.492162477471391,0.965484393342877,-4.72910797726062
"hsa-mir-7855",-0.471679166426281,0.764160416786859,-0.709923782323936,0.492162477471391,0.965484393342877,-4.72910797726062
"hsa-mir-4765",-0.471679166426281,0.764160416786859,-0.709923782323936,0.492162477471392,0.965484393342877,-4.72910797726062
"hsa-mir-4449",0.369358781751291,4.89444039652397,0.705826156506866,0.494611339663277,0.965484393342877,-4.73020133730161
"hsa-mir-1287",-0.354783972076611,7.53386781167014,-0.70444948593052,0.495435739187902,0.965484393342877,-4.73056744776915
"hsa-mir-6803",-0.43903702619653,3.79093368565364,-0.70220896920437,0.496779223772514,0.965484393342877,-4.73116197093236
"hsa-mir-582",-0.407417407799704,10.3289296048076,-0.702191396492162,0.496789769650257,0.965484393342877,-4.73116662741078
"hsa-mir-3611",-0.461963717873109,3.57637306312105,-0.69993338964687,0.498145991697645,0.965484393342877,-4.73176412502518
"hsa-mir-3944",0.352805562075106,3.48269052679575,0.698740838550431,0.498863174601472,0.965484393342877,-4.73207901865033
"hsa-mir-3129",0.60918938098237,4.21531716571231,0.696640923055034,0.500127549469518,0.965484393342877,-4.73263237399818
"hsa-mir-6753",0.37182573913998,3.1548764014395,0.695201652598887,0.500995261035961,0.965484393342877,-4.73301080863669
"hsa-mir-145",-0.358026091473205,15.5101913861706,-0.694748792660368,0.501268470142771,0.965484393342877,-4.73312974130184
"hsa-mir-550b-2",0.377989723538262,5.08807455922261,0.69418384453859,0.501609427550878,0.965484393342877,-4.7332780171551
"hsa-mir-26a-2",-0.34913200869347,18.5162212796813,-0.693009748588281,0.502318464350523,0.965484393342877,-4.73358583536332
"hsa-mir-1180",0.377086011534763,10.1299516588293,0.691428856492131,0.503274117396643,0.965484393342877,-4.73399959201667
"hsa-mir-640",-0.440642698295788,1.41530884938828,-0.690006122954264,0.50413509647793,0.965484393342877,-4.73437125447575
"hsa-mir-4785",-0.497284365443224,1.58197551605495,-0.68865830203124,0.504951556361521,0.965484393342877,-4.73472273485203
"hsa-mir-6501",-0.338446848711494,5.83065915448704,-0.687110297022662,0.505890257596821,0.965484393342877,-4.7351256825711
"hsa-mir-518a-1",-0.635630198536173,0.984481765934753,-0.68346004272722,0.508107881626333,0.965484393342877,-4.73607272885151
"hsa-mir-6818",-0.359929341964549,4.4803793484714,-0.683252438847761,0.508234180529646,0.965484393342877,-4.73612645916161
"hsa-mir-224",0.403683488383074,12.3973062632821,0.682960199248117,0.508412000568684,0.965484393342877,-4.7362020701221
"hsa-mir-3176",0.371376338458708,4.53107937341385,0.681605056574328,0.509237053778931,0.965484393342877,-4.73655231740664
"hsa-mir-548an",-0.528320833573719,1.03813644841598,-0.680342573363873,0.510006410320858,0.965484393342877,-4.7368780712031
"hsa-mir-301a",-0.366719279247068,6.21194727106252,-0.679729130935345,0.510380491394392,0.965484393342877,-4.73703616556826
"hsa-mir-6842",-0.355187651537882,8.5303264543901,-0.677343129263534,0.511837041220918,0.965484393342877,-4.73764989619
"hsa-mir-6798",0.323617884780162,2.57141517255537,0.676266654776786,0.51249498890544,0.965484393342877,-4.73792617238877
"hsa-mir-4530",-0.528320833573719,1.12581458369391,-0.676137869122154,0.512573737054249,0.965484393342877,-4.73795919943645
"hsa-mir-3136",0.453298648362128,2.39060035629096,0.675615970652,0.512892934070579,0.965484393342877,-4.73809298397529
"hsa-mir-29a",-0.34197462653681,15.6085845519189,-0.67480593148029,0.513388593360077,0.965484393342877,-4.73830045253105
"hsa-mir-5580",0.407464140445482,2.33450454448233,0.674644225650091,0.513487574384473,0.965484393342877,-4.73834184287725
"hsa-mir-5003",-0.333333333333333,1.55664166714744,-0.674004235664464,0.513879426610488,0.965484393342877,-4.7385055702251
"hsa-mir-1181",0.375335961637368,2.84676128865199,0.671684475627261,0.515301248587356,0.965484393342877,-4.73909789197237
"hsa-mir-4494",-0.389975000480771,1.52832083357372,-0.669175842131907,0.516841446396449,0.965484393342877,-4.7397364307355
"hsa-mir-663a",0.33451654348266,4.90201342378694,0.668548694578709,0.517226912758204,0.965484393342877,-4.73989573606138
"hsa-mir-3916",0.389975000480771,3.32575997449997,0.668245814497388,0.517413133848458,0.965484393342877,-4.73997262554334
"hsa-mir-1265",0.471679166426282,1.95914791702724,0.666390230763554,0.518554871941252,0.965484393342877,-4.74044302013138
"hsa-mir-501",0.363143661668076,10.5375349211053,0.662460218481145,0.52097788634002,0.965484393342877,-4.74143550145225
"hsa-mir-3941",-0.398520853774897,3.78450114476821,-0.661638785241278,0.521485170717433,0.965484393342877,-4.74164229471853
"hsa-mir-1270",0.492682432268215,3.04378035706036,0.660397608682535,0.522252220025189,0.965484393342877,-4.74195432977779
"hsa-mir-4448",0.452401005302686,11.8408008395934,0.660248363527003,0.522344498209085,0.965484393342877,-4.74199181575348
"hsa-mir-5196",0.550692232193231,4.31086709624491,0.659052047750078,0.523084523801064,0.965484393342877,-4.74229202602648
"hsa-mir-504",-0.348431401261033,8.24623611187468,-0.658333598980609,0.523529241099432,0.965484393342877,-4.74247208772628
"hsa-mir-3912",-0.38756655885885,4.83315589644002,-0.656858911153294,0.524442758642786,0.965484393342877,-4.74284114145318
"hsa-mir-5100",-0.378435615832809,8.14690682780819,-0.65447996604577,0.525918388184736,0.965484393342877,-4.74343495902742
"hsa-mir-3179-4",-0.421011468611264,1.31781509926809,-0.653979032659769,0.526229418336849,0.965484393342877,-4.7435597572348
"hsa-mir-3180-5",0.38997500048077,1.38997500048077,0.653629310202623,0.526446624802693,0.965484393342877,-4.7436468341888
"hsa-mir-4757",0.38997500048077,1.38997500048077,0.653629310202623,0.526446624802693,0.965484393342877,-4.7436468341888
"hsa-mir-4766",-0.38997500048077,1.19498750024039,-0.653629310202623,0.526446624802693,0.965484393342877,-4.7436468341888
"hsa-mir-3150a",-0.431119647563531,4.35799743849342,-0.652477955490314,0.527162078892242,0.965484393342877,-4.74393321870893
"hsa-mir-204",0.333342303010451,7.33922377004867,0.65169953426879,0.527646110995482,0.965484393342877,-4.74412658883635
"hsa-mir-1207",0.333333333333333,0.166666666666667,0.64910319172064,0.529262411671372,0.965484393342877,-4.74477008328615
"hsa-mir-1208",0.333333333333333,0.166666666666667,0.64910319172064,0.529262411671372,0.965484393342877,-4.74477008328615
"hsa-mir-3147",0.333333333333333,0.166666666666667,0.64910319172064,0.529262411671372,0.965484393342877,-4.74477008328615
"hsa-mir-3926-2",0.333333333333333,0.166666666666667,0.64910319172064,0.529262411671372,0.965484393342877,-4.74477008328615
"hsa-mir-4272",0.333333333333333,0.166666666666667,0.64910319172064,0.529262411671372,0.965484393342877,-4.74477008328615
"hsa-mir-4315-1",0.333333333333333,0.166666666666667,0.64910319172064,0.529262411671372,0.965484393342877,-4.74477008328615
"hsa-mir-4330",0.333333333333333,0.166666666666667,0.64910319172064,0.529262411671372,0.965484393342877,-4.74477008328615
"hsa-mir-4509-3",0.333333333333333,0.166666666666667,0.64910319172064,0.529262411671372,0.965484393342877,-4.74477008328615
"hsa-mir-4678",0.333333333333333,0.166666666666667,0.64910319172064,0.529262411671372,0.965484393342877,-4.74477008328615
"hsa-mir-4696",0.333333333333333,0.166666666666667,0.64910319172064,0.529262411671372,0.965484393342877,-4.74477008328615
"hsa-mir-4720",0.333333333333333,0.166666666666667,0.64910319172064,0.529262411671372,0.965484393342877,-4.74477008328615
"hsa-mir-4774",0.333333333333333,0.166666666666667,0.64910319172064,0.529262411671372,0.965484393342877,-4.74477008328615
"hsa-mir-5093",0.333333333333333,0.166666666666667,0.64910319172064,0.529262411671372,0.965484393342877,-4.74477008328615
"hsa-mir-5186",0.333333333333333,0.166666666666667,0.64910319172064,0.529262411671372,0.965484393342877,-4.74477008328615
"hsa-mir-5692c-1",0.333333333333333,0.166666666666667,0.64910319172064,0.529262411671372,0.965484393342877,-4.74477008328615
"hsa-mir-601",0.333333333333333,0.166666666666667,0.64910319172064,0.529262411671372,0.965484393342877,-4.74477008328615
"hsa-mir-611",0.333333333333333,0.166666666666667,0.64910319172064,0.529262411671372,0.965484393342877,-4.74477008328615
"hsa-mir-649",0.333333333333333,0.166666666666667,0.64910319172064,0.529262411671372,0.965484393342877,-4.74477008328615
"hsa-mir-6893",0.333333333333333,0.166666666666667,0.64910319172064,0.529262411671372,0.965484393342877,-4.74477008328615
"hsa-mir-7856",0.333333333333333,0.166666666666667,0.64910319172064,0.529262411671372,0.965484393342877,-4.74477008328615
"hsa-mir-8059",0.333333333333333,0.166666666666667,0.64910319172064,0.529262411671372,0.965484393342877,-4.74477008328615
"hsa-mir-1184-3",-0.333333333333333,0.166666666666667,-0.649103191720639,0.529262411671372,0.965484393342877,-4.74477008328615
"hsa-mir-1200",-0.333333333333333,0.166666666666667,-0.649103191720639,0.529262411671372,0.965484393342877,-4.74477008328615
"hsa-mir-1202",0.333333333333333,0.166666666666667,0.649103191720639,0.529262411671372,0.965484393342877,-4.74477008328615
"hsa-mir-1225",0.333333333333333,0.166666666666667,0.649103191720639,0.529262411671372,0.965484393342877,-4.74477008328615
"hsa-mir-1915",-0.333333333333333,0.166666666666667,-0.649103191720639,0.529262411671372,0.965484393342877,-4.74477008328615
"hsa-mir-198",-0.333333333333333,0.166666666666667,-0.649103191720639,0.529262411671372,0.965484393342877,-4.74477008328615
"hsa-mir-2052",-0.333333333333333,0.166666666666667,-0.649103191720639,0.529262411671372,0.965484393342877,-4.74477008328615
"hsa-mir-2117",-0.333333333333333,0.166666666666667,-0.649103191720639,0.529262411671372,0.965484393342877,-4.74477008328615
"hsa-mir-302e",-0.333333333333333,0.166666666666667,-0.649103191720639,0.529262411671372,0.965484393342877,-4.74477008328615
"hsa-mir-3119-1",-0.333333333333333,0.166666666666667,-0.649103191720639,0.529262411671372,0.965484393342877,-4.74477008328615
"hsa-mir-3132",-0.333333333333333,0.166666666666667,-0.649103191720639,0.529262411671372,0.965484393342877,-4.74477008328615
"hsa-mir-3156-1",-0.333333333333333,0.166666666666667,-0.649103191720639,0.529262411671372,0.965484393342877,-4.74477008328615
"hsa-mir-3618",0.333333333333333,0.166666666666667,0.649103191720639,0.529262411671372,0.965484393342877,-4.74477008328615
"hsa-mir-3683",-0.333333333333333,0.166666666666667,-0.649103191720639,0.529262411671372,0.965484393342877,-4.74477008328615
"hsa-mir-3689c",-0.333333333333333,0.166666666666667,-0.649103191720639,0.529262411671372,0.965484393342877,-4.74477008328615
"hsa-mir-373",-0.333333333333333,0.166666666666667,-0.649103191720639,0.529262411671372,0.965484393342877,-4.74477008328615
"hsa-mir-3915",0.333333333333333,0.166666666666667,0.649103191720639,0.529262411671372,0.965484393342877,-4.74477008328615
"hsa-mir-3919",-0.333333333333333,0.166666666666667,-0.649103191720639,0.529262411671372,0.965484393342877,-4.74477008328615
"hsa-mir-3972",-0.333333333333333,0.166666666666667,-0.649103191720639,0.529262411671372,0.965484393342877,-4.74477008328615
"hsa-mir-4266",-0.333333333333333,0.166666666666667,-0.649103191720639,0.529262411671372,0.965484393342877,-4.74477008328615
"hsa-mir-4271",-0.333333333333333,0.166666666666667,-0.649103191720639,0.529262411671372,0.965484393342877,-4.74477008328615
"hsa-mir-4276",-0.333333333333333,0.166666666666667,-0.649103191720639,0.529262411671372,0.965484393342877,-4.74477008328615
"hsa-mir-4281",0.333333333333333,0.166666666666667,0.649103191720639,0.529262411671372,0.965484393342877,-4.74477008328615
"hsa-mir-4283-1",-0.333333333333333,0.166666666666667,-0.649103191720639,0.529262411671372,0.965484393342877,-4.74477008328615
"hsa-mir-4285",-0.333333333333333,0.166666666666667,-0.649103191720639,0.529262411671372,0.965484393342877,-4.74477008328615
"hsa-mir-4287",0.333333333333333,0.166666666666667,0.649103191720639,0.529262411671372,0.965484393342877,-4.74477008328615
"hsa-mir-4295",-0.333333333333333,0.166666666666667,-0.649103191720639,0.529262411671372,0.965484393342877,-4.74477008328615
"hsa-mir-4312",0.333333333333333,0.166666666666667,0.649103191720639,0.529262411671372,0.965484393342877,-4.74477008328615
"hsa-mir-4314",-0.333333333333333,0.166666666666667,-0.649103191720639,0.529262411671372,0.965484393342877,-4.74477008328615
"hsa-mir-4315-2",0.333333333333333,0.166666666666667,0.649103191720639,0.529262411671372,0.965484393342877,-4.74477008328615
"hsa-mir-4321",-0.333333333333333,0.166666666666667,-0.649103191720639,0.529262411671372,0.965484393342877,-4.74477008328615
"hsa-mir-4327",0.333333333333333,0.166666666666667,0.649103191720639,0.529262411671372,0.965484393342877,-4.74477008328615
"hsa-mir-4439",0.333333333333333,0.166666666666667,0.649103191720639,0.529262411671372,0.965484393342877,-4.74477008328615
"hsa-mir-4447",-0.333333333333333,0.166666666666667,-0.649103191720639,0.529262411671372,0.965484393342877,-4.74477008328615
"hsa-mir-4451",-0.333333333333333,0.166666666666667,-0.649103191720639,0.529262411671372,0.965484393342877,-4.74477008328615
"hsa-mir-4456",-0.333333333333333,0.166666666666667,-0.649103191720639,0.529262411671372,0.965484393342877,-4.74477008328615
"hsa-mir-4499",-0.333333333333333,0.166666666666667,-0.649103191720639,0.529262411671372,0.965484393342877,-4.74477008328615
"hsa-mir-4514",-0.333333333333333,0.166666666666667,-0.649103191720639,0.529262411671372,0.965484393342877,-4.74477008328615
"hsa-mir-4531",-0.333333333333333,0.166666666666667,-0.649103191720639,0.529262411671372,0.965484393342877,-4.74477008328615
"hsa-mir-4641",-0.333333333333333,0.166666666666667,-0.649103191720639,0.529262411671372,0.965484393342877,-4.74477008328615
"hsa-mir-4663",-0.333333333333333,0.166666666666667,-0.649103191720639,0.529262411671372,0.965484393342877,-4.74477008328615
"hsa-mir-4675",-0.333333333333333,0.166666666666667,-0.649103191720639,0.529262411671372,0.965484393342877,-4.74477008328615
"hsa-mir-4681",-0.333333333333333,0.166666666666667,-0.649103191720639,0.529262411671372,0.965484393342877,-4.74477008328615
"hsa-mir-4682",-0.333333333333333,0.166666666666667,-0.649103191720639,0.529262411671372,0.965484393342877,-4.74477008328615
"hsa-mir-4692",0.333333333333333,0.166666666666667,0.649103191720639,0.529262411671372,0.965484393342877,-4.74477008328615
"hsa-mir-4718",-0.333333333333333,0.166666666666667,-0.649103191720639,0.529262411671372,0.965484393342877,-4.74477008328615
"hsa-mir-4719",0.333333333333333,0.166666666666667,0.649103191720639,0.529262411671372,0.965484393342877,-4.74477008328615
"hsa-mir-4721",-0.333333333333333,0.166666666666667,-0.649103191720639,0.529262411671372,0.965484393342877,-4.74477008328615
"hsa-mir-4735",-0.333333333333333,0.166666666666667,-0.649103191720639,0.529262411671372,0.965484393342877,-4.74477008328615
"hsa-mir-4751",-0.333333333333333,0.166666666666667,-0.649103191720639,0.529262411671372,0.965484393342877,-4.74477008328615
"hsa-mir-4759",-0.333333333333333,0.166666666666667,-0.649103191720639,0.529262411671372,0.965484393342877,-4.74477008328615
"hsa-mir-4761",-0.333333333333333,0.166666666666667,-0.649103191720639,0.529262411671372,0.965484393342877,-4.74477008328615
"hsa-mir-4776-1",-0.333333333333333,0.166666666666667,-0.649103191720639,0.529262411671372,0.965484393342877,-4.74477008328615
"hsa-mir-4778",-0.333333333333333,0.166666666666667,-0.649103191720639,0.529262411671372,0.965484393342877,-4.74477008328615
"hsa-mir-513b",-0.333333333333333,0.166666666666667,-0.649103191720639,0.529262411671372,0.965484393342877,-4.74477008328615
"hsa-mir-519e",-0.333333333333333,0.166666666666667,-0.649103191720639,0.529262411671372,0.965484393342877,-4.74477008328615
"hsa-mir-527",-0.333333333333333,0.166666666666667,-0.649103191720639,0.529262411671372,0.965484393342877,-4.74477008328615
"hsa-mir-548ae-1",0.333333333333333,0.166666666666667,0.649103191720639,0.529262411671372,0.965484393342877,-4.74477008328615
"hsa-mir-553",-0.333333333333333,0.166666666666667,-0.649103191720639,0.529262411671372,0.965484393342877,-4.74477008328615
"hsa-mir-555",-0.333333333333333,0.166666666666667,-0.649103191720639,0.529262411671372,0.965484393342877,-4.74477008328615
"hsa-mir-5739",-0.333333333333333,0.166666666666667,-0.649103191720639,0.529262411671372,0.965484393342877,-4.74477008328615
"hsa-mir-583",-0.333333333333333,0.166666666666667,-0.649103191720639,0.529262411671372,0.965484393342877,-4.74477008328615
"hsa-mir-586",-0.333333333333333,0.166666666666667,-0.649103191720639,0.529262411671372,0.965484393342877,-4.74477008328615
"hsa-mir-603",0.333333333333333,0.166666666666667,0.649103191720639,0.529262411671372,0.965484393342877,-4.74477008328615
"hsa-mir-606",0.333333333333333,0.166666666666667,0.649103191720639,0.529262411671372,0.965484393342877,-4.74477008328615
"hsa-mir-6072",-0.333333333333333,0.166666666666667,-0.649103191720639,0.529262411671372,0.965484393342877,-4.74477008328615
"hsa-mir-6073",-0.333333333333333,0.166666666666667,-0.649103191720639,0.529262411671372,0.965484393342877,-4.74477008328615
"hsa-mir-6076",0.333333333333333,0.166666666666667,0.649103191720639,0.529262411671372,0.965484393342877,-4.74477008328615
"hsa-mir-6082",0.333333333333333,0.166666666666667,0.649103191720639,0.529262411671372,0.965484393342877,-4.74477008328615
"hsa-mir-6083",0.333333333333333,0.166666666666667,0.649103191720639,0.529262411671372,0.965484393342877,-4.74477008328615
"hsa-mir-6086",-0.333333333333333,0.166666666666667,-0.649103191720639,0.529262411671372,0.965484393342877,-4.74477008328615
"hsa-mir-609",-0.333333333333333,0.166666666666667,-0.649103191720639,0.529262411671372,0.965484393342877,-4.74477008328615
"hsa-mir-614",-0.333333333333333,0.166666666666667,-0.649103191720639,0.529262411671372,0.965484393342877,-4.74477008328615
"hsa-mir-646",-0.333333333333333,0.166666666666667,-0.649103191720639,0.529262411671372,0.965484393342877,-4.74477008328615
"hsa-mir-6512",0.333333333333333,0.166666666666667,0.649103191720639,0.529262411671372,0.965484393342877,-4.74477008328615
"hsa-mir-662",-0.333333333333333,0.166666666666667,-0.649103191720639,0.529262411671372,0.965484393342877,-4.74477008328615
"hsa-mir-670",-0.333333333333333,0.166666666666667,-0.649103191720639,0.529262411671372,0.965484393342877,-4.74477008328615
"hsa-mir-6722",0.333333333333333,0.166666666666667,0.649103191720639,0.529262411671372,0.965484393342877,-4.74477008328615
"hsa-mir-6759",-0.333333333333333,0.166666666666667,-0.649103191720639,0.529262411671372,0.965484393342877,-4.74477008328615
"hsa-mir-6765",0.333333333333333,0.166666666666667,0.649103191720639,0.529262411671372,0.965484393342877,-4.74477008328615
"hsa-mir-6768",0.333333333333333,0.166666666666667,0.649103191720639,0.529262411671372,0.965484393342877,-4.74477008328615
"hsa-mir-6801",0.333333333333333,0.166666666666667,0.649103191720639,0.529262411671372,0.965484393342877,-4.74477008328615
"hsa-mir-6811",-0.333333333333333,0.166666666666667,-0.649103191720639,0.529262411671372,0.965484393342877,-4.74477008328615
"hsa-mir-6830",-0.333333333333333,0.166666666666667,-0.649103191720639,0.529262411671372,0.965484393342877,-4.74477008328615
"hsa-mir-6831",-0.333333333333333,0.166666666666667,-0.649103191720639,0.529262411671372,0.965484393342877,-4.74477008328615
"hsa-mir-6835",0.333333333333333,0.166666666666667,0.649103191720639,0.529262411671372,0.965484393342877,-4.74477008328615
"hsa-mir-6838",0.333333333333333,0.166666666666667,0.649103191720639,0.529262411671372,0.965484393342877,-4.74477008328615
"hsa-mir-6863",-0.333333333333333,0.166666666666667,-0.649103191720639,0.529262411671372,0.965484393342877,-4.74477008328615
"hsa-mir-7106",0.333333333333333,0.166666666666667,0.649103191720639,0.529262411671372,0.965484393342877,-4.74477008328615
"hsa-mir-7154",-0.333333333333333,0.166666666666667,-0.649103191720639,0.529262411671372,0.965484393342877,-4.74477008328615
"hsa-mir-7162",-0.333333333333333,0.166666666666667,-0.649103191720639,0.529262411671372,0.965484393342877,-4.74477008328615
"hsa-mir-718",-0.333333333333333,0.166666666666667,-0.649103191720639,0.529262411671372,0.965484393342877,-4.74477008328615
"hsa-mir-7975",-0.333333333333333,0.166666666666667,-0.649103191720639,0.529262411671372,0.965484393342877,-4.74477008328615
"hsa-mir-8053",-0.333333333333333,0.166666666666667,-0.649103191720639,0.529262411671372,0.965484393342877,-4.74477008328615
"hsa-mir-8054",-0.333333333333333,0.166666666666667,-0.649103191720639,0.529262411671372,0.965484393342877,-4.74477008328615
"hsa-mir-8064",-0.333333333333333,0.166666666666667,-0.649103191720639,0.529262411671372,0.965484393342877,-4.74477008328615
"hsa-mir-8071-1",0.333333333333333,0.166666666666667,0.649103191720639,0.529262411671372,0.965484393342877,-4.74477008328615
"hsa-mir-8075",-0.333333333333333,0.166666666666667,-0.649103191720639,0.529262411671372,0.965484393342877,-4.74477008328615
"hsa-mir-8077",-0.333333333333333,0.166666666666667,-0.649103191720639,0.529262411671372,0.965484393342877,-4.74477008328615
"hsa-mir-8082",-0.333333333333333,0.166666666666667,-0.649103191720639,0.529262411671372,0.965484393342877,-4.74477008328615
"hsa-mir-876",-0.333333333333333,0.166666666666667,-0.649103191720639,0.529262411671372,0.965484393342877,-4.74477008328615
"hsa-mir-920",0.333333333333333,0.166666666666667,0.649103191720639,0.529262411671372,0.965484393342877,-4.74477008328615
"hsa-mir-1468",0.428778164519208,6.39992103595291,0.64831933632471,0.52975094758221,0.965484393342877,-4.74496391381853
"hsa-mir-26b",-0.329891277853157,16.2644086890386,-0.647736934336798,0.530114096936034,0.965484393342877,-4.74510779543684
"hsa-mir-409",0.494810592065754,12.1382272237922,0.647595059169337,0.530202583179708,0.965484393342877,-4.74514282821601
"hsa-mir-4791",-0.338048324112521,6.97112433528037,-0.64655029870075,0.53085445346506,0.965484393342877,-4.74540059891428
"hsa-mir-522",-0.805012499759615,1.59749375012019,-0.644999596673041,0.531822854496574,0.965484393342877,-4.74578252137631
"hsa-mir-6128",0.333333333333334,1.36165416690705,0.644337698499586,0.532236514525936,0.965484393342877,-4.74594529354393
"hsa-mir-7702",0.356796442630465,2.81402841985141,0.642119556856116,0.533624115130091,0.965484393342877,-4.74648969550174
"hsa-mir-4706",0.528320833573719,1.26416041678686,0.641735934605854,0.533864308101721,0.965484393342877,-4.74658368008885
"hsa-mir-141",-0.363827318872804,12.0535491484703,-0.641495935968624,0.534014607264262,0.965484393342877,-4.74664245269425
"hsa-mir-548f-5",-0.508267021834796,3.24846470248217,-0.638841057526732,0.535678845646956,0.965484393342877,-4.74729130018302
"hsa-mir-3689a",-0.440642698295787,0.553654682481227,-0.638632368563892,0.535809790418806,0.965484393342877,-4.7473422023717
"hsa-mir-631",-0.440642698295787,0.553654682481227,-0.638632368563892,0.535809790418806,0.965484393342877,-4.7473422023717
"hsa-mir-6776",-0.440642698295787,0.553654682481227,-0.638632368563892,0.535809790418806,0.965484393342877,-4.7473422023717
"hsa-mir-4517",-0.440642698295787,1.41530884938828,-0.638048900463802,0.536175992829584,0.965484393342877,-4.74748444031052
"hsa-mir-498",-0.528320833573719,1.12581458369391,-0.636814427169515,0.536951258151083,0.965484393342877,-4.74778500064034
"hsa-mir-497",-0.314775017073938,9.21040055953294,-0.636047708772053,0.537433089890959,0.965484393342877,-4.74797141574318
"hsa-mir-3117",0.505338382334554,3.85726292157296,0.635986793759728,0.537471381536196,0.965484393342877,-4.74798621769875
"hsa-mir-599",-0.494050565045793,3.72592912990197,-0.632112411622412,0.539910047786584,0.965484393342877,-4.7489250830454
"hsa-mir-200a",0.338170990818387,16.7605990568574,0.62999067422892,0.541248206231684,0.965484393342877,-4.7494370771248
"hsa-mir-449c",0.534052168729359,5.18462567050985,0.628903050937662,0.541934889285209,0.965484393342877,-4.74969893711937
"hsa-mir-4463",-0.421011468611264,0.984481765934753,-0.627495380595432,0.542824371249899,0.965484393342877,-4.75003725534628
"hsa-mir-320c-2",0.332184168704331,7.67340882492858,0.627277900110778,0.542961867083375,0.965484393342877,-4.75008946426725
"hsa-mir-16-1",-0.328910123827121,11.9127778863603,-0.626930090568292,0.543181800759221,0.965484393342877,-4.75017292684554
"hsa-mir-3656",0.39636758089256,8.89070063969516,0.626773266632691,0.543280983216585,0.965484393342877,-4.75021054583575
"hsa-mir-3157",0.315826381988892,4.34149545278886,0.624981703272078,0.544414775390816,0.965484393342877,-4.75063971224423
"hsa-mir-6817",-0.333333333333334,1.94064269829579,-0.624876683493646,0.544481278723536,0.965484393342877,-4.75066483564191
"hsa-mir-376a-1",-0.444017193254438,4.69795413111339,-0.621856124838343,0.546395998677982,0.965484393342877,-4.75138581984642
"hsa-mir-519a-2",-0.471679166426281,1.09749375012019,-0.621517639126956,0.54661079969038,0.965484393342877,-4.75146641975851
"hsa-mir-106a",-0.307993580746016,7.38636625955401,-0.621442793638477,0.546658302613478,0.965484393342877,-4.75148423661592
"hsa-mir-30e",-0.313539242381221,15.3972261486282,-0.620662511250904,0.547153670601653,0.965484393342877,-4.75166986771396
"hsa-mir-6780b",0.333333333333334,2.29743914092625,0.618417994880171,0.548580026085012,0.965484393342877,-4.75220268340487
"hsa-mir-425",0.322652540927196,12.8355035047209,0.6174987578993,0.549164789368855,0.965484393342877,-4.75242039957886
"hsa-mir-34b",-0.360939842766349,4.5067663135037,-0.617284171321464,0.549301346790811,0.965484393342877,-4.75247118158175
"hsa-mir-1228",0.404708268450949,4.00193536487154,0.616676884259332,0.549687912008582,0.965484393342877,-4.75261481087727
"hsa-mir-151b",-0.298517441888317,6.67985381745823,-0.615429690529252,0.550482284353333,0.965484393342877,-4.75290938824087
"hsa-mir-4787",-0.355704731952845,2.69859984071678,-0.613708114606748,0.551579859248832,0.965484393342877,-4.7533151351324
"hsa-mir-1283-1",0.592535859554517,1.23205290379646,0.611427524959526,0.55303570999161,0.965484393342877,-4.75385106672521
"hsa-mir-4496",0.366511891183638,2.31402841985141,0.611030692991613,0.553289252773574,0.965484393342877,-4.75394413863492
"hsa-mir-203a",0.409713870760749,12.7101574376586,0.608425481459631,0.554955375173767,0.965484393342877,-4.75455381413516
"hsa-mir-3182",0.430279207639935,7.25022249164052,0.607448085066396,0.555581172817715,0.965484393342877,-4.75478194379311
"hsa-mir-1304",0.32991391034928,7.65452009342434,0.60693951734027,0.555906948493069,0.965484393342877,-4.75490051623719
"hsa-mir-146b",0.305193999412005,17.5925977978852,0.60654158228749,0.556161929604283,0.965484393342877,-4.75499323260522
"hsa-mir-33b",0.390332856144288,5.62799716750637,0.605668850252163,0.556721369107737,0.965484393342877,-4.75519638273605
"hsa-mir-3938",0.333333333333334,0.5,0.605459645034771,0.556855520380737,0.965484393342877,-4.75524504147866
"hsa-mir-4291",0.333333333333334,0.5,0.605459645034771,0.556855520380737,0.965484393342877,-4.75524504147866
"hsa-mir-4666b",0.333333333333334,0.5,0.605459645034771,0.556855520380737,0.965484393342877,-4.75524504147866
"hsa-mir-1236",0.333333333333333,1.5,0.605459645034771,0.556855520380738,0.965484393342877,-4.75524504147866
"hsa-mir-1973",-0.333333333333333,0.5,-0.605459645034771,0.556855520380738,0.965484393342877,-4.75524504147866
"hsa-mir-297",0.333333333333333,0.5,0.605459645034771,0.556855520380738,0.965484393342877,-4.75524504147866
"hsa-mir-3936",-0.333333333333333,0.5,-0.605459645034771,0.556855520380738,0.965484393342877,-4.75524504147866
"hsa-mir-4501",-0.333333333333333,0.5,-0.605459645034771,0.556855520380738,0.965484393342877,-4.75524504147866
"hsa-mir-4650-1",-0.333333333333333,0.5,-0.605459645034771,0.556855520380738,0.965484393342877,-4.75524504147866
"hsa-mir-4653",-0.333333333333333,0.5,-0.605459645034771,0.556855520380738,0.965484393342877,-4.75524504147866
"hsa-mir-5583-2",-0.333333333333333,0.5,-0.605459645034771,0.556855520380738,0.965484393342877,-4.75524504147866
"hsa-mir-8081",-0.333333333333333,0.5,-0.605459645034771,0.556855520380738,0.965484393342877,-4.75524504147866
"hsa-mir-1244-1",0.333333333333333,0.5,0.60545964503477,0.556855520380738,0.965484393342877,-4.75524504147866
"hsa-mir-3118-1",-0.333333333333333,0.5,-0.605459645034771,0.556855520380738,0.965484393342877,-4.75524504147866
"hsa-mir-3621",-0.333333333333333,0.5,-0.60545964503477,0.556855520380738,0.965484393342877,-4.75524504147866
"hsa-mir-3937",-0.333333333333333,0.5,-0.60545964503477,0.556855520380738,0.965484393342877,-4.75524504147866
"hsa-mir-4317",0.333333333333333,0.5,0.605459645034771,0.556855520380738,0.965484393342877,-4.75524504147866
"hsa-mir-4436b-1",-0.333333333333333,0.5,-0.60545964503477,0.556855520380738,0.965484393342877,-4.75524504147866
"hsa-mir-4658",0.333333333333333,0.5,0.60545964503477,0.556855520380738,0.965484393342877,-4.75524504147866
"hsa-mir-4711",-0.333333333333333,0.5,-0.60545964503477,0.556855520380738,0.965484393342877,-4.75524504147866
"hsa-mir-4752",-0.333333333333333,0.5,-0.60545964503477,0.556855520380738,0.965484393342877,-4.75524504147866
"hsa-mir-591",-0.333333333333333,0.5,-0.60545964503477,0.556855520380738,0.965484393342877,-4.75524504147866
"hsa-mir-647",0.333333333333333,0.5,0.605459645034771,0.556855520380738,0.965484393342877,-4.75524504147866
"hsa-mir-8052",0.333333333333333,0.5,0.605459645034771,0.556855520380738,0.965484393342877,-4.75524504147866
"hsa-mir-934",0.333333333333333,0.5,0.605459645034771,0.556855520380738,0.965484393342877,-4.75524504147866
"hsa-mir-4755",0.303126438806956,4.55996569838464,0.604882750043679,0.557225542773739,0.965484393342877,-4.75537914252793
"hsa-mir-15b",-0.337428391046881,10.5168947316701,-0.602684593798114,0.558636694948541,0.965484393342877,-4.75588905931527
"hsa-mir-6769b",-0.3416027645275,3.73992109295738,-0.602471244344683,0.558773764182043,0.965484393342877,-4.75593846226909
"hsa-mir-3909",-0.329590054649739,7.56778111670322,-0.602360245639223,0.558845084146701,0.965484393342877,-4.75596415878932
"hsa-mir-203b",0.404785494069753,12.7212069328976,0.600674962998527,0.55992854588797,0.965904127204459,-4.75635378403653
"hsa-mir-1249",-0.304587049687514,6.3108132878401,-0.60021509592676,0.560224393778586,0.965904127204459,-4.75645993165349
"hsa-mir-301b",-0.311537117722323,3.8715035338419,-0.59815328930278,0.561551881625991,0.966722930281611,-4.75693494430387
"hsa-mir-181b-1",-0.294660544564218,12.0480016908366,-0.597361247069344,0.562062295328129,0.966722930281611,-4.75711702938506
"hsa-mir-151a",-0.286601498669537,16.2624279558124,-0.59682923560534,0.562405281205008,0.966722930281611,-4.75723921329898
"hsa-mir-514a-2",0.622901654561179,4.30968649236662,0.590008046173883,0.566813042328152,0.97209177418211,-4.75879710474933
"hsa-mir-127",-0.37928757149392,14.3087111641107,-0.589285059791226,0.567281328953211,0.97209177418211,-4.75896128121276
"hsa-mir-1295b",-0.368971734638836,3.05359597190262,-0.588428267868535,0.567836555831988,0.97209177418211,-4.75915560716855
"hsa-mir-1245a",-0.400313955257809,4.00328728967481,-0.588147021560355,0.568018876363938,0.97209177418211,-4.75921934001651
"hsa-mir-6808",0.288749537037058,3.00602893542558,0.587528176850049,0.568420160353383,0.97209177418211,-4.75935947873199
"hsa-let-7e",-0.342263176440477,13.327484009634,-0.58603814721918,0.569386988166689,0.97209177418211,-4.75969635254594
"hsa-mir-499a",-0.280693887773896,7.79790662824366,-0.585815679967744,0.569531415932577,0.97209177418211,-4.75974658282655
"hsa-mir-3653",-0.380583839631448,8.22648332855018,-0.584241684993294,0.57055383566417,0.972838207556253,-4.76010147856141
"hsa-mir-4660",0.495142275723414,1.88320133639788,0.582443866772109,0.5717228601741,0.972838207556253,-4.7605057845776
"hsa-mir-874",-0.288882622964387,9.26385861869899,-0.582165345802181,0.571904083242706,0.972838207556253,-4.76056831951347
"hsa-mir-4728",0.332441955233893,3.85849284330056,0.581621904839981,0.572257769150737,0.972838207556253,-4.76069025771516
"hsa-mir-548d-1",-0.30229686520284,3.71796167198178,-0.577494492080617,0.574947852283881,0.973073480250931,-4.76161300820467
"hsa-mir-3174",0.292298618436894,3.78775347708704,0.577106841805549,0.575200856452904,0.973073480250931,-4.76169936795027
"hsa-mir-4717",0.305037034137829,2.96958888767969,0.576463550844217,0.575620839369586,0.973073480250931,-4.76184256270636
"hsa-mir-4665",-0.38997500048077,1.52832083357372,-0.576375484039735,0.575678348030156,0.973073480250931,-4.7618621548637
"hsa-mir-3529",0.312822123939997,14.6627472011871,0.576114601287416,0.575848725656267,0.973073480250931,-4.76192017733297
"hsa-mir-570",0.430726917164436,2.75360007328729,0.575674980069334,0.576135895285217,0.973073480250931,-4.76201789882749
"hsa-mir-3158-2",-0.313906762798677,7.09562917840143,-0.575266276215595,0.576402938007463,0.973073480250931,-4.76210868716354
"hsa-mir-6505",-0.308388255692471,3.43076837287492,-0.574147189093072,0.577134477341932,0.973341876469528,-4.76235697877405
"hsa-mir-4798",-0.471679166426281,1.53813644841598,-0.57067185452189,0.579409446778993,0.976210168012178,-4.76312525307121
"hsa-mir-188",-0.285734058860184,5.18858411618953,-0.569387625622173,0.580251318909647,0.976304880949977,-4.76340807899398
"hsa-mir-4442",-0.356796442630467,1.61904091961102,-0.568673457251237,0.580719771721354,0.976304880949977,-4.76356510988016
"hsa-mir-3199-2",-0.371825739139978,3.24255453671743,-0.567415897315071,0.581545147146829,0.976304880949977,-4.76384118587014
"hsa-mir-6833",0.282705930323064,4.46062881877278,0.56708435936714,0.581762849648428,0.976304880949977,-4.76391387684675
"hsa-mir-181b-2",-0.279399150447384,12.1459333825382,-0.563779162329723,0.583935554961694,0.976399438291449,-4.76463644042527
"hsa-mir-3162",0.471679166426281,1.43082708345353,0.563437903559535,0.584160129577089,0.976399438291449,-4.76471082553625
"hsa-mir-4748",-0.389975000480771,0.861654166907052,-0.562396177969171,0.584845948200272,0.976399438291449,-4.76493763962198
"hsa-mir-499b",-0.271098577154263,7.80078074161415,-0.561721051414623,0.585290644174472,0.976399438291449,-4.76508443020827
"hsa-mir-664b",-0.27769249557307,5.11711177851267,-0.556713929075462,0.588594328789186,0.976399438291449,-4.76616809508489
"hsa-mir-3942",0.364369801463827,1.48448176593475,0.555618673142424,0.589318279823703,0.976399438291449,-4.76640395549725
"hsa-mir-7-2",0.299926093533415,14.2738473488223,0.554926651189493,0.589775938810017,0.976399438291449,-4.76655276195028
"hsa-mir-1238",-0.407464140445483,1.06538623712979,-0.554758815217961,0.589886962842967,0.976399438291449,-4.76658882643944
"hsa-mir-514a-1",0.450964815190192,4.48988136061541,0.553141573541046,0.590957334462877,0.976399438291449,-4.76693582769867
"hsa-mir-1294",0.324757724960544,4.95972854226833,0.551976232803219,0.591729244899381,0.976399438291449,-4.76718529362023
"hsa-mir-149",-0.297518940173779,9.2103773220571,-0.551921813368412,0.591765304679489,0.976399438291449,-4.76719693150345
"hsa-mir-548d-2",-0.287498825416689,3.58701485878191,-0.551307285373346,0.592172587111676,0.976399438291449,-4.76732827875484
"hsa-mir-558",-0.351713851397486,3.1264399395041,-0.550546803508166,0.592676803957533,0.976399438291449,-4.76749063649216
"hsa-mir-183",0.310163322611393,12.0449154118204,0.549423311034124,0.593422114709684,0.976399438291449,-4.76773011945177
"hsa-mir-182",0.316735732388551,13.2368249247851,0.548777464278777,0.593850782221492,0.976399438291449,-4.76786758516073
"hsa-mir-517b",-0.672953009083772,2.41911900902308,-0.545734392038915,0.595872725046431,0.976399438291449,-4.76851329835392
"hsa-mir-641",0.279461185930924,6.20843013096406,0.545111361760038,0.59628713210583,0.976399438291449,-4.76864509437652
"hsa-mir-7706",0.291056115517726,8.91518835710053,0.543719459658139,0.597213491607248,0.976399438291449,-4.76893903944252
"hsa-mir-668",-0.469219322971083,3.49615461000471,-0.543669369533754,0.597246842212318,0.976399438291449,-4.76894960475075
"hsa-mir-642b",0.312284902114802,6.38955010132382,0.543491972103404,0.597364963295366,0.976399438291449,-4.76898701530133
"hsa-mir-93",0.268261243763202,12.4863455452714,0.541700025339584,0.598558818198207,0.976399438291449,-4.7693642833062
"hsa-mir-143",-0.301520941973628,20.5354987489365,-0.540200162747496,0.599559022746381,0.976399438291449,-4.76967917870027
"hsa-mir-3137",-0.333333333333334,0.833333333333333,-0.539406615501674,0.600088559040022,0.976399438291449,-4.76984545947504
"hsa-mir-4524a",0.333333333333334,0.833333333333333,0.539406615501674,0.600088559040022,0.976399438291449,-4.76984545947504
"hsa-mir-6719",0.333333333333334,0.833333333333333,0.539406615501674,0.600088559040022,0.976399438291449,-4.76984545947504
"hsa-mir-1322",0.333333333333333,1.16666666666667,0.539406615501673,0.600088559040022,0.976399438291449,-4.76984545947504
"hsa-mir-4322",0.333333333333333,0.833333333333333,0.539406615501673,0.600088559040022,0.976399438291449,-4.76984545947504
"hsa-mir-4729",-0.333333333333333,0.833333333333333,-0.539406615501673,0.600088559040022,0.976399438291449,-4.76984545947504
"hsa-mir-548y",0.333333333333333,0.833333333333333,0.539406615501673,0.600088559040022,0.976399438291449,-4.76984545947504
"hsa-mir-4515",0.333333333333333,1.16666666666667,0.539406615501673,0.600088559040022,0.976399438291449,-4.76984545947504
"hsa-mir-95",-0.270858081912698,11.1379926803305,-0.537882548648642,0.601106247711343,0.976399438291449,-4.7701641847934
"hsa-mir-6850",0.38400103114835,1.24864218272161,0.537566821646788,0.601317183796016,0.976399438291449,-4.77023010866459
"hsa-mir-589",-0.297724077100584,8.75603647832759,-0.537336763493463,0.60147090876426,0.976399438291449,-4.77027812247157
"hsa-mir-346",0.357383261918612,3.99713403772749,0.537268397804738,0.601516594638482,0.976399438291449,-4.77029238695183
"hsa-mir-6858",0.333333333333333,1.36165416690705,0.536662547954519,0.601921536076141,0.976399438291449,-4.77041872448814
"hsa-let-7a-3",-0.274680536942611,16.5021605376214,-0.535199122484218,0.602900245310038,0.976415892575101,-4.77072335152689
"hsa-let-7a-1",-0.274142132404716,16.5021582396179,-0.534118144218298,0.603623704510143,0.976415892575101,-4.77094787729839
"hsa-let-7a-2",-0.273205754314979,16.4819122902445,-0.532316256138435,0.604830628090059,0.976415892575101,-4.77132121255851
"hsa-mir-328",-0.262414957010716,11.4875101399134,-0.529236347145435,0.606896430008834,0.976415892575101,-4.77195665425043
"hsa-mir-6757",0.333333333333333,0.694987500240385,0.527587483627982,0.60800385222332,0.976415892575101,-4.77229544955974
"hsa-mir-6792",0.333333333333333,0.694987500240385,0.527587483627982,0.60800385222332,0.976415892575101,-4.77229544955974
"hsa-mir-4716",-0.333333333333333,0.694987500240385,-0.527587483627982,0.60800385222332,0.976415892575101,-4.77229544955974
"hsa-mir-5703",-0.333333333333333,0.694987500240385,-0.527587483627982,0.60800385222332,0.976415892575101,-4.77229544955974
"hsa-mir-512-1",-0.699845224516972,2.14736175318474,-0.527368318285392,0.608151126855872,0.976415892575101,-4.77234040857525
"hsa-mir-340",-0.263211729705011,12.8440264438635,-0.527213309552498,0.608255300477187,0.976415892575101,-4.77237219627691
"hsa-mir-29c",-0.255320237795447,11.1805165583046,-0.526472214858295,0.608753478149715,0.976415892575101,-4.77252405385187
"hsa-mir-1292",0.264371406837301,6.23632345393167,0.526367290236017,0.608824027135063,0.976415892575101,-4.77254553802704
"hsa-mir-7-3",0.283781632356286,14.2848991949401,0.525165989309959,0.609632050110277,0.976415926229428,-4.77279123289917
"hsa-mir-485",-0.326419047117334,8.13129169710163,-0.524659672827852,0.609972772738619,0.976415926229428,-4.77289463172191
"hsa-mir-196a-1",0.270271869478321,10.7527630426881,0.518117289789295,0.614384060564016,0.978242865148247,-4.77422242209083
"hsa-mir-3654",-0.38997500048077,1.52832083357372,-0.517742584159569,0.614637194310803,0.978242865148247,-4.77429800345535
"hsa-mir-331",-0.263949815574,10.1586786059554,-0.516101513235536,0.615746440621288,0.978242865148247,-4.77462842619797
"hsa-let-7i",-0.316356243008336,19.5309475739219,-0.514631067998881,0.616741205377416,0.978242865148247,-4.77492367017786
"hsa-mir-3197",-0.333333333333333,0.5,-0.513570439879924,0.617459223817019,0.978242865148247,-4.77513614507207
"hsa-mir-371a",-0.333333333333333,0.5,-0.513570439879924,0.617459223817019,0.978242865148247,-4.77513614507207
"hsa-mir-4784",0.333333333333333,0.5,0.513570439879924,0.617459223817019,0.978242865148247,-4.77513614507207
"hsa-mir-513a-1",0.333333333333333,0.5,0.513570439879924,0.617459223817019,0.978242865148247,-4.77513614507207
"hsa-mir-5682",0.333333333333333,0.5,0.513570439879924,0.617459223817019,0.978242865148247,-4.77513614507207
"hsa-mir-7844",-0.333333333333333,0.5,-0.513570439879924,0.617459223817019,0.978242865148247,-4.77513614507207
"hsa-mir-548o",-0.256054631646667,7.10411721085308,-0.512708933098429,0.618042748473695,0.978242865148247,-4.775308431558
"hsa-mir-1-1",0.296868104857536,12.1383493554836,0.512356600571364,0.618281473011091,0.978242865148247,-4.77537881484438
"hsa-mir-676",0.285798534852399,4.05333894443455,0.511894334661599,0.618594752961392,0.978242865148247,-4.77547109090615
"hsa-mir-7641-1",0.317312380395144,10.7727563640443,0.508577802124343,0.620844694047501,0.979610415056346,-4.77613086426435
"hsa-mir-607",-0.278833755905707,2.79851018578616,-0.508217522068307,0.621089352363053,0.979610415056346,-4.77620229718072
"hsa-mir-5683",-0.333333333333333,1.02832083357372,-0.507223684497467,0.621764492850469,0.979610415056346,-4.77639910261597
"hsa-mir-6884",0.333333333333333,1.02832083357372,0.507223684497466,0.621764492850469,0.979610415056346,-4.77639910261597
"hsa-mir-376b",0.376427672314988,2.57818883663827,0.504810942466915,0.623405039774035,0.980637794617158,-4.77687540113394
"hsa-mir-4773-2",0.434668728963367,2.33061769877656,0.504568115581431,0.623570268224205,0.980637794617158,-4.77692322080888
"hsa-mir-3190",0.300154775483028,2.98069508651807,0.502728762754386,0.624822531803813,0.981698987122442,-4.77728474935011
"hsa-mir-7-1",0.269509280472214,14.339642487429,0.500969987430262,0.626021090552508,0.982356177589967,-4.7776292936304
"hsa-mir-4741",-0.366511891183638,2.98069508651807,-0.49971322517842,0.626878230111898,0.982356177589967,-4.7778748063474
"hsa-mir-193a",-0.304006240698635,10.1811948915226,-0.499137239766038,0.627271256575166,0.982356177589967,-4.77798713552479
"hsa-mir-7111",-0.356796442630466,1.61904091961102,-0.498725562251076,0.627552240507473,0.982356177589967,-4.77806734744738
"hsa-mir-105-2",0.245655198055402,2.09179113089721,0.49676967525571,0.628888039002316,0.983541551337569,-4.77844759498668
"hsa-mir-548h-5",-0.333333333333333,1.36165416690705,-0.494211665057973,0.630637152564571,0.983947236111799,-4.77894280461935
"hsa-mir-6134",-0.333333333333333,1.36165416690705,-0.494211665057973,0.630637152564571,0.983947236111799,-4.77894280461935
"hsa-mir-548ag-1",0.258344544999909,3.7014454262766,0.493444565801781,0.631162138829269,0.983947236111799,-4.77909084493288
"hsa-mir-10a",0.257764347636982,18.3688661796654,0.493005664714919,0.631462608587043,0.983947236111799,-4.7791754509191
"hsa-mir-3918",0.291489705972048,2.44804171818886,0.490622474821885,0.633095338461397,0.98549111731851,-4.77963362899454
"hsa-mir-4419a",-0.261740254257811,7.42333412262136,-0.489854420798961,0.633621968533147,0.98549111731851,-4.77978084978693
"hsa-mir-6777",-0.295157203991204,3.1991846383463,-0.48902265930821,0.634192519027323,0.98549111731851,-4.77994003958085
"hsa-mir-548a-3",-0.277783376863517,3.29949149898701,-0.488013446282888,0.63488512543095,0.985666404778644,-4.78013285293871
"hsa-mir-6724-3",-0.262751607621021,3.42609931017999,-0.482604131768172,0.63860363657141,0.989141251045448,-4.7811599843891
"hsa-mir-651",-0.244768204234381,7.88112253478914,-0.482356274506077,0.638774269506446,0.989141251045448,-4.78120679192558
"hsa-mir-4430",-0.243348726742139,4.74743574121213,-0.482218861228685,0.638868878616413,0.989141251045448,-4.78123273257528
"hsa-mir-6748",0.302296865202839,1.81781509926809,0.479167807222216,0.640971250948496,0.990381312662338,-4.78180692636597
"hsa-mir-520c",0.477653135758702,1.67946926617514,0.47778293374981,0.641926601567642,0.990381312662338,-4.78206642873738
"hsa-mir-379",-0.319751650201503,11.7644211912346,-0.474675974522587,0.644072380488318,0.990381312662338,-4.78264606484811
"hsa-mir-5695",0.245655198055403,2.95344529780426,0.473200211257403,0.645092781296069,0.990381312662338,-4.78292014412529
"hsa-mir-7155",0.238735677999802,3.85259195394536,0.47304739596816,0.645198487307221,0.990381312662338,-4.78294847937531
"hsa-mir-1303",0.255721724960361,9.60079748279509,0.473011474139912,0.645223336484002,0.990381312662338,-4.78295513881275
"hsa-mir-1258",0.333333333333334,0.833333333333333,0.471383551114513,0.646349936316319,0.990381312662338,-4.78325643728349
"hsa-mir-4715",-0.333333333333334,0.833333333333333,-0.471383551114513,0.646349936316319,0.990381312662338,-4.78325643728349
"hsa-mir-5685",0.333333333333333,0.833333333333333,0.471383551114513,0.646349936316319,0.990381312662338,-4.78325643728349
"hsa-mir-1183",-0.333333333333334,1.02832083357372,-0.470934679189189,0.646660739444232,0.990381312662338,-4.78333934401925
"hsa-mir-1914",0.333333333333333,1.02832083357372,0.470934679189188,0.646660739444232,0.990381312662338,-4.78333934401925
"hsa-mir-3192",-0.333333333333333,1.55664166714744,-0.470934679189188,0.646660739444232,0.990381312662338,-4.78333934401925
"hsa-mir-196a-2",0.242794745802769,11.0306475952587,0.466890860827164,0.64946387408724,0.993237798340407,-4.78408289953101
"hsa-mir-548z",-0.291489705972047,2.44804171818886,-0.466146583878219,0.649980417030472,0.993237798340407,-4.78421909781571
"hsa-mir-4636",0.243036353657454,4.22524506351318,0.465717021248542,0.650278629148749,0.993237798340407,-4.7842976124453
"hsa-mir-6506",0.333333333333334,1.69498750024039,0.463434334380882,0.65186439020779,0.993475872797869,-4.78471369765622
"hsa-mir-197",-0.23571922241392,11.4204730388335,-0.46237901107245,0.652598119877567,0.993475872797869,-4.7849054117137
"hsa-mir-3198-1",0.276691666185896,1.19498750024039,0.459457980265489,0.654631004412712,0.993475872797869,-4.78543391589296
"hsa-mir-762",0.302296865202839,1.48448176593475,0.459012142325392,0.654941541267011,0.993475872797869,-4.78551430475541
"hsa-mir-296",0.228847848761683,7.93469469851088,0.458529435966011,0.655277834439587,0.993475872797869,-4.78560125862029
"hsa-mir-656",-0.352291507138972,5.67605286679049,-0.45808454451383,0.655587853074435,0.993475872797869,-4.78568132439189
"hsa-mir-7848",0.371825739139978,1.71423370314371,0.457840965862105,0.65575761729404,0.993475872797869,-4.78572512954389
"hsa-mir-3183",-0.251629167387823,1.79248125036058,-0.457053919101079,0.656306294534705,0.993475872797869,-4.78586652213144
"hsa-mir-532",0.229541647949004,14.3896230014827,0.45643569422235,0.656737428239092,0.993475872797869,-4.78597742547263
"hsa-mir-488",-0.425844658509636,2.22772036904097,-0.455559439319475,0.657348728046693,0.993475872797869,-4.78613437484886
"hsa-mir-372",-0.385984119925411,2.4992798057209,-0.455526589526798,0.657371650052531,0.993475872797869,-4.78614025318218
"hsa-mir-4529",-0.296322895870419,2.59477811556342,-0.455418223200247,0.657447268763296,0.993475872797869,-4.78615964205561
"hsa-mir-3173",0.269436256684422,5.55029832783993,0.450958242425588,0.660562924348167,0.995800979087667,-4.78695385239587
"hsa-mir-4662b",0.282665635518317,3.21760571459112,0.450757216686966,0.660703515374202,0.995800979087667,-4.78698947662162
"hsa-mir-320b-2",0.232794893628343,9.28203105368105,0.450662990948502,0.660769418557102,0.995800979087667,-4.78700616942611
"hsa-mir-4677",-0.225830203352359,6.51170243178506,-0.448268169327424,0.662445403391125,0.995800979087667,-4.78742932604093
"hsa-mir-4632",-0.269118307352535,1.80122582034293,-0.44817215686401,0.662512636664805,0.995800979087667,-4.7874462467915
"hsa-mir-5008",-0.282665635518316,1.24864218272161,-0.448004051189857,0.662630361071193,0.995800979087667,-4.78747586465415
"hsa-mir-6840",-0.282665635518317,2.24864218272161,-0.446663447574577,0.66356952495834,0.995800979087667,-4.78771168520573
"hsa-mir-6786",0.364369801463827,2.48448176593475,0.44635118787132,0.663788365887861,0.995800979087667,-4.78776651792103
"hsa-mir-365b",-0.274791028152896,8.19923753999892,-0.445681476593281,0.664257829579656,0.995800979087667,-4.7878839970325
"hsa-mir-4472-1",-0.245655198055402,1.31781509926809,-0.443625518996345,0.665699979730704,0.995823735410343,-4.78824360808658
"hsa-mir-548ay",-0.23996717251905,4.25821199819526,-0.442811896999192,0.666271083508012,0.995823735410343,-4.78838548660564
"hsa-mir-329-1",-0.298141747413736,6.3026841447169,-0.44265487039549,0.666381330183658,0.995823735410343,-4.78841284042351
"hsa-mir-6758",-0.245655198055402,1.65114843260142,-0.440996106734589,0.667546430568984,0.995823735410343,-4.78870123512372
"hsa-mir-6132",-0.333333333333333,1.36165416690705,-0.44032177683747,0.668020334716922,0.995823735410343,-4.78881818253456
"hsa-mir-4444-2",0.265286427739924,2.1892848810174,0.439885495149602,0.668327024103864,0.995823735410343,-4.78889375572581
"hsa-mir-6513",0.235786377360293,4.58199899627307,0.439819445385853,0.668373460060707,0.995823735410343,-4.78890519076818
"hsa-mir-30d",-0.212802790283195,17.322165683687,-0.437084464491305,0.670297540441433,0.996419777446462,-4.78937726647092
"hsa-mir-323a",0.327487887341669,7.91944217723463,0.436848066355074,0.67046396422448,0.996419777446462,-4.78941793961569
"hsa-mir-124-2",0.245655198055402,1.8461359328418,0.436751577737339,0.670531897293384,0.996419777446462,-4.78943453484726
"hsa-mir-518e",-0.498254897249859,2.17624735313315,-0.434053689617236,0.672432591614647,0.998371533401659,-4.78989714477044
"hsa-mir-4420",0.324821635964288,2.77337415603706,0.432611595097868,0.673449543136809,0.999008920883574,-4.79014330975418
"hsa-mir-6885",-0.22602396837088,2.61029634962866,-0.431585800466331,0.674173337642795,0.999210700952704,-4.79031794042728
"hsa-mir-412",-0.30812330693338,6.50913637048813,-0.429058646616042,0.675957945332165,0.999691596896009,-4.79074648619128
"hsa-mir-7114",0.231997937703301,2.66395103210989,0.427903103530633,0.676774650127167,0.999691596896009,-4.79094164454625
"hsa-mir-195",-0.230511577991978,11.8040022665501,-0.424773312591943,0.678988867426812,0.999691596896009,-4.79146772508843
"hsa-mir-7976",-0.223431518173641,5.44321110289102,-0.424418125504344,0.679240349596594,0.999691596896009,-4.79152719636307
"hsa-mir-6862-1",0.333333333333333,1.16666666666667,0.423945947037711,0.679574727757369,0.999691596896009,-4.79160618318205
"hsa-mir-3689b",0.302296865202839,1.15114843260142,0.423782715712483,0.679690338430117,0.999691596896009,-4.7916334693918
"hsa-mir-6729",-0.269118307352534,2.24186851863872,-0.4233326226157,0.680009167007128,0.999691596896009,-4.79170865657273
"hsa-mir-191",0.212981761899478,15.9454755493732,0.422113846680913,0.680872827520559,0.999691596896009,-4.7919118700621
"hsa-mir-16-2",-0.221052164578483,12.6667759984341,-0.420746157682978,0.681842579323968,0.999691596896009,-4.79213925036802
"hsa-mir-548az",0.213645379658164,5.51416940911735,0.42059790908738,0.681947730082562,0.999691596896009,-4.7921638548242
"hsa-mir-1185-1",-0.353890703596762,5.30941443325684,-0.418747090262766,0.683261082198093,0.999691596896009,-4.79247033744679
"hsa-mir-4668",-0.379167841249979,2.29689328558744,-0.417955192936947,0.683823350941453,0.999691596896009,-4.79260107784333
"hsa-mir-3195",0.302511969966577,8.70254644487889,0.416705284659155,0.684711225884623,0.999691596896009,-4.79280695621085
"hsa-mir-3681",0.245655198055402,2.69424277158308,0.416463401484979,0.684883105409807,0.999691596896009,-4.79284673026107
"hsa-mir-1289-1",0.212476640205097,2.99349768602654,0.415976442054565,0.685229189728343,0.999691596896009,-4.79292673682698
"hsa-mir-4676",0.314511016113658,3.47435041304582,0.413598778607489,0.686920084445266,0.999691596896009,-4.79331610432049
"hsa-mir-190b",0.218450609537519,4.8103212409061,0.408514338185826,0.690541902108559,0.999691596896009,-4.79414160724196
"hsa-mir-320b-1",0.2153072668362,9.3414122403622,0.40841550768242,0.690612382699106,0.999691596896009,-4.79415755690336
"hsa-mir-134",-0.299370684283964,9.99564208732717,-0.407743537253433,0.691091676697064,0.999691596896009,-4.7942659047106
"hsa-mir-6843",0.341998402844315,2.76478577259704,0.407590387203351,0.691200933220986,0.999691596896009,-4.79429057468268
"hsa-mir-3160-2",-0.302296865202839,1.48448176593475,-0.406916352895923,0.691681873056581,0.999691596896009,-4.79439904565676
"hsa-mir-665",0.352286396337098,4.90944398084585,0.401431982193018,0.695600349470763,0.999691596896009,-4.79527527221781
"hsa-mir-320d-1",-0.223522332292903,6.36888993223315,-0.399904512266465,0.696693351892076,0.999691596896009,-4.79551729361642
"hsa-mir-1244-4",-0.194987500240385,1.09749375012019,-0.399852262144964,0.696730752889044,0.999691596896009,-4.79552555686078
"hsa-mir-6800",-0.194987500240385,1.48746875060096,-0.399852262144964,0.696730752889044,0.999691596896009,-4.79552555686078
"hsa-mir-944",-0.306128744815449,3.30346807635183,-0.398328175831158,0.697822073070056,0.999691596896009,-4.79576613433702
"hsa-mir-449a",0.412022452744508,2.70329559181548,0.396681472396403,0.699001992662745,0.999691596896009,-4.79602508099696
"hsa-mir-5696",-0.229094931675468,5.11185425733899,-0.395914748636768,0.699551659196961,0.999691596896009,-4.79614529991006
"hsa-mir-4422",0.342157403787064,2.75604120261469,0.395644507029779,0.699745438927456,0.999691596896009,-4.79618761964775
"hsa-mir-4742",0.222672746816238,4.21107237953721,0.392785461807725,0.70179690925589,0.999691596896009,-4.79663365358691
"hsa-mir-7641-2",0.233473680916376,10.1351724050924,0.391642553866375,0.702617681264351,0.999691596896009,-4.79681109119931
"hsa-mir-495",-0.246139036487753,9.5832715406351,-0.39060931618364,0.703360033991829,0.999691596896009,-4.79697107683489
"hsa-mir-579",0.192009791983716,4.84491842882291,0.389612098311752,0.704076812730714,0.999691596896009,-4.7971251018295
"hsa-mir-4690",0.202538734054905,3.90386898376811,0.389428680894789,0.704208681817514,0.999691596896009,-4.79715339050257
"hsa-mir-548aj-2",-0.238199260379251,3.07588787005076,-0.388310414152607,0.705012885370054,0.999691596896009,-4.79732558628963
"hsa-mir-17",0.185056059174178,12.0152718290676,0.387638667902498,0.705496153361963,0.999691596896009,-4.79742879699588
"hsa-mir-3605",-0.21475977475509,7.3657687445322,-0.386419734372165,0.706373424223129,0.999691596896009,-4.79761564368684
"hsa-mir-6761",-0.213532399897992,4.29394174132782,-0.385580694195395,0.706977542573642,0.999691596896009,-4.79774393027665
"hsa-mir-500a",0.195941413671525,10.4701012391212,0.385382134729243,0.70712053836676,0.999691596896009,-4.79777425031958
"hsa-mir-3622b",-0.282665635518318,3.45354546409335,-0.384068709284715,0.708066718710168,0.999691596896009,-4.79797443375663
"hsa-mir-3127",0.184433187368952,5.50902591516656,0.383686815517113,0.708341928015861,0.999691596896009,-4.79803251658542
"hsa-mir-320d-2",-0.206158619098415,6.35847031113493,-0.382810223783584,0.708973802101504,0.999691596896009,-4.79816562944074
"hsa-mir-24-2",-0.200655342953045,14.6297142292311,-0.381238363525606,0.710107417433386,0.999691596896009,-4.79840359006584
"hsa-mir-1260a",-0.199749649366582,10.5352960640893,-0.38113800232384,0.710179822106362,0.999691596896009,-4.79841875166674
"hsa-mir-4286",-0.239971007427019,7.23113775505227,-0.381073366651489,0.710226454498176,0.999691596896009,-4.7984285141741
"hsa-mir-1343",-0.220790770360911,4.96752776496852,-0.379670872922496,0.71123860871626,0.999691596896009,-4.79863995452895
"hsa-let-7b",-0.191725395181674,16.9446432580971,-0.379469724956187,0.711383821102004,0.999691596896009,-4.79867021836289
"hsa-mir-24-1",-0.198942195714499,14.5208164686138,-0.379447175034883,0.71140010104432,0.999691596896009,-4.79867361016573
"hsa-mir-329-2",-0.265956839332769,6.24538257381859,-0.378821320606415,0.711851997109917,0.999691596896009,-4.79876766972254
"hsa-mir-125a",-0.204121586954598,15.6979017079057,-0.377895529508748,0.712520672596323,0.999691596896009,-4.79890653364167
"hsa-mir-206",-0.37131335065975,5.29037612861429,-0.375965546621523,0.713915458575607,0.999691596896009,-4.7991949730613
"hsa-mir-6749",0.230625901545888,3.23007825341155,0.375416406676037,0.714312517541602,0.999691596896009,-4.79927678402877
"hsa-mir-5187",-0.228166058090691,2.38320133639788,-0.374652780333254,0.714864808479125,0.999691596896009,-4.7993903584442
"hsa-mir-4429",0.200917271388229,5.17020026242932,0.373649169600627,0.715590925928172,0.999691596896009,-4.79953928820836
"hsa-mir-378j",0.214618729924908,1.77397603162912,0.372171656566854,0.716660446849188,0.999691596896009,-4.79975784414645
"hsa-mir-410",-0.294504752506383,5.5969378988658,-0.371841884613217,0.716899243870921,0.999691596896009,-4.79980651098321
"hsa-mir-3155b",0.270863856807917,2.8365278645413,0.371083850642317,0.71744827666339,0.999691596896009,-4.79991822243763
"hsa-mir-3064",-0.222787260055728,5.24879561394278,-0.369250024277599,0.71877717648802,0.999691596896009,-4.80018756751169
"hsa-mir-7854",-0.240159157125879,3.90885364997821,-0.363659628957749,0.722834268110642,0.999691596896009,-4.80100074503174
"hsa-mir-371b",0.245655198055402,0.984481765934753,0.361994095672312,0.724044710812683,0.999691596896009,-4.80124070552188
"hsa-mir-4493",-0.245655198055402,0.984481765934753,-0.361994095672312,0.724044710812683,0.999691596896009,-4.80124070552188
"hsa-mir-6516",0.182680989045633,5.15579761112998,0.360773684847378,0.724932155282591,0.999691596896009,-4.80141586219889
"hsa-mir-1-2",0.208963465307905,12.3371557171231,0.357445471037778,0.727354462099769,0.999691596896009,-4.80189064131924
"hsa-mir-508",-0.433482789158971,3.30017420054826,-0.356766395466296,0.727849082055472,0.999691596896009,-4.80198699267034
"hsa-mir-484",0.190943699222244,12.1990476802999,0.356708016701168,0.727891609566413,0.999691596896009,-4.80199526756152
"hsa-mir-887",0.199138821409083,5.42074551427845,0.356666724680407,0.727921690375181,0.999691596896009,-4.80200111970623
"hsa-mir-193b",0.20544650213788,9.51632685065597,0.35538447085338,0.728856036100596,0.999691596896009,-4.80218252320839
"hsa-mir-520b",-0.269118307352535,0.801225820342934,-0.355167112528828,0.72901446506457,0.999691596896009,-4.80221321098783
"hsa-mir-3144",0.269118307352535,1.13455915367627,0.352843130498141,0.730709199619554,0.999691596896009,-4.80254019140903
"hsa-mir-28",-0.171630691026889,14.8971822334903,-0.351917865749706,0.731384354372372,0.999691596896009,-4.80266979846222
"hsa-mir-3143",0.300154775483028,2.11904091961102,0.351837534951373,0.731442981984546,0.999691596896009,-4.8026810353639
"hsa-mir-1827",-0.186209450969232,5.26611202402527,-0.350984338490206,0.732065778129825,0.999691596896009,-4.80280023020052
"hsa-mir-23a",-0.202948367071752,15.3571574941639,-0.350579403253111,0.732361433479691,0.999691596896009,-4.80285670351393
"hsa-mir-6829",0.259202526221184,1.06538623712979,0.350071229244733,0.732732530503031,0.999691596896009,-4.80292748577051
"hsa-mir-1248",-0.229771109212852,9.03914773481043,-0.349937699668833,0.732830053051713,0.999691596896009,-4.80294606832619
"hsa-mir-6804",0.22602396837088,1.41530884938828,0.348555489840056,0.733839829994707,0.999691596896009,-4.80313802067214
"hsa-mir-6734",-0.220710120414538,3.05359597190262,-0.346715711854018,0.735184697288747,0.999691596896009,-4.80339237938867
"hsa-let-7g",-0.174762725153958,18.8172946214309,-0.34359628878218,0.737467088049309,0.999691596896009,-4.80382068450292
"hsa-mir-99b",-0.187093236998354,15.0535436058368,-0.342318593366303,0.738402702898459,0.999691596896009,-4.80399503581147
"hsa-mir-4683",-0.173786455926836,4.42116489983243,-0.341935266407646,0.738683486844427,0.999691596896009,-4.80404722128566
"hsa-mir-6770-3",0.194987500240385,1.62581458369391,0.339400375964585,0.74054127034605,0.999691596896009,-4.80439089404642
"hsa-mir-4638",-0.170633012843811,3.33694567380973,-0.338300766550921,0.741347694258419,0.999691596896009,-4.80453920672323
"hsa-mir-4460",-0.245655198055402,0.65114843260142,-0.335655149936525,0.743289241367057,0.999691596896009,-4.80489413332459
"hsa-mir-4701",0.245655198055402,0.65114843260142,0.335655149936525,0.743289241367057,0.999691596896009,-4.80489413332459
"hsa-mir-891a",0.245655198055402,0.65114843260142,0.335655149936525,0.743289241367057,0.999691596896009,-4.80489413332459
"hsa-mir-4642",-0.245655198055402,0.65114843260142,-0.335655149936524,0.743289241367057,0.999691596896009,-4.80489413332459
"hsa-mir-4792",-0.31726459491925,8.89201602325301,-0.335216355413253,0.743611441000837,0.999691596896009,-4.80495273975045
"hsa-mir-2355",0.235338501230165,5.50615479378123,0.334908245892242,0.743837711311436,0.999691596896009,-4.80499384723805
"hsa-mir-3689e",0.194987500240386,0.764160416786859,0.334587921065954,0.744072979016471,0.999691596896009,-4.80503654567986
"hsa-mir-4712",0.194987500240386,0.764160416786859,0.334587921065954,0.744072979016471,0.999691596896009,-4.80503654567986
"hsa-mir-4737",-0.194987500240385,0.764160416786859,-0.334587921065953,0.744072979016472,0.999691596896009,-4.80503654567986
"hsa-mir-548bb",-0.194987500240385,0.764160416786859,-0.334587921065953,0.744072979016472,0.999691596896009,-4.80503654567986
"hsa-mir-5692a-1",0.194987500240385,0.764160416786859,0.334587921065953,0.744072979016472,0.999691596896009,-4.80503654567986
"hsa-mir-1254-2",-0.180630882635783,5.83646279472341,-0.334581664619795,0.744077574434383,0.999691596896009,-4.80503737925361
"hsa-mir-323b",-0.350500331044104,5.57981443723915,-0.33458132788568,0.744077821769018,0.999691596896009,-4.80503742411775
"hsa-mir-6820",-0.230625901545889,2.73876785730075,-0.334093317322352,0.74443630204701,0.999691596896009,-4.80510239735236
"hsa-mir-3619",-0.245655198055402,1.31781509926809,-0.333380257003246,0.74496021148468,0.999691596896009,-4.80519716840046
"hsa-mir-520g",-0.356796442630466,1.95237425294435,-0.333322374033907,0.745002745947878,0.999691596896009,-4.80520485287714
"hsa-mir-92b",0.190975851966822,11.748155657193,0.3323459895411,0.745720361194458,0.999691596896009,-4.80533428185238
"hsa-mir-3180-3",0.194987500240385,1.53813644841598,0.331965827792379,0.745999837377416,0.999691596896009,-4.80538457642959
"hsa-mir-3194",-0.199589433415396,3.81975182896716,-0.33028840846488,0.747233446964642,0.999691596896009,-4.80560582961157
"hsa-mir-4773-1",0.341845030702379,2.10670748937039,0.329520699009281,0.747798282783374,0.999691596896009,-4.80570672901504
"hsa-mir-503",0.299034103181385,8.04175183126856,0.328348985485739,0.748660658179269,0.999691596896009,-4.80586028771265
"hsa-mir-765",0.194987500240385,1.09749375012019,0.326814655101312,0.749790458724445,0.999691596896009,-4.80606056743454
"hsa-mir-1289-2",-0.194987500240385,1.09749375012019,-0.326814655101311,0.749790458724445,0.999691596896009,-4.80606056743454
"hsa-mir-758",-0.239625224622724,6.19307046260899,-0.325037101732512,0.751100119884144,0.999691596896009,-4.80629145846351
"hsa-mir-4313",0.194987500240386,0.430827083453526,0.323784826165577,0.752023258600186,0.999691596896009,-4.80645338658329
"hsa-mir-4441",0.194987500240386,0.430827083453526,0.323784826165577,0.752023258600186,0.999691596896009,-4.80645338658329
"hsa-mir-4457",0.194987500240386,0.430827083453526,0.323784826165577,0.752023258600186,0.999691596896009,-4.80645338658329
"hsa-mir-5192",0.194987500240386,0.430827083453526,0.323784826165577,0.752023258600186,0.999691596896009,-4.80645338658329
"hsa-mir-6088",0.194987500240386,0.430827083453526,0.323784826165577,0.752023258600186,0.999691596896009,-4.80645338658329
"hsa-mir-711",0.194987500240386,0.430827083453526,0.323784826165577,0.752023258600186,0.999691596896009,-4.80645338658329
"hsa-mir-1281",-0.194987500240385,0.430827083453526,-0.323784826165577,0.752023258600187,0.999691596896009,-4.80645338658329
"hsa-mir-1302-6",-0.194987500240385,0.430827083453526,-0.323784826165577,0.752023258600187,0.999691596896009,-4.80645338658329
"hsa-mir-3945",-0.194987500240385,0.430827083453526,-0.323784826165577,0.752023258600187,0.999691596896009,-4.80645338658329
"hsa-mir-4279",0.194987500240385,0.430827083453526,0.323784826165577,0.752023258600187,0.999691596896009,-4.80645338658329
"hsa-mir-4650-2",0.194987500240385,0.430827083453526,0.323784826165577,0.752023258600187,0.999691596896009,-4.80645338658329
"hsa-mir-4779",0.194987500240385,0.430827083453526,0.323784826165577,0.752023258600187,0.999691596896009,-4.80645338658329
"hsa-mir-554",0.194987500240385,0.430827083453526,0.323784826165577,0.752023258600187,0.999691596896009,-4.80645338658329
"hsa-mir-557",0.194987500240385,0.430827083453526,0.323784826165577,0.752023258600187,0.999691596896009,-4.80645338658329
"hsa-mir-595",-0.194987500240385,0.430827083453526,-0.323784826165577,0.752023258600187,0.999691596896009,-4.80645338658329
"hsa-mir-644a",0.194987500240385,0.430827083453526,0.323784826165577,0.752023258600187,0.999691596896009,-4.80645338658329
"hsa-mir-922",-0.194987500240385,0.430827083453526,-0.323784826165577,0.752023258600187,0.999691596896009,-4.80645338658329
"hsa-mir-3943",-0.194987500240385,0.430827083453526,-0.323784826165577,0.752023258600187,0.999691596896009,-4.80645338658329
"hsa-mir-4277",-0.194987500240385,0.430827083453526,-0.323784826165577,0.752023258600187,0.999691596896009,-4.80645338658329
"hsa-mir-4769",-0.194987500240385,0.430827083453526,-0.323784826165577,0.752023258600187,0.999691596896009,-4.80645338658329
"hsa-mir-5088",-0.194987500240385,0.430827083453526,-0.323784826165577,0.752023258600187,0.999691596896009,-4.80645338658329
"hsa-mir-5579",-0.194987500240385,0.430827083453526,-0.323784826165577,0.752023258600187,0.999691596896009,-4.80645338658329
"hsa-mir-6844",-0.194987500240385,0.430827083453526,-0.323784826165577,0.752023258600187,0.999691596896009,-4.80645338658329
"hsa-mir-25",-0.17354095494006,15.1049084165159,-0.323438022700421,0.752278982819331,0.999691596896009,-4.80649812353125
"hsa-mir-431",0.313988279860969,6.78742455727754,0.322334654707649,0.753092784517302,0.999691596896009,-4.80664014639362
"hsa-mir-6793",-0.15500854503684,4.00325604424906,-0.320231314828555,0.754644991169682,0.999691596896009,-4.8069095786358
"hsa-mir-490",-0.264516374177524,3.4345550522916,-0.320120082407339,0.754727109089051,0.999691596896009,-4.80692377955238
"hsa-mir-597",-0.165833219823606,4.73139788870444,-0.320092509467917,0.754747465444391,0.999691596896009,-4.80692729901751
"hsa-mir-500b",0.172896427100663,6.23984817857019,0.320028464406675,0.754794748928662,0.999691596896009,-4.80693547272166
"hsa-mir-3922",-0.203811570694115,4.56815368265979,-0.314061980588667,0.759204273400965,0.999691596896009,-4.80768997371537
"hsa-mir-27b",-0.15760394200872,17.2475657403769,-0.312557649897478,0.760317462469994,0.999691596896009,-4.8078780285168
"hsa-mir-3196",0.171524390943253,3.32384403469367,0.311658799467896,0.760982872271282,0.999691596896009,-4.80798997398729
"hsa-let-7f-2",-0.161171352604409,17.5284578461065,-0.311156305850738,0.761354950890877,0.999691596896009,-4.80805241943176
"hsa-mir-375",0.205065900501122,16.3145745031274,0.31041184030167,0.761906316517612,0.999691596896009,-4.8081447549007
"hsa-mir-6511a-3",0.154235583556719,2.85109382340748,0.309955396397185,0.762244435766437,0.999691596896009,-4.80820126091469
"hsa-mir-3178",0.202560859073746,2.23205290379646,0.309791222849008,0.762366062983837,0.999691596896009,-4.80822156520116
"hsa-mir-1203",0.194987500240386,0.959147917027245,0.308618893772207,0.763234771486027,0.999691596896009,-4.80836624977288
"hsa-mir-6767",0.194987500240386,0.959147917027245,0.308618893772207,0.763234771486027,0.999691596896009,-4.80836624977288
"hsa-mir-6883",0.194987500240386,0.959147917027245,0.308618893772207,0.763234771486027,0.999691596896009,-4.80836624977288
"hsa-mir-5195",-0.194987500240385,0.959147917027245,-0.308618893772207,0.763234771486028,0.999691596896009,-4.80836624977288
"hsa-mir-5047",-0.194987500240385,0.959147917027245,-0.308618893772206,0.763234771486028,0.999691596896009,-4.80836624977288
"hsa-mir-548ac",-0.175356270555863,1.96896353186951,-0.308555259342459,0.763281935005874,0.999691596896009,-4.80837408803465
"hsa-mir-222",0.169657178111589,14.3858941467399,0.307177769221295,0.764303125209759,0.999691596896009,-4.80854337691376
"hsa-mir-1537",0.22602396837088,1.22032134914789,0.306964171774093,0.764461515633701,0.999691596896009,-4.80856956132245
"hsa-mir-324",-0.155743996681956,8.90188617124016,-0.306540318936226,0.764775851415782,0.999691596896009,-4.80862146796863
"hsa-mir-548h-2",0.212476640205097,1.49621332058332,0.305214431622759,0.765759434312529,0.999691596896009,-4.80878339055103
"hsa-mir-4657",-0.259202526221184,1.59370707070351,-0.305126076740026,0.765824993904413,0.999691596896009,-4.80879415651994
"hsa-mir-6125",0.153143872879099,2.8740110773658,0.303968713011476,0.766683937353675,0.999691596896009,-4.80893490014635
"hsa-mir-654",-0.209884353227299,10.1870122477894,-0.303788265548185,0.766817886802843,0.999691596896009,-4.80895679691694
"hsa-mir-4470",-0.175749000954956,3.4193256460971,-0.303774460302921,0.766828135015216,0.999691596896009,-4.8089584716217
"hsa-mir-629",0.158642018227338,11.6222186555373,0.303604614833286,0.766954222225521,0.999691596896009,-4.80897906939485
"hsa-mir-598",-0.149909138291983,8.58789008502479,-0.302990316327242,0.767410314087819,0.999691596896009,-4.80905347394913
"hsa-mir-6731",0.269118307352533,2.66287998724999,0.300689103689249,0.76911968528809,0.999809171475137,-4.80933089488486
"hsa-mir-3928",-0.156467176617299,5.64814360048986,-0.300182181169216,0.769496406098816,0.999809171475137,-4.80939172965317
"hsa-mir-769",-0.145863885353732,10.6009037072439,-0.30007178279503,0.769578457156048,0.999809171475137,-4.80940496508391
"hsa-mir-4640",0.189013530907963,2.54112343308219,0.29843699306377,0.770793820179465,0.999809171475137,-4.80960040141655
"hsa-mir-6515",0.156416158999169,5.48379003223135,0.297311446440697,0.771630965635275,0.999809171475137,-4.80973435384998
"hsa-mir-1226",0.160193735352346,5.26850390357425,0.296068718385352,0.772555618394891,0.999809171475137,-4.80988167909014
"hsa-mir-33a",-0.142191213358109,8.06936533320972,-0.295870290973022,0.772703292529844,0.999809171475137,-4.80990514693833
"hsa-mir-18b",-0.175466202742183,3.50331330086881,-0.2958446551663,0.772722371956017,0.999809171475137,-4.80990817774543
"hsa-mir-4436b-2",-0.194987500240385,1.29248125036058,-0.294434062291311,0.773772445039901,0.999809171475137,-4.81007455117592
"hsa-mir-4705",0.194987500240385,1.29248125036058,0.29443406229131,0.773772445039901,0.999809171475137,-4.81007455117592
"hsa-mir-548o-2",-0.147265920302392,7.13888518340931,-0.294168854899695,0.773969923330165,0.999809171475137,-4.81010574466644
"hsa-mir-6747",0.152462666139329,5.60872155006103,0.29155493051486,0.775917187776866,1,-4.8104117255865
"hsa-mir-493",-0.26300527299653,10.8920114903007,-0.291323773001414,0.776089467854451,1,-4.81043865621743
"hsa-mir-3155a",0.192681028927121,3.66546022515719,0.289157248481315,0.777704771567322,1,-4.81069005045184
"hsa-mir-511",0.164248054632671,10.6251695074151,0.288343276131789,0.778311931032829,1,-4.81078402700454
"hsa-mir-4666a",-0.194987500240385,0.764160416786859,-0.288187742019868,0.778427964807312,1,-4.81080195464921
"hsa-mir-1244-3",-0.194987500240385,0.764160416786859,-0.288187742019868,0.778427964807312,1,-4.81080195464921
"hsa-mir-4659b",0.154035250978542,3.47690840710139,0.285440423029011,0.780478482872789,1,-4.81111706765483
"hsa-mir-519a-1",-0.297694932027831,1.75129910669978,-0.285123549289556,0.780715100229499,1,-4.81115322296356
"hsa-mir-4424",0.267886812833287,4.19927250575948,0.284739404967404,0.781001981156542,1,-4.81119700125136
"hsa-mir-326",-0.150608371959148,9.17121911380247,-0.284534264752325,0.78115519480462,1,-4.81122035605858
"hsa-mir-6816",-0.194987500240386,1.09749375012019,-0.283175906070181,0.782169959590669,1,-4.81137458759168
"hsa-mir-513c",-0.251629167387823,1.45914791702724,-0.28187829961114,0.783139733448992,1,-4.8115212477006
"hsa-mir-548ax",-0.194987500240385,2.15413541726763,-0.281198088984585,0.783648246199069,1,-4.81159786456767
"hsa-mir-548ad",-0.144319802425369,3.27460333912922,-0.275994711058588,0.787541656486059,1,-4.81217796978993
"hsa-mir-194-2",-0.161533970872522,15.8570118456713,-0.272805885946472,0.789930681187312,1,-4.81252824228089
"hsa-mir-299",-0.196611725158728,5.75091504952394,-0.272357842635277,0.790266529903454,1,-4.81257713788803
"hsa-mir-6879",0.159349098934881,2.68212619015331,0.270989122038058,0.791292783224492,1,-4.81272602109846
"hsa-mir-4639",0.212476640205097,1.6912008208237,0.269483155212945,0.792422418142591,1,-4.81288898486088
"hsa-mir-6756",0.161808942390081,3.29552320111995,0.267428773914661,0.793964221421666,1,-4.81310985960632
"hsa-mir-6809",0.138345833092948,1.45914791702724,0.267424307076354,0.793967574763295,1,-4.81311033805035
"hsa-mir-4489",0.138345833092948,1.45914791702724,0.267424307076353,0.793967574763296,1,-4.81311033805035
"hsa-mir-548aa-1",-0.149152992323741,4.28436203618841,-0.26673326349414,0.794486406652294,1,-4.81318426159974
"hsa-mir-6784",0.194987500240385,1.09749375012019,0.26454785984089,0.796127876070403,1,-4.81341680912842
"hsa-mir-6875",-0.184180341009593,2.0610537023743,-0.263022024760257,0.79727454902995,1,-4.81357806092108
"hsa-mir-6832",0.138345833092948,1.26416041678686,0.262770850921952,0.797463355278993,1,-4.81360451759641
"hsa-mir-509-1",0.302296865202839,2.01280259950847,0.262438026118924,0.797713558961636,1,-4.81363953657505
"hsa-mir-3074",-0.136864077936261,14.8555953822109,-0.261610898590718,0.798335460985755,1,-4.81372637641301
"hsa-mir-6724-2",-0.166642132288452,3.5622249135233,-0.261320606702045,0.798553760680936,1,-4.81375679035045
"hsa-mir-509-2",0.27314258478606,1.83239223947648,0.258047132567844,0.801016651491746,1,-4.81409746087447
"hsa-mir-3177",-0.149818934269136,5.1115196852275,-0.257566961839847,0.801378111581811,1,-4.81414707802957
"hsa-mir-628",-0.143271091378312,7.08998224504229,-0.257463379463974,0.801456092059503,1,-4.81415776954983
"hsa-mir-4754",-0.184180341009593,1.72772036904097,-0.256791376571879,0.801962054244972,1,-4.8142270295802
"hsa-mir-548s",0.153143872879099,2.85054796806867,0.256234429556778,0.80238146057136,1,-4.81428429678617
"hsa-mir-1283-2",0.245655198055402,0.984481765934753,0.255809941913627,0.802701162504272,1,-4.81432786213921
"hsa-mir-520f",0.358649617744432,1.91580926408187,0.255590036820733,0.802866798319576,1,-4.81435040322676
"hsa-mir-449b",-0.194987500240385,0.959147917027245,-0.254615197458922,0.803601183189109,1,-4.81445009879529
"hsa-mir-20a",0.128113068500816,12.1219968157545,0.254600936757497,0.80361192780306,1,-4.81445155444429
"hsa-mir-6724-1",0.138345833092948,3.62841279709348,0.254559211454434,0.803643365648821,1,-4.81445581305965
"hsa-mir-4476",-0.138345833092948,0.930827083453526,-0.252486555142173,0.805205458171893,1,-4.81466649261857
"hsa-mir-5698",0.138345833092948,0.930827083453526,0.252486555142172,0.805205458171894,1,-4.81466649261857
"hsa-mir-3679",0.141499276175971,4.42251044992171,0.251558218216975,0.805905402432937,1,-4.81476030713641
"hsa-mir-543",0.161599841650839,10.6295436676056,0.249954937327283,0.807114655017118,1,-4.814921530109
"hsa-mir-516a-2",-0.233479906047031,1.11673995302352,-0.248629277751086,0.808114912003963,1,-4.81505407140322
"hsa-mir-744",-0.124079278962864,11.9145780632075,-0.246558481084288,0.80967811500444,1,-4.81525972704312
"hsa-mir-4800",0.1531438728791,3.04553546830906,0.245529035404246,0.810455545069443,1,-4.81536133479321
"hsa-mir-548ap",0.120856693128236,3.71617043284278,0.244916756380783,0.810918034817719,1,-4.815421569474
"hsa-mir-1260b",-0.129318632257849,10.6897109788061,-0.244186394541681,0.811469817560888,1,-4.81549322756996
"hsa-mir-146a",-0.123794641673182,16.949660323562,-0.243364320183801,0.812091015881131,1,-4.81557363224027
"hsa-mir-525",0.194987500240385,0.764160416786859,0.242773708384067,0.812537393243563,1,-4.81563123370816
"hsa-mir-3131",0.348012049848974,3.94892039508929,0.242374279163626,0.812839316392514,1,-4.81567011143868
"hsa-mir-559",0.140110599649453,5.11126745109267,0.241852914763455,0.81323345631634,1,-4.81572076282172
"hsa-mir-6766",-0.194987500240385,1.53813644841598,-0.241766448298828,0.813298828252683,1,-4.81572915280939
"hsa-mir-7851",-0.117543288453022,7.05286517907927,-0.240588941727029,0.814189215122646,1,-4.81584311464596
"hsa-mir-1976",-0.131114803237633,6.88463358811139,-0.239776167763332,0.814803964166465,1,-4.81592145762887
"hsa-mir-4999",0.137529000014676,5.02713962650915,0.236963506034027,0.816932345693726,1,-4.81619055637995
"hsa-mir-7978",0.230625901545889,2.21044702372703,0.236594555277674,0.817211650439826,1,-4.81622562363819
"hsa-mir-3179-2",-0.171524390943252,1.88320133639788,-0.235998649515352,0.817662821439057,1,-4.81628214849485
"hsa-mir-639",0.138345833092948,2.65413541726763,0.234089885337225,0.819108443143297,1,-4.81646226069616
"hsa-mir-1268a",0.140166883307511,7.45926978403391,0.234036327821386,0.819149015585609,1,-4.81646729365486
"hsa-mir-549a",0.31562334452572,5.47889745780721,0.233127664839882,0.819837456188139,1,-4.81655251064822
"hsa-mir-539",-0.172525659026437,6.05595373332281,-0.232663566660684,0.820189137136037,1,-4.81659590919394
"hsa-mir-4762",-0.138345833092947,2.76144478223008,-0.231394929977871,0.821150685160667,1,-4.81671410691852
"hsa-mir-137",0.194987500240385,2.20480311508265,0.231210160358512,0.821290754643595,1,-4.81673126865125
"hsa-mir-642a",0.132181049404127,6.23659753742055,0.230668000872031,0.821701790346347,1,-4.816781547478
"hsa-mir-6089-2",0.194987500240385,1.43082708345353,0.230249623671685,0.822019019165161,1,-4.81682026751856
"hsa-mir-3680-1",0.138345833092948,0.597493750120193,0.229728990132745,0.822413828697308,1,-4.81686835452629
"hsa-mir-7112",0.138345833092948,0.597493750120193,0.229728990132745,0.822413828697308,1,-4.81686835452629
"hsa-mir-8058",-0.138345833092948,0.597493750120193,-0.229728990132745,0.822413828697308,1,-4.81686835452629
"hsa-mir-4417",0.138345833092948,0.597493750120193,0.229728990132745,0.822413828697308,1,-4.81686835452629
"hsa-mir-6745",0.138345833092948,0.597493750120193,0.229728990132745,0.822413828697308,1,-4.81686835452629
"hsa-mir-8079",-0.138345833092948,0.597493750120193,-0.229728990132745,0.822413828697308,1,-4.81686835452629
"hsa-mir-4445",-0.138345833092948,0.597493750120193,-0.229728990132744,0.822413828697308,1,-4.8168683545263
"hsa-mir-7849",-0.138345833092948,0.597493750120193,-0.229728990132744,0.822413828697308,1,-4.8168683545263
"hsa-mir-4522",0.212476640205097,1.16287998724999,0.229204647895506,0.822811502346618,1,-4.81691667572399
"hsa-mir-382",-0.18246777036849,10.2093079086755,-0.228495526344879,0.823349399394105,1,-4.81698185242268
"hsa-let-7f-1",-0.117051378261127,17.4193281258434,-0.22635823673938,0.824971189243274,1,-4.81717709127086
"hsa-mir-212",0.120168012645069,9.14824209907059,0.226285389212038,0.82502648147216,1,-4.8171837139493
"hsa-mir-135b",0.186786899046625,8.99910121812817,0.225515548114711,0.825610861281359,1,-4.8172535729791
"hsa-mir-590",-0.122044463552499,6.4993493850449,-0.225172982612883,0.825870935204127,1,-4.81728458357687
"hsa-mir-3199-1",0.127374292268704,3.71774482317092,0.224670964229262,0.826252104183489,1,-4.81732994465598
"hsa-mir-652",0.117878071600114,10.8855054440281,0.222233720252518,0.828103298072116,1,-4.81754874945345
"hsa-mir-4425",-0.113867375492441,4.93671392396363,-0.220792045358373,0.82919882592046,1,-4.81767706911033
"hsa-mir-3658",-0.138345833092948,1.26416041678686,-0.22002484257932,0.82978197710329,1,-4.81774502009576
"hsa-mir-361",-0.107767928369853,14.0362711780013,-0.219618661780073,0.830090758541205,1,-4.8177809010143
"hsa-mir-4472-2",-0.125820923950339,6.10514528625623,-0.218914335833633,0.830626262721361,1,-4.8178429642888
"hsa-mir-550a-2",0.117878984871568,4.34906106563025,0.218454701816287,0.830975774118793,1,-4.81788335996093
"hsa-mir-518c",-0.212476640205098,1.6912008208237,-0.217606992525393,0.831620482493146,1,-4.81795764260255
"hsa-mir-6502",-0.116254759953227,3.23199419321786,-0.216734314477716,0.83228431504421,1,-4.81803381559561
"hsa-mir-345",0.112489298706944,10.5531937381584,0.216638872723603,0.832356924362366,1,-4.81804212805262
"hsa-mir-1227",-0.115798699647083,4.08138482180509,-0.215506765533662,0.833218322644138,1,-4.81814045288444
"hsa-mir-3133",-0.109515324550625,4.64304819252068,-0.214433157742233,0.834035420412748,1,-4.81823322739007
"hsa-mir-578",-0.138345833092948,0.930827083453526,-0.21388072629114,0.834455942605907,1,-4.81828078692184
"hsa-mir-219b",0.138345833092948,0.930827083453526,0.21388072629114,0.834455942605907,1,-4.81828078692184
"hsa-mir-5188",0.138345833092948,0.930827083453526,0.21388072629114,0.834455942605907,1,-4.81828078692184
"hsa-mir-6129",-0.138345833092948,0.930827083453526,-0.21388072629114,0.834455942605907,1,-4.81828078692184
"hsa-mir-22",-0.116024708364904,15.6155063873891,-0.210494874092582,0.837034495099594,1,-4.81856963380426
"hsa-mir-1256",0.143228091747748,2.27651732724561,0.209471455775634,0.837814290217191,1,-4.81865604603885
"hsa-mir-3925",-0.120856693128238,2.52453415415704,-0.209011026957389,0.838165173825311,1,-4.81869478667966
"hsa-mir-5006",-0.180189460454235,2.01721463473534,-0.207792087075984,0.839094280169337,1,-4.81879694227184
"hsa-mir-1275",-0.126481130720901,9.53154199881668,-0.205993194986065,0.84046590641984,1,-4.81894662378766
"hsa-mir-7973-1",-0.138345833092948,1.45914791702724,-0.205116373580095,0.841134668770721,1,-4.81901911598412
"hsa-mir-3682",0.138345833092948,1.12581458369391,0.205116373580094,0.841134668770721,1,-4.81901911598413
"hsa-mir-548au",0.138345833092948,1.45914791702724,0.205116373580094,0.841134668770721,1,-4.81901911598413
"hsa-mir-548j",0.113414330755814,5.84978251453673,0.204656605163726,0.841485391907563,1,-4.81905700576776
"hsa-mir-6859-1",0.138345833092948,1.37146978174931,0.204089673324749,0.841917911324603,1,-4.81910361129837
"hsa-mir-3164",0.107309364962453,2.77696301629533,0.201510499539123,0.843886278460903,1,-4.8193140237575
"hsa-mir-3620",-0.103577049288365,5.50046481635761,-0.200530962215256,0.844634130771586,1,-4.81939324278889
"hsa-mir-21",0.114647750158404,20.722820540039,0.199546648733295,0.845385790092825,1,-4.81947246372737
"hsa-mir-4273",0.138345833092948,0.597493750120193,0.199513219241015,0.845411320944852,1,-4.8194751474823
"hsa-mir-564",-0.138345833092948,0.597493750120193,-0.199513219241015,0.845411320944852,1,-4.8194751474823
"hsa-mir-124-3",-0.138345833092948,0.597493750120193,-0.199513219241014,0.845411320944852,1,-4.8194751474823
"hsa-mir-1913",-0.107309364962454,2.24864218272161,-0.196910335832468,0.847399766116805,1,-4.81968274484959
"hsa-mir-519d",0.207162792248757,1.33706130217141,0.196906408871841,0.84740276691577,1,-4.81968305601455
"hsa-mir-7845",-0.120856693128236,2.1912008208237,-0.196445429499243,0.847755043191546,1,-4.8197195405105
"hsa-mir-580",-0.151893161258729,3.17568258675846,-0.194404613316899,0.849315031238734,1,-4.81988004615691
"hsa-mir-940",0.113595707379559,4.77507055670715,0.194164429626059,0.849498670563695,1,-4.81989882703149
"hsa-mir-548ag-2",-0.0984852945087233,3.5046833853363,-0.192893385158288,0.850470638482319,1,-4.81999783245235
"hsa-mir-92a-1",-0.0990982407738503,15.4648342141774,-0.191603294788319,0.851457435243385,1,-4.82009766358285
"hsa-mir-600",0.15649509443374,2.08570348489302,0.19128042612167,0.851704440628801,1,-4.82012254444509
"hsa-mir-187",-0.122577261500162,3.76932906802648,-0.190213461829875,0.852520821778633,1,-4.82020447137428
"hsa-mir-5010",0.0958553904522965,7.03512092712443,0.188064720935263,0.854165462334363,1,-4.82036808620664
"hsa-mir-1268b",0.111801405568111,7.59422117219421,0.184529441686801,0.856872921811622,1,-4.82063327408432
"hsa-mir-29b-1",-0.0903720349172907,11.0414211519895,-0.183457359096927,0.857694346471229,1,-4.82071270834904
"hsa-mir-1261",0.113991345696373,2.69859984071678,0.183373168689402,0.857758860206707,1,-4.82071892689393
"hsa-mir-1269a",0.204325625630251,2.32630459347229,0.182573633393295,0.858371584871838,1,-4.820777841964
"hsa-mir-4484",0.0984852945087238,3.20238652013346,0.182136430111988,0.858706677125913,1,-4.82080995017367
"hsa-mir-219a-2",0.138345833092948,1.37146978174931,0.182022793576569,0.858793778021692,1,-4.82081828315689
"hsa-mir-516b-2",0.268309394887687,4.40139081708266,0.18086891862986,0.859678318391645,1,-4.82090260525102
"hsa-mir-4479",-0.106058653342084,2.91593420519846,-0.179767202055835,0.860523062104023,1,-4.82098262002883
"hsa-mir-889",-0.134587091234552,8.11453475092705,-0.17863875321035,0.861388491132287,1,-4.82106407418595
"hsa-mir-6509",-0.120856693128236,1.85786748749037,-0.175585061475907,0.863731372291685,1,-4.82128194826627
"hsa-mir-4524b",-0.120856693128236,1.32954665391665,-0.174981214101453,0.86419482384522,1,-4.82132459054135
"hsa-mir-369",-0.123564435403486,8.20972701744432,-0.173849536618857,0.865063526918252,1,-4.8214041147667
"hsa-mir-7704",-0.101227678619093,9.22786149819904,-0.172261443640753,0.866282898269389,1,-4.8215148492387
"hsa-mir-6827",-0.0876781352779314,2.42026673995395,-0.170516561377217,0.867623073280993,1,-4.82163535463531
"hsa-mir-3622a",-0.133512643194577,3.33801671866963,-0.167864688979149,0.869660699280401,1,-4.82181616906813
"hsa-mir-548i-3",-0.138345833092948,1.79248125036058,-0.167572668381223,0.869885140388111,1,-4.82183590829844
"hsa-mir-133a-1",0.0907022134201565,8.29015150259205,0.16653978122903,0.870679092064102,1,-4.82190545310255
"hsa-mir-96",0.0911262107727158,9.8169840830071,0.165341765172856,0.871600159475696,1,-4.8219855818072
"hsa-mir-98",-0.0870174648395192,13.269496541342,-0.164722624851167,0.872076249192315,1,-4.82202676774525
"hsa-mir-516a-1",-0.176838238899593,1.14506078659723,-0.164227134052004,0.872457296253236,1,-4.822059617933
"hsa-mir-190a",0.0863836571155217,6.18430160529658,0.164189896121594,0.872485934683456,1,-4.82206208277664
"hsa-mir-4440",-0.0823642873215915,3.31775638868948,-0.163659089826294,0.872894180470015,1,-4.82209715747159
"hsa-mir-330",0.0829888287942797,10.6490118364641,0.163634019146695,0.872913463409105,1,-4.82209881130842
"hsa-mir-5002",0.133512643194577,2.14302921842925,0.161793723733709,0.874329147619122,1,-4.82221952340545
"hsa-mir-3152",-0.0955502550198348,4.43900083961106,-0.159674869919665,0.87595968525359,1,-4.82235682900624
"hsa-mir-7977",-0.0826193849241159,5.48943144799108,-0.15781073395461,0.877394703751357,1,-4.82247614265939
"hsa-mir-4750",-0.120856693128236,1.99621332058332,-0.157697163558195,0.877482145521518,1,-4.8224833667557
"hsa-mir-4802",0.0911883577753212,3.60483405943466,0.156473464423156,0.878424421410112,1,-4.82256087743259
"hsa-mir-520a",-0.17868430008007,2.05830568190954,-0.15616552084961,0.878661575823362,1,-4.82258028855327
"hsa-mir-339",-0.0745677677322156,11.2591031990581,-0.155734575351595,0.878993477636485,1,-4.82260738930916
"hsa-mir-4652",0.107309364962454,0.720321349147894,0.155525631492608,0.879154408894375,1,-4.82262050233747
"hsa-mir-5001",-0.0790492248967798,5.3885090962173,-0.154530238742143,0.879921151112492,1,-4.8226827317792
"hsa-mir-4697",-0.107309364962454,1.58197551605495,-0.152787111705756,0.88126417460383,1,-4.82279075173672
"hsa-mir-6788",-0.138345833092948,1.12581458369391,-0.152695021587141,0.881335137933547,1,-4.82279642462677
"hsa-mir-3130-1",0.0769848116132916,3.53577677124987,0.152469279339829,0.881509096268621,1,-4.82281031631811
"hsa-mir-505",-0.0753649095452165,10.4511974707408,-0.151622067761675,0.882162020551979,1,-4.82286226980639
"hsa-mir-4797",-0.0973935838311046,2.97690840710139,-0.150911849866217,0.882709437544919,1,-4.82290560085809
"hsa-mir-885",-0.126781593704228,2.70301187594365,-0.1501546031072,0.88329317334197,1,-4.82295157855254
"hsa-mir-2115",-0.183671722932607,3.4674040190807,-0.149210913801789,0.884020732257754,1,-4.82300855484384
"hsa-mir-2116",-0.0737451319395319,5.06510051276449,-0.148291804877272,0.884729447374241,1,-4.82306370397607
"hsa-mir-5090",0.0975939164092821,3.01776049007415,0.147972308135498,0.884975832530221,1,-4.82308279537522
"hsa-mir-632",0.0798219782317968,3.36567096361587,0.147023841782947,0.885707332376046,1,-4.82313922956146
"hsa-mir-2278",0.0876781352779314,1.81781509926809,0.146870045893998,0.88582595713456,1,-4.82314834650863
"hsa-mir-6511a-4",-0.0790130657669499,3.08260087186513,-0.146844949577129,0.885845314524769,1,-4.82314983330643
"hsa-mir-3154",-0.0876781352779314,2.75360007328729,-0.142742500172363,0.889010664569293,1,-4.82338948260976
"hsa-mir-877",0.0773913423224233,7.51674989848903,0.14182590664805,0.889718163184355,1,-4.82344210396111
"hsa-mir-3677",0.115974434473436,1.87779775678248,0.140887658574598,0.890442479992365,1,-4.82349561942799
"hsa-mir-7151",-0.107309364962454,1.82763071411035,-0.140224142215513,0.890954769904256,1,-4.82353325164786
"hsa-mir-3186",0.0876781352779314,1.48448176593475,0.140020264533741,0.891112190875976,1,-4.82354477936706
"hsa-mir-6721",0.0817041659455096,2.29248125036058,0.139398684158173,0.891592164580135,1,-4.8235798220315
"hsa-mir-2392",0.107309364962454,0.720321349147894,0.139205973961858,0.891740981276155,1,-4.82359065491699
"hsa-mir-1302-4",0.120856693128236,1.52453415415704,0.139063904364259,0.891850694534654,1,-4.82359863158195
"hsa-mir-6849",-0.0876781352779312,1.3461359328418,-0.137917470039241,0.892736114536333,1,-4.8236627030864
"hsa-mir-6726",0.0736501490541808,3.72574571865606,0.134672487826361,0.895243116533937,1,-4.82384119763749
"hsa-mir-3687-2",-0.087678135277931,3.94858757352767,-0.134670888486536,0.895244352444725,1,-4.82384128456906
"hsa-mir-132",-0.0660305016583145,11.9367419631612,-0.134047749891075,0.895725912936165,1,-4.82387507690211
"hsa-mir-6723",-0.0759332474166401,5.15733385952194,-0.133343349376079,0.896270325142744,1,-4.82391308826847
"hsa-mir-1255a",0.0811250513616164,6.63359710554224,0.13315068683032,0.896419238533245,1,-4.8239234501628
"hsa-mir-4634",-0.0898373233016665,4.47415612150065,-0.132887841535361,0.896622404508445,1,-4.82393756262883
"hsa-mir-221",0.069185929979918,14.3317928108613,0.130948670204765,0.898121522197034,1,-4.82404082151654
"hsa-mir-3655",-0.0876781352779308,2.01280259950847,-0.130854290785314,0.898194494826325,1,-4.82404580858126
"hsa-mir-1293",0.0741308071121494,2.36282537805605,0.12840931419104,0.900085250288118,1,-4.82417375555593
"hsa-mir-6855",0.0653067366584197,3.48809410641115,0.127833930198166,0.900530301946095,1,-4.82420351661709
"hsa-mir-223",-0.107095813960029,12.6588506729967,-0.12779469732631,0.900560649334233,1,-4.82420554104693
"hsa-mir-5699",-0.0663237188224444,3.63561350009709,-0.126908527256331,0.901246163055062,1,-4.82425110296927
"hsa-mir-6806",-0.0650303384342927,4.01845768949506,-0.12598089610285,0.901963839562736,1,-4.82429845852268
"hsa-mir-377",-0.0894097204125668,6.35225622119908,-0.124848864595648,0.90283977710172,1,-4.82435578017913
"hsa-mir-1908",0.0954556365548047,4.19121200216591,0.124584935908304,0.903044017881184,1,-4.82436907045522
"hsa-mir-4532",-0.0811643456341642,8.8717313736055,-0.124274144567389,0.903284532607324,1,-4.82438468462814
"hsa-mir-432",-0.0949296077192301,8.21344050453211,-0.12392372557513,0.90355572643102,1,-4.82440224312814
"hsa-mir-5091",-0.0796241183866018,4.62142333835982,-0.123747464453652,0.903692142051343,1,-4.82441105641353
"hsa-mir-4525",0.0876781352779306,3.31509946471131,0.122908031366464,0.90434185762316,1,-4.82445285778595
"hsa-mir-4329",-0.0876781352779311,0.817815099268086,-0.122463433123952,0.904686003230376,1,-4.82447488275732
"hsa-mir-4734",0.0876781352779314,1.15114843260142,0.122027671044171,0.905023328888647,1,-4.82449639287577
"hsa-mir-3189",-0.0876781352779312,1.15114843260142,-0.12202767104417,0.905023328888647,1,-4.82449639287577
"hsa-mir-491",-0.0614748570458108,5.17630794256864,-0.120798394462078,0.90597502306881,1,-4.82455666103048
"hsa-mir-6741",0.0856110222218249,3.51260248982348,0.120776195195824,0.905992210945688,1,-4.82455774381581
"hsa-mir-6878",-0.0876781352779312,1.67946926617514,-0.119384347378807,0.907069954749796,1,-4.82462523647409
"hsa-mir-3606",-0.0741308071121489,1.89871957046313,-0.117639059751955,0.908421651059607,1,-4.82470876691683
"hsa-mir-4661",0.0750179444667278,4.93468411928871,0.117227884942561,0.908740143213987,1,-4.82472826764851
"hsa-mir-4772",-0.058350736138765,5.90082198383963,-0.116754514538374,0.909106832160392,1,-4.82475063390448
"hsa-mir-655",0.0905625725310744,4.61755444004219,0.115206856880768,0.910305854185038,1,-4.82482312994247
"hsa-mir-4688",0.0654657376011669,2.5610537023743,0.115078912439762,0.910404987458399,1,-4.82482908004414
"hsa-mir-320a",0.0628210818533876,14.6185089809653,0.115037168084,0.910437331955308,1,-4.8248310199552
"hsa-mir-370",-0.0835733961651268,11.8126046939741,-0.114310356503521,0.911000509474208,1,-4.82486468339581
"hsa-mir-1254-1",0.062336535344131,6.31433384521583,0.113203998535829,0.911857880028348,1,-4.82491551808535
"hsa-mir-34a",-0.0696953934751736,9.67473653558715,-0.112774115992651,0.912191048464813,1,-4.82493513735405
"hsa-mir-92a-2",-0.0580083501102635,15.3175460839468,-0.112673205367174,0.912269258969326,1,-4.82493973200322
"hsa-mir-3615",0.0606892839473439,11.6173641771369,0.112182220179588,0.912649809479836,1,-4.82496202899675
"hsa-mir-584",0.0783686645626638,8.30138482112342,0.111343724292592,0.913299759611918,1,-4.8249998830811
"hsa-mir-3610",-0.056641667147437,1.69498750024039,-0.10890674730595,0.915189126222432,1,-4.82510829444706
"hsa-mir-518b",-0.148638937387605,2.83612020831455,-0.108524918456012,0.915485204464857,1,-4.82512506384524
"hsa-mir-4466",0.0663080469441804,3.39608343637773,0.10646294626386,0.917084331133577,1,-4.82521460839824
"hsa-mir-4646",0.0599928887020784,3.08328688994384,0.105153855959074,0.918099771962364,1,-4.82527056930315
"hsa-mir-196b",-0.0583837628061055,12.2824796573844,-0.104846936138669,0.918337866925445,1,-4.82528358961945
"hsa-mir-4777",0.0741308071121491,2.00602893542558,0.104831622319209,0.918349746934768,1,-4.82528423827678
"hsa-mir-4473",0.0525137589954952,7.09035448432134,0.103946423293492,0.91903649337796,1,-4.8253215726983
"hsa-mir-6127",-0.053569511388261,5.39002456578795,-0.102465004163151,0.92018594693014,1,-4.82538334740866
"hsa-mir-3202-1",0.0566416671474368,2.33061769877656,0.101929082613848,0.920601822746327,1,-4.8254054774173
"hsa-mir-365a",-0.061628500585984,8.38350035012044,-0.101922481450331,0.920606945412076,1,-4.82540574928026
"hsa-mir-192",-0.0630957720771264,20.122945455614,-0.101487202804732,0.920944740641607,1,-4.82542363709587
"hsa-mir-1273h",-0.0580784146784232,7.9725102651897,-0.100132824322069,0.921995900972668,1,-4.82547880714349
"hsa-mir-211",-0.0566416671474372,1.02832083357372,-0.0996212465178349,0.922392987235953,1,-4.82549945375218
"hsa-mir-7705",0.0481016007719717,5.12428748157016,0.0990178602299058,0.922861363450578,1,-4.82552367009395
"hsa-mir-512-2",0.118714603408426,2.46896353186951,0.0971980523638342,0.924274165685286,1,-4.82559581788581
"hsa-mir-186",-0.045503000370033,14.7009518296745,-0.0951217274991745,0.925886445836962,1,-4.82567650537923
"hsa-mir-4498",0.0506676978150176,2.80528384986905,0.0925634818840849,0.927873416227471,1,-4.8257735310812
"hsa-mir-320e",0.0482780068264939,4.81798665380811,0.0912141620293652,0.928921630034388,1,-4.82582364344596
"hsa-mir-4478",0.0566416671474375,1.36165416690705,0.0900827557933906,0.92980066677253,1,-4.82586509687724
"hsa-mir-4492",-0.0674488263782296,5.94246379963318,-0.0892932083277144,0.930414156973685,1,-4.82589371919816
"hsa-mir-18a",-0.0486475676242222,8.18435490248656,-0.0890581205662717,0.930596832793319,1,-4.82590219292526
"hsa-mir-935",0.0492995650374373,3.78024529608369,0.0883302920606919,0.931162420974104,1,-4.82592828615076
"hsa-mir-1306",0.0425795299255727,6.84880314363378,0.0872698950627099,0.93198651548374,1,-4.8259659198403
"hsa-mir-766",-0.0472953205353717,7.65101161139026,-0.0858033427582157,0.933126392778017,1,-4.82601722069369
"hsa-mir-6877",0.0494639466308895,3.59614714587082,0.0847421182247228,0.933951326668701,1,-4.82605380191312
"hsa-mir-1197",-0.0741308071121485,2.09370707070351,-0.0844915720087336,0.934146098459406,1,-4.82606237214161
"hsa-mir-509-3",0.104702863476021,4.42446608548383,0.0841841589651277,0.934385084004992,1,-4.82607285296907
"hsa-mir-6889",0.0566416671474366,1.69498750024039,0.0837152850276902,0.934749603588759,1,-4.82608876516509
"hsa-mir-4724",0.0430943389816556,3.4115221699716,0.0827431346584976,0.935505438000837,1,-4.8261214744851
"hsa-mir-5690",0.0566416671474381,2.49242664116664,0.0825492074259881,0.935656221869165,1,-4.82612795381225
"hsa-mir-424",0.0543954113324112,9.35270245571457,0.081793199748877,0.936244064083608,1,-4.82615306799903
"hsa-mir-335",0.0415187518377955,11.0004891639835,0.0817331663063249,0.936290745457216,1,-4.82615505239576
"hsa-mir-548t",0.0449765266953701,4.30327171115229,0.0809473247733452,0.936901830483477,1,-4.82618089416437
"hsa-mir-487b",-0.0580641437513618,7.82114171034773,-0.0803212132634356,0.937388736758515,1,-4.82620130497641
"hsa-mir-6894",0.0399904522473191,4.90390337049301,0.0796894377967153,0.937880074710111,1,-4.82622174008383
"hsa-mir-9-2",0.0382108935836527,10.1242438917707,0.0795848349582946,0.937961427962022,1,-4.82622510797512
"hsa-mir-548l",-0.0497221470918379,3.73462207919424,-0.0795191659987512,0.938012501363844,1,-4.82622722005845
"hsa-mir-185",-0.0448310143145534,12.6312157244151,-0.0795171937973443,0.938014035229013,1,-4.82622728346262
"hsa-mir-577",0.0427897397172439,7.3703315172976,0.0792681833209059,0.938207703399921,1,-4.82623527627322
"hsa-mir-4485",0.0444663751390655,4.18618421967942,0.0782337035581975,0.939012315554267,1,-4.82626821338393
"hsa-mir-576",-0.0372583665970936,9.68434701064597,-0.0779155887050315,0.939259757666384,1,-4.8262782551099
"hsa-mir-103a-2",0.0392575112859568,12.4851369181582,0.0777108002757855,0.939419053608322,1,-4.82628469792411
"hsa-mir-548k",-0.03651216642794,6.59569491854388,-0.0746783859519376,0.941778154713261,1,-4.82637811905366
"hsa-mir-4508",-0.0446667058579839,7.92723194840299,-0.0739922303391486,0.942312038746933,1,-4.82639874281413
"hsa-mir-6511b-2",-0.0364963825267788,3.88735829584659,-0.0737422024679276,0.942506587806193,1,-4.82640621064715
"hsa-mir-423",-0.0348178888905988,15.2212984068682,-0.0695388535417277,0.945777827485989,1,-4.82652797738871
"hsa-mir-760",0.040250180783211,6.65269298197898,0.0687491705416242,0.946392513162467,1,-4.82655005764518
"hsa-mir-6839",0.0585238548611517,2.16572557280981,0.0682909802705024,0.946749183072297,1,-4.82656275361357
"hsa-mir-454",0.0366650134609152,8.91255786399872,0.067075666032011,0.947695281019013,1,-4.82659601799997
"hsa-mir-8085",0.0566416671474372,1.02832083357372,0.0659210649657766,0.94859419273763,1,-4.82662706803864
"hsa-mir-128-2",0.0337419953055509,13.2926018133693,0.0648092153242583,0.949459890830677,1,-4.82665645947705
"hsa-mir-29b-2",-0.0317891519641034,11.0109051771797,-0.0645417289250981,0.949668168793192,1,-4.82666345589159
"hsa-mir-6720",-0.0328012346869984,3.5428392632035,-0.0635188602361791,0.950464660217055,1,-4.82668994362475
"hsa-mir-3168",0.031036468130494,1.98448176593475,0.0632931868246269,0.950640396093813,1,-4.82669573064923
"hsa-mir-155",0.0388907454717398,14.9216907400887,0.0632256305264732,0.950693003909664,1,-4.82669745901853
"hsa-mir-548aj-1",0.0310364681304938,1.8461359328418,0.0617647548690475,0.95183068449929,1,-4.82673438324654
"hsa-mir-502",0.0305099927235073,9.4448170733512,0.0606665141355535,0.952686030971956,1,-4.82676157400958
"hsa-mir-148b",-0.0298221218925576,14.6983418772188,-0.0572149104205593,0.955374653511757,1,-4.82684385788887
"hsa-mir-133b",0.0296683353529144,3.97110835260146,0.0569390370624273,0.955589570130846,1,-4.82685022676619
"hsa-mir-3184",-0.0282623077432689,15.2244719716998,-0.0564541258909885,0.955967344642371,1,-4.82686134700097
"hsa-mir-3146",0.0331785578503045,2.34234925342512,0.0561821856372379,0.95617920713219,1,-4.82686754168984
"hsa-mir-660",-0.0269522519287069,9.87127308803197,-0.0558708541593744,0.956421762756317,1,-4.8268745970032
"hsa-mir-103b-2",0.0276791500208393,12.929312975857,0.0550444945469544,0.957065594484212,1,-4.8268931337846
"hsa-mir-3614",0.0327820739907851,7.31946997806903,0.0533834378206457,0.95835984977831,1,-4.82692955947153
"hsa-let-7d",0.0275843309188062,14.4472191778062,0.0532113938946497,0.958493909456324,1,-4.8269332685312
"hsa-mir-9-1",0.0254738699826245,10.1184588806289,0.0529189047364559,0.958721825258545,1,-4.82693954678738
"hsa-mir-494",-0.0410055402341065,7.79206246176012,-0.0526593322772407,0.958924094656741,1,-4.82694508953013
"hsa-mir-548ab",-0.0274873867306571,3.71702057812493,-0.0518608617918189,0.959546314075573,1,-4.82696196882319
"hsa-mir-5687",-0.028296299195504,2.89060035629096,-0.051455409328856,0.959862279404212,1,-4.82697044124894
"hsa-mir-1237",0.0280650424721394,4.68815512557889,0.0504894198188693,0.960615094837904,1,-4.82699035903741
"hsa-mir-520d",-0.0458345079166451,1.13022661892078,-0.049539848435314,0.961355154242682,1,-4.82700957067008
"hsa-mir-3908",-0.0270440709746662,7.68860224474059,-0.048817007880074,0.961918533801822,1,-4.82702395077045
"hsa-mir-107",-0.0251494309547358,9.06133894727947,-0.048566029882161,0.962114150307568,1,-4.82702889429539
"hsa-mir-128-1",0.024432105771,13.7103333419224,0.0481220009668721,0.962460240319365,1,-4.82703757797595
"hsa-mir-3609",-0.025775308271025,7.53654424427007,-0.0468694061414714,0.963436595004903,1,-4.82706164486072
"hsa-mir-3202-2",0.0196312296845225,2.3121124800451,0.0405422198807588,0.968369338783754,1,-4.82717351799841
"hsa-mir-4443",0.0232255699754509,6.00114588507744,0.0392807794247729,0.969352943125442,1,-4.82719388660316
"hsa-mir-3688-1",0.0274873867306575,2.37623130711544,0.0377195149323133,0.970570407621276,1,-4.82721820541056
"hsa-mir-3678",0.0196312296845234,3.2196011548688,0.0352814954851338,0.972471715146579,1,-4.8272542092474
"hsa-mir-548b",0.0219650628564594,4.13744198711865,0.0347553026065992,0.97288209433994,1,-4.82726166447194
"hsa-mir-4731",0.0234631092971331,2.31402841985141,0.033823682893337,0.973608686933328,1,-4.8272745892282
"hsa-mir-627",-0.0169074314784412,5.12043657080665,-0.0324918215357221,0.974647480712438,1,-4.82729245704542
"hsa-mir-6724-4",0.0174891399647117,3.0343497689993,0.0315356948136766,0.97539324815089,1,-4.82730484170868
"hsa-mir-133a-2",-0.0174021267843312,8.30777266683238,-0.0308193152919548,0.975952031713922,1,-4.82731387861801
"hsa-mir-516b-1",-0.0499362933440461,4.00727023815749,-0.0289294166696198,0.977426236149967,1,-4.82733672290184
"hsa-mir-1296",-0.0142740447555472,6.98755692614952,-0.0287566165418953,0.977561032349706,1,-4.82733873954442
"hsa-mir-6727",-0.0196312296845231,1.53813644841598,-0.0287420740461282,0.977572376548048,1,-4.82733890870978
"hsa-mir-421",-0.0156181129002064,8.20736137075508,-0.0280370375799471,0.978122362118018,1,-4.82734700742241
"hsa-mir-6882",-0.0147980397861507,3.39737402037385,-0.0277881343595888,0.978316529639345,1,-4.82734981853404
"hsa-mir-103a-1",-0.0124532455476647,12.4728348425195,-0.0247622262771818,0.980677130691875,1,-4.82738198877809
"hsa-mir-4539",0.0184274785003957,3.20420123949058,0.0238550312289083,0.981384899165821,1,-4.82739091197374
"hsa-mir-3158-1",-0.0129235500932614,7.12827877707613,-0.0232481831292056,0.981858354607557,1,-4.82739669509244
"hsa-mir-2682",-0.0166802274998661,2.4781370924625,-0.0216834985877041,0.983079135372526,1,-4.82741091884308
"hsa-mir-1288",0.0138597012504662,3.00786818916092,0.0204582810781031,0.984035092586851,1,-4.82742136519258
"hsa-mir-433",-0.0125378379324008,7.83316891445107,-0.0185090729831047,0.985555985503073,1,-4.82743673263544
"hsa-mir-2110",-0.00842352087753362,9.30510420360193,-0.0158752456661756,0.987611154468909,1,-4.82745505558648
"hsa-mir-1234",0.00866506951098156,3.65476077307781,0.0154648066704483,0.987931427823974,1,-4.82745765813764
"hsa-mir-6510",0.00777369141153939,3.4701347430185,0.0134804059798714,0.989479923583129,1,-4.82746927955929
"hsa-mir-103b-1",0.00581420192061444,12.922246776555,0.0115226660626557,0.991007659247092,1,-4.82747918342736
"hsa-mir-23b",0.00566045113654212,15.23744626718,0.0110952918641519,0.991341168820366,1,-4.82748113920738
"hsa-mir-517a",0.00620522605578255,2.75869812659286,0.00516523738976036,0.995968947768355,1,-4.8275006491054
"hsa-mir-216b",0.00245984345519901,3.8703400263108,0.00396294877639777,0.996907231146806,1,-4.82750286964349
"hsa-mir-154",0.00149968421006452,5.38593961447474,0.00228568569516047,0.998216199257815,1,-4.82750499021043
"hsa-mir-106b",-0.00111185680517423,12.8260802732274,-0.00211415999222644,0.99835006156463,1,-4.82750514290819
"hsa-mir-9-3",0.000918580766745336,10.1226265959117,0.00190733750067827,0.998511470305904,1,-4.82750531119561
"hsa-mir-1291",-0.000953763486299053,8.99470762313679,-0.00186108430063635,0.998547567312373,1,-4.82750534646252
"hsa-mir-671",-0.000590557276192172,10.3136352066722,-0.0011445070865807,0.999106800184825,1,-4.82750578223431
"hsa-mir-452",7.26054282313982e-05,10.5931037729309,0.000136353400793354,0.999893586625763,1,-4.82750604350751
"hsa-mir-1297",-6.66133814775094e-16,1.60245164068587,-8.6010504107883e-16,0.999999999999999,1,-4.82750604726933
"hsa-mir-492",-4.44089209850063e-16,2.16395103210989,-5.41829930290964e-16,1,1,-4.82750604726933
"hsa-mir-1199",1.11022302462516e-16,0.333333333333333,2.01658571519693e-16,1,1,-4.82750604726933
"hsa-mir-1302-9",1.11022302462516e-16,0.333333333333333,2.01658571519693e-16,1,1,-4.82750604726933
"hsa-mir-302a",1.11022302462516e-16,0.333333333333333,2.01658571519693e-16,1,1,-4.82750604726933
"hsa-mir-3118-4",1.11022302462516e-16,0.333333333333333,2.01658571519693e-16,1,1,-4.82750604726933
"hsa-mir-3153",1.11022302462516e-16,0.333333333333333,2.01658571519693e-16,1,1,-4.82750604726933
"hsa-mir-3166",2.22044604925031e-16,1,3.79416811172895e-16,1,1,-4.82750604726933
"hsa-mir-3169",2.22044604925031e-16,0.528320833573719,3.41720051484587e-16,1,1,-4.82750604726933
"hsa-mir-3180-4",2.22044604925031e-16,0.666666666666667,3.42106636272937e-16,1,1,-4.82750604726933
"hsa-mir-3185",1.11022302462516e-16,0.333333333333333,2.01658571519693e-16,1,1,-4.82750604726933
"hsa-mir-3198-2",-2.22044604925031e-16,1.38997500048077,-3.35290697902928e-16,1,1,-4.82750604726933
"hsa-mir-3660",1.11022302462516e-16,0.333333333333333,2.01658571519693e-16,1,1,-4.82750604726933
"hsa-mir-3714",1.11022302462516e-16,0.333333333333333,2.01658571519693e-16,1,1,-4.82750604726933
"hsa-mir-3973",1.11022302462516e-16,0.333333333333333,2.01658571519693e-16,1,1,-4.82750604726933
"hsa-mir-4296",1.11022302462516e-16,0.333333333333333,2.01658571519693e-16,1,1,-4.82750604726933
"hsa-mir-4318",1.11022302462516e-16,0.333333333333333,2.01658571519693e-16,1,1,-4.82750604726933
"hsa-mir-4469",1.11022302462516e-16,0.333333333333333,2.01658571519693e-16,1,1,-4.82750604726933
"hsa-mir-4789",1.11022302462516e-16,0.333333333333333,2.01658571519693e-16,1,1,-4.82750604726933
"hsa-mir-4794",-2.22044604925031e-16,1.19498750024039,-3.17982391405039e-16,1,1,-4.82750604726933
"hsa-mir-5004",2.22044604925031e-16,1.19498750024039,3.17982391405039e-16,1,1,-4.82750604726933
"hsa-mir-518a-2",-2.22044604925031e-16,0.861654166907052,-2.5627257987385e-16,1,1,-4.82750604726933
"hsa-mir-520e",1.11022302462516e-16,0.666666666666667,2.01658571519693e-16,1,1,-4.82750604726933
"hsa-mir-548m",1.11022302462516e-16,0.333333333333333,2.01658571519693e-16,1,1,-4.82750604726933
"hsa-mir-5705",1.11022302462516e-16,0.666666666666667,2.01658571519693e-16,1,1,-4.82750604726933
"hsa-mir-572",2.22044604925031e-16,0.528320833573719,3.41720051484587e-16,1,1,-4.82750604726933
"hsa-mir-6124",1.11022302462516e-16,0.333333333333333,2.01658571519693e-16,1,1,-4.82750604726933
"hsa-mir-623",2.22044604925031e-16,0.528320833573719,3.41720051484587e-16,1,1,-4.82750604726933
"hsa-mir-6717",1.11022302462516e-16,0.333333333333333,2.01658571519693e-16,1,1,-4.82750604726933
"hsa-mir-6728",2.22044604925031e-16,1.19498750024039,3.65312821407318e-16,1,1,-4.82750604726933
"hsa-mir-6769a",1.11022302462516e-16,0.333333333333333,2.01658571519693e-16,1,1,-4.82750604726933
"hsa-mir-6799",2.22044604925031e-16,0.528320833573719,3.41720051484587e-16,1,1,-4.82750604726933
"hsa-mir-6856",1.11022302462516e-16,0.333333333333333,2.01658571519693e-16,1,1,-4.82750604726933
"hsa-mir-6859-2",2.22044604925031e-16,1,3.79416811172895e-16,1,1,-4.82750604726933
"hsa-mir-6860",1.11022302462516e-16,0.333333333333333,2.01658571519693e-16,1,1,-4.82750604726933
"hsa-mir-6890",1.11022302462516e-16,0.666666666666667,2.01658571519693e-16,1,1,-4.82750604726933
"hsa-mir-7847",-2.22044604925031e-16,1.19498750024039,-3.65312821407318e-16,1,1,-4.82750604726933
"hsa-mir-892a",2.22044604925031e-16,0.528320833573719,3.41720051484587e-16,1,1,-4.82750604726933
"hsa-mir-4799",-1.11022302462516e-16,0.528320833573719,-1.70860025742293e-16,1,1,-4.82750604726933
"hsa-mir-635",-1.11022302462516e-16,0.666666666666667,-1.71053318136469e-16,1,1,-4.82750604726933
"hsa-mir-1184-2",-5.55111512312578e-17,0.333333333333333,-1.00829285759846e-16,1,1,-4.82750604726933
"hsa-mir-1243",0,0.333333333333333,0,1,1,-4.82750604726933
"hsa-mir-1244-2",-5.55111512312578e-17,0.333333333333333,-1.00829285759846e-16,1,1,-4.82750604726933
"hsa-mir-1272",-5.55111512312578e-17,0.333333333333333,-1.00829285759846e-16,1,1,-4.82750604726933
"hsa-mir-1276",0,2.74293956349863,0,1,1,-4.82750604726933
"hsa-mir-3156-3",-5.55111512312578e-17,0.333333333333333,-1.00829285759846e-16,1,1,-4.82750604726933
"hsa-mir-3161",0,0.773976031629121,0,1,1,-4.82750604726933
"hsa-mir-3680-2",-5.55111512312578e-17,0.333333333333333,-1.00829285759846e-16,1,1,-4.82750604726933
"hsa-mir-3921",0,0.333333333333333,0,1,1,-4.82750604726933
"hsa-mir-4258",-5.55111512312578e-17,0.333333333333333,-1.00829285759846e-16,1,1,-4.82750604726933
"hsa-mir-4308",-5.55111512312578e-17,0.333333333333333,-1.00829285759846e-16,1,1,-4.82750604726933
"hsa-mir-4500",0,0.333333333333333,0,1,1,-4.82750604726933
"hsa-mir-4533",0,0.333333333333333,0,1,1,-4.82750604726933
"hsa-mir-4801",-5.55111512312578e-17,0.333333333333333,-1.00829285759846e-16,1,1,-4.82750604726933
"hsa-mir-514b",-5.55111512312578e-17,0.333333333333333,-1.00829285759846e-16,1,1,-4.82750604726933
"hsa-mir-519c",0,0.666666666666667,0,1,1,-4.82750604726933
"hsa-mir-6071",-5.55111512312578e-17,0.333333333333333,-1.00829285759846e-16,1,1,-4.82750604726933
"hsa-mir-6074",-5.55111512312578e-17,0.333333333333333,-1.00829285759846e-16,1,1,-4.82750604726933
"hsa-mir-6084",-5.55111512312578e-17,0.333333333333333,-1.00829285759846e-16,1,1,-4.82750604726933
"hsa-mir-6165",0,0.333333333333333,0,1,1,-4.82750604726933
"hsa-mir-6770-1",0,1.19498750024039,0,1,1,-4.82750604726933
"hsa-mir-6778",-5.55111512312578e-17,0.333333333333333,-1.00829285759846e-16,1,1,-4.82750604726933
"hsa-mir-6895",0,1.38997500048077,0,1,1,-4.82750604726933
"hsa-mir-7109",0,1,0,1,1,-4.82750604726933
"hsa-mir-8076",0,0.333333333333333,0,1,1,-4.82750604726933
