"","logFC","AveExpr","t","P.Value","adj.P.Val","B"
"hsa-mir-31",3.30398165784586,6.21815337510883,5.52195601234178,0.000126007827073077,0.211441133828624,0.601808187664752
"hsa-mir-516b-2",4.20221218119318,2.43443942392992,4.98695232688707,0.000305061961565453,0.255946985753415,0.014079209201677
"hsa-mir-615",4.40806680679037,5.79781997457007,4.38576810781578,0.000863021387109484,0.373727941506386,-0.710109354883172
"hsa-mir-1255a",2.97657391758309,5.1858726724315,4.21049965884873,0.00117872997193108,0.373727941506386,-0.933454835341832
"hsa-mir-3196",-2.47853360515352,4.64887303274205,-4.10607068948691,0.00142171747298152,0.373727941506386,-1.06899484473742
"hsa-mir-3180-1",2.43306933946243,1.54986800306455,4.06789579449671,0.00152299651295969,0.373727941506386,-1.11898688084401
"hsa-mir-4422",2.59378657117489,1.63022661892078,4.05493385322457,0.00155905577505644,0.373727941506386,-1.13601428359678
"hsa-mir-4649",2.26911830735253,1.4678924870096,3.73661516424565,0.00278419913608456,0.525733079464514,-1.56215275179189
"hsa-mir-516b-1",3.98230209148547,1.99115104574273,3.72969966663499,0.00281978409724709,0.525733079464514,-1.57157067038482
"hsa-mir-6775",2.05664166714744,1.02832083357372,3.58570882078228,0.00367643547128909,0.616905872082309,-1.76905322750893
"hsa-mir-517a",2.76180073962075,1.38090036981037,3.52031501842505,0.00414918782866998,0.63293974331893,-1.85956119132685
"hsa-mir-4464",2.32575997449997,1.16287998724999,3.4685244489478,0.00456723833144109,0.638652160013178,-1.9315745551744
"hsa-mir-6753",2.00745593767615,2.33706130217141,3.38664249114989,0.0053174110743318,0.648323767149786,-2.04598297382673
"hsa-mir-5196",2.86290487852742,3.15476077307781,3.36257025291369,0.00556089597348334,0.648323767149786,-2.07973751865976
"hsa-mir-520c",1.91829583405449,0.959147917027245,3.30023269869486,0.00624524049692651,0.648323767149786,-2.16738004548911
"hsa-mir-3117",2.11750547157359,3.05117937695344,3.23583507197454,0.00704182330418202,0.648323767149786,-2.25823869110075
"hsa-mir-223",2.51572328525591,11.3474411233887,3.22700067442747,0.00715882597480022,0.648323767149786,-2.27072618895364
"hsa-mir-3616",1.88199731137291,2.85929448974094,3.22216143566197,0.00722374552577737,0.648323767149786,-2.27756871120285
"hsa-mir-7850",1.99242664116664,1.32954665391665,3.21353309625814,0.00734097233363882,0.648323767149786,-2.28977271524562
"hsa-mir-1298",2.23347990604703,1.11673995302352,3.14005415865775,0.00842015750920014,0.659999641517918,-2.39388544531657
"hsa-mir-526b",2.23347990604703,1.11673995302352,3.14005415865775,0.00842015750920014,0.659999641517918,-2.39388544531657
"hsa-mir-3667",2.37642767231499,2.38320133639788,3.121257996723,0.0087209622181612,0.659999641517918,-2.42056547913792
"hsa-mir-3606",1.86165416690705,0.930827083453526,3.05313283441236,0.00990442074586124,0.659999641517918,-2.51739905770451
"hsa-mir-449c",2.9651745486621,3.96906448054348,3.04511286712368,0.0100539287889536,0.659999641517918,-2.52881069202838
"hsa-mir-6870",1.90474850588871,1.81402841985141,3.0435097201588,0.010084084315614,0.659999641517918,-2.53109207907616
"hsa-mir-6868",3.35706761019081,3.32993257522436,3.03600513489074,0.0102264545169642,0.659999641517918,-2.54177274814224
"hsa-mir-3609",1.99699208510782,6.52516054758065,3.0028030894081,0.0108808331690175,0.674371555477087,-2.58904707859417
"hsa-mir-4679-1",2.16395103210989,2.68442715674081,2.96236438222684,0.0117345544779959,0.674371555477087,-2.64666240030988
"hsa-mir-5588",2.09058526223735,9.37851530955006,2.94210577128527,0.0121870266064939,0.674371555477087,-2.67553737758659
"hsa-mir-876",-1.58496250072116,0.792481250360578,-2.8876553845022,0.0134910416792168,0.674371555477087,-2.75316763103711
"hsa-mir-3187",2.03716943840566,3.28770302655537,2.87524506738318,0.0138071355464569,0.674371555477087,-2.77086277692824
"hsa-mir-512-2",2.19498750024039,1.43082708345353,2.86937785159685,0.0139591228837107,0.674371555477087,-2.77922842573217
"hsa-mir-3648-1",-2.07330397363109,5.65076876795348,-2.86474861433202,0.0140802112937974,0.674371555477087,-2.78582885425323
"hsa-mir-575",1.79743914092625,0.898719570463127,2.86120559608087,0.0141735903393244,0.674371555477087,-2.79088047764759
"hsa-mir-4731",1.99242664116664,1.32954665391665,2.857382437997,0.0142750415445472,0.674371555477087,-2.79633145279252
"hsa-mir-6886",-1.7233083338141,1.19498750024039,-2.85018302428997,0.0144680429065406,0.674371555477087,-2.8065959762347
"hsa-mir-1908",2.23893982044332,3.11946991022166,2.80658886762199,0.0156931522675322,0.706108849938799,-2.86873866379906
"hsa-mir-1293",1.8715699480384,1.46410580759292,2.7965147789356,0.0159905460653602,0.706108849938799,-2.88309502235217
"hsa-mir-3684",1.63563019853617,1.48448176593475,2.7754907152541,0.0166292400369113,0.711133312387619,-2.91304908628023
"hsa-mir-4724",1.65909330783331,2.60352268554577,2.74385711777928,0.017637957598692,0.711133312387619,-2.95809740266539
"hsa-mir-663b",-2.01447409343037,4.92678359239005,-2.71874651671946,0.0184813856421348,0.711133312387619,-2.9938334365168
"hsa-mir-6836",-1.79743914092625,1.42704040403685,-2.71048957951937,0.0187673001236743,0.711133312387619,-3.00557904254693
"hsa-mir-514a-3",2.41676613930211,3.73670390322477,2.70829504354294,0.018844019507235,0.711133312387619,-3.00870033134687
"hsa-mir-1248",1.93556223364077,7.95648106338362,2.70209615342322,0.0190623974340625,0.711133312387619,-3.01751591362418
"hsa-mir-503",1.723449781847,7.32954399193575,2.70185572781973,0.0190709171975226,0.711133312387619,-3.01785779502983
"hsa-mir-610",2.04309433898166,1.68821383615749,2.67107609348058,0.0201930857093718,0.729664766715255,-3.06160388357317
"hsa-mir-523",1.52832083357372,0.764160416786859,2.66459324512837,0.0204375709389851,0.729664766715255,-3.07081176892588
"hsa-mir-4488",-2.45830869407533,9.0412451281304,-2.64019602604196,0.0213839311584888,0.747546593415503,-3.10544358148002
"hsa-mir-3141",-1.53423786386009,4.95453307333707,-2.61157188317281,0.0225490250180687,0.760857621682427,-3.14602984191681
"hsa-mir-4777",1.70976100564832,1.18821383615749,2.59551761151346,0.0232294086124592,0.760857621682427,-3.16876942610898
"hsa-mir-4725",1.9001465727137,1.28340661969018,2.57973725585325,0.0239176963435523,0.760857621682427,-3.19110295857513
"hsa-mir-4311",-1.8764522066932,1.60489277001327,-2.54351963149661,0.0255734098463466,0.760857621682427,-3.24228711899484
"hsa-mir-3138",1.92083356209111,2.56286842173143,2.5293684644204,0.0262501998133157,0.760857621682427,-3.26225597518301
"hsa-mir-645",-1.7233083338141,1.19498750024039,-2.5207420802235,0.0266712690033808,0.760857621682427,-3.27441989524941
"hsa-mir-520g",1.77397603162912,0.88698801581456,2.51233122044396,0.0270881299813665,0.760857621682427,-3.28627323133772
"hsa-mir-517b",2.08264250448119,1.0413212522406,2.5120180879324,0.0271037710185763,0.760857621682427,-3.28671439610527
"hsa-mir-6840",1.57898853138874,1.31781509926809,2.50601390098425,0.027405382191858,0.760857621682427,-3.29517172234493
"hsa-mir-3648-2",-1.75637758416378,5.84840303557176,-2.49210638562901,0.0281165617429492,0.760857621682427,-3.31474784198593
"hsa-mir-4690",1.43372317824019,3.28827676167547,2.48555054905395,0.0284579759968817,0.760857621682427,-3.3239690231958
"hsa-mir-3655",-1.53231171412908,2.73511938893405,-2.48228549189815,0.0286295081605672,0.760857621682427,-3.32855986859434
"hsa-mir-5692c-2",1.38997500048077,0.694987500240385,2.48135506532596,0.0286785718546737,0.760857621682427,-3.32986789464655
"hsa-mir-496",1.50259821339957,2.2796199402735,2.4794876245259,0.0287772924580346,0.760857621682427,-3.33249293383399
"hsa-mir-6724-1",1.97427737982585,2.71044702372703,2.47440408684646,0.0290476989525712,0.760857621682427,-3.33963693449838
"hsa-mir-520a",1.96896353186951,0.984481765934753,2.47004045019699,0.0292817722416142,0.760857621682427,-3.34576704144692
"hsa-mir-34b",2.16234536001063,3.24512371211521,2.4664999602227,0.0294730306372811,0.760857621682427,-3.35073926577957
"hsa-mir-4780",1.68146470645282,1.84073235322641,2.45189075646091,0.0302750803592363,0.769720982466644,-3.37124163237403
"hsa-mir-7702",1.46410580759292,2.26037373737018,2.44272571516542,0.0307889674138287,0.771102795826934,-3.38409140506867
"hsa-mir-4679-2",1.97762860138049,2.47529150690268,2.41901739140166,0.03215766431501,0.792375141014024,-3.41728549376878
"hsa-mir-1469",-2.51305293703601,1.78484730209172,-2.40496161961736,0.0329966134605366,0.792375141014024,-3.43693242466817
"hsa-mir-518e",1.92711990450822,0.96355995225411,2.40399655912215,0.0330549820446851,0.792375141014024,-3.43828045146677
"hsa-mir-6843",1.74079747377882,2.06538623712979,2.38053299181069,0.0345050580709913,0.806303299302245,-3.47101760083889
"hsa-mir-4425",1.38249587077418,4.18853230083032,2.35394711160957,0.0362219599398729,0.806303299302245,-3.50802047274856
"hsa-mir-4417",-2.09973600612909,1.71653466973121,-2.35104373390017,0.0364143470221127,0.806303299302245,-3.51205539119128
"hsa-mir-155",1.81576971412579,14.0332512557617,2.34459688300235,0.0368450438172336,0.806303299302245,-3.521010397669
"hsa-mir-1181",-1.889469327146,3.97916393304367,-2.34429988156984,0.0368650028390526,0.806303299302245,-3.52142280091381
"hsa-mir-937",1.62685400486549,4.88708795279334,2.3431550921632,0.036942031658548,0.806303299302245,-3.52301228376988
"hsa-mir-2276",1.27126039707235,2.63563019853617,2.31287528125924,0.0390362878321634,0.806303299302245,-3.56498241881929
"hsa-mir-3656",-1.56620639772228,9.87198762900258,-2.29476010172143,0.0403429438903998,0.806303299302245,-3.59002285208787
"hsa-mir-548as",1.33333333333333,0.666666666666667,2.293864265777,0.0404086322210377,0.806303299302245,-3.59125977849291
"hsa-mir-4788",1.77397603162912,0.88698801581456,2.27435046869938,0.0418650658649463,0.806303299302245,-3.61817037778359
"hsa-mir-124-2",1.44064269829579,1.24864218272161,2.25487413541904,0.0433684559046328,0.806303299302245,-3.64496450885327
"hsa-mir-549a",2.63859131778378,4.31741347117818,2.24122413381125,0.044452546255964,0.806303299302245,-3.66370326218069
"hsa-mir-4516",-2.6270898694391,7.56348613784372,-2.23088846735086,0.0452904734925204,0.806303299302245,-3.67786958184472
"hsa-mir-6779",1.46410580759292,1.06538623712979,2.22950635432306,0.0454036525570342,0.806303299302245,-3.67976244621914
"hsa-mir-4487",1.49728436544322,1.74864218272161,2.22912850470391,0.0454346407205576,0.806303299302245,-3.68027986603212
"hsa-mir-150",1.6094120365938,13.7572846748479,2.21618625442347,0.0465082437240681,0.806303299302245,-3.697986560442
"hsa-mir-3136",1.42226218023163,1.9061185903562,2.21254655375579,0.0468144716303846,0.806303299302245,-3.70296042849839
"hsa-mir-6131",1.35552253897966,3.37003313517344,2.20951930320542,0.0470706238791432,0.806303299302245,-3.70709541138014
"hsa-mir-514a-1",2.14394859565513,3.64338947038294,2.2051053174938,0.0474464934794673,0.806303299302245,-3.71312139278231
"hsa-mir-5571",1.44305755360906,9.77393240190765,2.19831451495247,0.0480303078229653,0.806303299302245,-3.72238479952721
"hsa-mir-6089-2",-1.59378657117489,2.32521411916116,-2.19485983982393,0.0483299110498577,0.806303299302245,-3.72709388205394
"hsa-mir-518b",1.9001465727137,1.8117274532639,2.19372952427468,0.0484283194282596,0.806303299302245,-3.72863410749574
"hsa-mir-3163",1.30229686520284,1.31781509926809,2.19236910201451,0.0485470126265691,0.806303299302245,-3.7304875517446
"hsa-mir-424",1.42244745176236,8.66867643549959,2.18248897068535,0.0494173086215663,0.806303299302245,-3.74393717566453
"hsa-mir-3145",1.26911830735253,2.30122582034293,2.17901312734282,0.0497269670002544,0.806303299302245,-3.74866408985868
"hsa-mir-591",-1.33333333333333,1,-2.17888143365426,0.0497387353474393,0.806303299302245,-3.74884313616986
"hsa-mir-7844",-1.33333333333333,1,-2.17888143365426,0.0497387353474393,0.806303299302245,-3.74884313616986
"hsa-mir-1245a",1.94147614513885,2.83239223947648,2.1783978100704,0.049781975231921,0.806303299302245,-3.74950062421686
"hsa-mir-3691",1.34414049256413,3.26585681745695,2.17817723138317,0.0498017085371419,0.806303299302245,-3.74980048592345
"hsa-mir-3174",1.8031303120459,3.03233763028254,2.16450874231531,0.0510390073149059,0.806303299302245,-3.76836235424786
"hsa-mir-1323",1.91829583405449,0.959147917027245,2.16136819459483,0.051327360778826,0.806303299302245,-3.77262175283554
"hsa-mir-6769b",1.46181034573117,2.83821453782804,2.15861660953135,0.0515812616668147,0.806303299302245,-3.77635191542293
"hsa-mir-2113",-1.25162916738782,0.959147917027245,-2.15330056580636,0.0520751495162908,0.806303299302245,-3.78355403435784
"hsa-mir-4763",-1.33333333333333,1.52832083357372,-2.15075729694343,0.0523130032261478,0.806303299302245,-3.78699750378584
"hsa-mir-1913",1.33333333333333,1.52832083357372,2.15075729694343,0.0523130032261479,0.806303299302245,-3.78699750378584
"hsa-mir-383",-1.76180073962075,0.880900369810375,-2.13693735988825,0.0536234465175656,0.806303299302245,-3.80568474207095
"hsa-mir-6798",1.29258141664967,2.08693340662062,2.13356353369594,0.0539480145945858,0.806303299302245,-3.81024050205334
"hsa-mir-5583-1",1.19498750024039,0.597493750120193,2.13326735063369,0.0539765958684386,0.806303299302245,-3.81064032593214
"hsa-mir-770",-1.19498750024039,0.597493750120193,-2.13326735063369,0.0539765958684386,0.806303299302245,-3.81064032593214
"hsa-mir-1301",1.4881667191537,9.3705486629112,2.13190429392921,0.0541083124529063,0.806303299302245,-3.81248009644847
"hsa-mir-5193",1.28305836591741,4.06065846385626,2.12368993042383,0.0549085040610407,0.806303299302245,-3.82355863250982
"hsa-mir-548ap",1.44326544607357,3.05496605637012,2.12337055016304,0.054939839254084,0.806303299302245,-3.82398907047579
"hsa-mir-6869",1.52832083357372,1.29248125036058,2.11387389792272,0.0558792799946188,0.806303299302245,-3.8367775045355
"hsa-mir-4755",1.29239963689057,4.06532909934284,2.10449563306683,0.056821768920071,0.806303299302245,-3.84938641267755
"hsa-mir-1915",-1.63563019853617,0.817815099268086,-2.1039023713064,0.0568818879586389,0.806303299302245,-3.85018336357926
"hsa-mir-1273h",1.48871389962347,7.19911410803875,2.10265891909472,0.0570080882606021,0.806303299302245,-3.85185347619228
"hsa-mir-6810",1.6216901399713,2.41329671067152,2.09932928599765,0.0573473107654631,0.806303299302245,-3.85632382936719
"hsa-mir-492",-1.50083344684306,2.91436775553142,-2.09675009553803,0.0576113756651725,0.806303299302245,-3.85978487019993
"hsa-mir-3180-3",1.30229686520284,0.984481765934753,2.09600064467381,0.0576883196397679,0.806303299302245,-3.86079027473728
"hsa-mir-3193",1.30229686520284,0.984481765934753,2.09600064467381,0.057688319639768,0.806303299302245,-3.86079027473728
"hsa-mir-1295a",1.27379812510897,3.62932570372112,2.09159818113277,0.0581422522142859,0.806303299302245,-3.86669361926295
"hsa-mir-518c",1.58496250072116,0.792481250360578,2.08639126995252,0.058683440844829,0.8071378175215,-3.87366977244087
"hsa-mir-3154",1.51477350540794,1.95237425294435,2.06792309327216,0.0606411377736918,0.820526212598584,-3.89836097104951
"hsa-mir-3960",-1.78504596957423,10.7546239771177,-2.06354059839338,0.0611145606396499,0.820526212598584,-3.90420805128436
"hsa-mir-3674",1.52832083357372,0.764160416786859,2.06345516372958,0.0611238239420876,0.820526212598584,-3.90432199054078
"hsa-mir-3911",-1.30229686520284,1.51280259950847,-2.05576683783186,0.0619628126314806,0.823778878842554,-3.91456809093607
"hsa-mir-940",1.28092008606293,4.19140836736546,2.04878488135713,0.0627339991188319,0.823778878842554,-3.92386009303735
"hsa-mir-3131",-2.09380100275277,5.16982692139017,-2.04660896492812,0.0629761580862264,0.823778878842554,-3.92675343381483
"hsa-mir-5701-3",1.57633766559033,8.72377622241665,2.04344488551692,0.063329842294809,0.823778878842554,-3.93095861499777
"hsa-mir-708",1.66543313188303,9.0301995075583,2.03353608446901,0.064449443008616,0.828418052624289,-3.94411132335623
"hsa-mir-6742",-1.30229686520284,1.17946926617514,-2.02623602410219,0.0652860144461167,0.828418052624289,-3.95378512358054
"hsa-mir-4727",1.30229686520284,1.31781509926809,2.01650708725507,0.0664165996914485,0.828418052624289,-3.96665603994033
"hsa-mir-5581",1.30229686520284,1.31781509926809,2.01650708725507,0.0664165996914485,0.828418052624289,-3.96665603994033
"hsa-mir-34a",1.50301289247088,8.88838239261412,2.00262118657351,0.0680617219241646,0.828418052624289,-3.98498311976724
"hsa-mir-6847",1.33333333333333,1.66666666666667,1.99279436483694,0.0692486527214528,0.828418052624289,-3.99792162305724
"hsa-mir-718",-1.38997500048077,0.694987500240385,-1.99011631958979,0.0695754226689543,0.828418052624289,-4.00144312614024
"hsa-mir-7973-1",1.38997500048077,0.694987500240385,1.99011631958979,0.0695754226689543,0.828418052624289,-4.00144312614024
"hsa-mir-4491",1.34813137311948,4.4404683593555,1.98324278806752,0.0704206502931788,0.828418052624289,-4.01047249330151
"hsa-mir-3690-1",1.43197762878481,3.70841545555904,1.98032553185677,0.070782238942962,0.828418052624289,-4.01430078735962
"hsa-mir-3675",-1.19498750024039,0.930827083453526,-1.97639216418439,0.0712724860420568,0.828418052624289,-4.01945877673177
"hsa-mir-6856",-1.19498750024039,0.930827083453526,-1.97639216418439,0.0712724860420568,0.828418052624289,-4.01945877673177
"hsa-mir-6858",1.19498750024039,0.930827083453526,1.97639216418439,0.0712724860420568,0.828418052624289,-4.01945877673177
"hsa-mir-3940",1.71584878186912,5.60594654566617,1.97597284597798,0.0713249334136944,0.828418052624289,-4.02000839200948
"hsa-mir-506",1.81246843743577,1.4345550522916,1.96779613994312,0.0723547984570533,0.828418052624289,-4.03071604472617
"hsa-mir-5701-1",1.54798623506514,8.74515038665368,1.9650736728401,0.0727007263519532,0.828418052624289,-4.03427702207835
"hsa-mir-1972-2",1.15992675467637,3.88226024254102,1.96245825020192,0.073034487135069,0.828418052624289,-4.03769600738424
"hsa-mir-6819",1.19498750024038,2.23312394865637,1.96045532851513,0.0732910386514237,0.828418052624289,-4.04031299172122
"hsa-mir-668",1.73322411494545,2.39493289104645,1.95070598295214,0.0745517066215799,0.828418052624289,-4.05303492778327
"hsa-mir-6849",1.30229686520284,0.65114843260142,1.92888068847489,0.077446471256111,0.828418052624289,-4.08141465275771
"hsa-mir-4471",1.30229686520284,0.65114843260142,1.92888068847489,0.077446471256111,0.828418052624289,-4.08141465275771
"hsa-mir-548j",1.26985865199128,5.27156035391899,1.92354313387975,0.0781699318445599,0.828418052624289,-4.08833372885755
"hsa-mir-8072",-1.77932146712564,8.42579410867855,-1.92072573797985,0.0785542986682797,0.828418052624289,-4.09198248180157
"hsa-mir-6715b",1.17152439094325,3.44866707399905,1.91145477824901,0.0798313525714265,0.828418052624289,-4.10397220965915
"hsa-mir-766",1.27890181800301,6.98791304212107,1.90480445711576,0.0807590895180818,0.828418052624289,-4.11255667599198
"hsa-mir-2355",1.47825353035058,4.88469727922103,1.89434630907185,0.0822379766387297,0.828418052624289,-4.12602889172218
"hsa-mir-1251",1.19498750024039,1.12581458369391,1.89059501134676,0.082774444718578,0.828418052624289,-4.13085304950317
"hsa-mir-6087",-1.06837755454563,10.1003041959196,-1.8815770714274,0.0840771738704073,0.828418052624289,-4.14243203973262
"hsa-mir-5580",-1.2505374567102,3.16350534306017,-1.8746801160074,0.0850860853357336,0.828418052624289,-4.15127034285695
"hsa-mir-6513",1.56342853957398,3.91817791516622,1.87264112496742,0.0853864604540902,0.828418052624289,-4.15388036442034
"hsa-mir-5701-2",1.42346516614356,8.79533192751588,1.87088958916433,0.0856452591753544,0.828418052624289,-4.15612136494439
"hsa-mir-548ak",1.2456551980554,1.15114843260142,1.8665127663187,0.0862950806110834,0.828418052624289,-4.16171697918424
"hsa-mir-1237",1.89203679625978,3.75616924868507,1.86608900001696,0.0863582341553499,0.828418052624289,-4.16225842197015
"hsa-mir-548i-1",1.12694059464698,2.09179113089721,1.86384925391566,0.0866927201914613,0.828418052624289,-4.16511916416519
"hsa-mir-450b",1.25633973165799,7.07603724507757,1.8592915286289,0.0873770143652858,0.828418052624289,-4.17093555474786
"hsa-mir-6894",1.61562776208141,4.11608471557597,1.85787985122562,0.0875899559448932,0.828418052624289,-4.17273571263579
"hsa-mir-1283-1",1.52832083357372,0.764160416786859,1.85741261189469,0.087660539451706,0.828418052624289,-4.17333138882298
"hsa-mir-551b",1.14431980242537,3.40277759998924,1.85277342557345,0.088364165418759,0.828418052624289,-4.17924194482449
"hsa-mir-6740",-1.07413080711215,1.73205290379646,-1.84853323656341,0.089011754699436,0.828418052624289,-4.1846379825657
"hsa-mir-6795",1.19498750024039,0.597493750120193,1.83607949005378,0.0909387287541124,0.828418052624289,-4.2004521397483
"hsa-mir-545",1.19498750024039,2.39493289104645,1.83320184858613,0.0913893270361629,0.828418052624289,-4.20409890007714
"hsa-mir-3191",1.16750011350973,2.99335628692016,1.831917648054,0.091591066148106,0.828418052624289,-4.20572543655863
"hsa-mir-3678",1.31112093565657,2.57385630188277,1.83059781352496,0.0917988229083763,0.828418052624289,-4.20739652774206
"hsa-mir-519d",1.44064269829579,0.720321349147894,1.82936623342095,0.0919930718480187,0.828418052624289,-4.20895534707453
"hsa-mir-142",1.22505707994747,15.2784119261858,1.82564656073782,0.0925820100259767,0.828418052624289,-4.21366024986324
"hsa-mir-6814",-1,0.5,-1.82190770014326,0.0931774189544102,0.828418052624289,-4.21838469384771
"hsa-mir-211",1,0.5,1.82190770014326,0.0931774189544103,0.828418052624289,-4.21838469384771
"hsa-mir-501",1.28175006973101,10.0782317170738,1.81228647165303,0.0947255223424361,0.828418052624289,-4.23052018103397
"hsa-mir-454",1.56568162484633,8.14804955830601,1.80017793852704,0.096706805268374,0.828418052624289,-4.24574758086234
"hsa-mir-1973",-1.44064269829579,1.05365468248123,-1.79382635502997,0.0977609525547573,0.828418052624289,-4.25371472913573
"hsa-mir-342",1.24546842083325,11.9797303515119,1.79311776397486,0.0978791934562063,0.828418052624289,-4.25460267558931
"hsa-mir-520f",1.76180073962075,1.21423370314371,1.79273866489818,0.0979425056290608,0.828418052624289,-4.25507765785613
"hsa-mir-509-3",1.64619981844529,3.6537176079992,1.79025975134447,0.0983574100966703,0.828418052624289,-4.25818229733723
"hsa-mir-625",1.24519826611547,11.4189459874247,1.78577371114562,0.0991122739144801,0.828418052624289,-4.2637951710057
"hsa-mir-6776",-1.05664166714744,0.861654166907052,-1.78506136372604,0.0992326181223169,0.828418052624289,-4.26468579321625
"hsa-mir-6800",1.05664166714744,0.861654166907052,1.78506136372604,0.0992326181223169,0.828418052624289,-4.26468579321625
"hsa-mir-3615",1.17663564851715,11.059390994852,1.7765946471437,0.100673071849229,0.828418052624289,-4.27525755288301
"hsa-mir-3137",-1.10730936496245,1.22032134914789,-1.77302330482827,0.101286275837161,0.828418052624289,-4.27970911206616
"hsa-mir-1299",1.73077338502315,7.04246307281874,1.77094302147187,0.101645005042584,0.828418052624289,-4.28229999588292
"hsa-mir-509-1",1.49728436544323,1.41530884938828,1.75954165367918,0.103631380907004,0.828418052624289,-4.2964719025133
"hsa-mir-4800",-1.2351584360128,3.739686622755,-1.75892376798346,0.103740016634324,0.828418052624289,-4.29723857957056
"hsa-mir-4742",1.71781502253965,3.4635012416755,1.75806584442898,0.103891024423266,0.828418052624289,-4.29830286516669
"hsa-mir-650",-1.00969666309459,5.70108654340805,-1.75023797365315,0.105277957359884,0.828418052624289,-4.30800111362204
"hsa-mir-2115",2.07327129241156,2.33893251140862,1.7468558591955,0.10588229865867,0.828418052624289,-4.31218433576803
"hsa-mir-7973-2",1.10730936496245,0.88698801581456,1.74683481857352,0.105886068031653,0.828418052624289,-4.3122103469035
"hsa-mir-4482",1.72685741521394,2.16572557280981,1.744742143217,0.106261564575791,0.828418052624289,-4.31479656078771
"hsa-mir-3116-1",-1.26911830735253,1.82954665391665,-1.74108278198285,0.106921035021284,0.828418052624289,-4.3193150250913
"hsa-mir-874",1.29715050980689,8.47084205231335,1.74025934149839,0.107069933466786,0.828418052624289,-4.32033109366832
"hsa-mir-3665",-1.75999890478808,8.21890653568981,-1.73983714555836,0.107146348671357,0.828418052624289,-4.32085195577757
"hsa-mir-3591",-1.82136936861559,3.37479049190072,-1.737886338831,0.107500066308017,0.828418052624289,-4.32325779353801
"hsa-mir-4687",1.28414760386205,2.03204880241179,1.73387488278484,0.108230691759321,0.828418052624289,-4.32820043865829
"hsa-mir-431",1.28407467775435,6.30238135833085,1.73311072718934,0.108370371825337,0.828418052624289,-4.32914129213391
"hsa-mir-6735",1.14447880336812,2.50802437570326,1.72806409708598,0.10929688528631,0.828418052624289,-4.3353493248475
"hsa-let-7i",1.25992290767438,18.7428079985806,1.72480370956981,0.10989920541328,0.828418052624289,-4.33935490168086
"hsa-mir-21",1.25183697893903,20.1542259256487,1.72256307596696,0.110314848122875,0.828418052624289,-4.34210530396214
"hsa-mir-6509",1.13077247425959,1.23205290379646,1.72191408816289,0.110435497752341,0.828418052624289,-4.34290158566983
"hsa-mir-4513",1.19498750024039,2.3208020839343,1.71848908047644,0.111074167308032,0.828418052624289,-4.34710126180149
"hsa-mir-20b",1.48897892943139,6.1485789251277,1.71701749302437,0.111349584817246,0.828418052624289,-4.34890431169647
"hsa-mir-6787",1.26045323784155,2.1585474524945,1.71217676175602,0.11225984634915,0.828418052624289,-4.3548294978333
"hsa-mir-4323",-1.19498750024039,0.597493750120193,-1.71094021483237,0.112493426407726,0.828418052624289,-4.35634161508539
"hsa-mir-3116-2",-1.35965044713161,2.12046792186159,-1.71011828546105,0.112648925061429,0.828418052624289,-4.35734638810011
"hsa-mir-6749",1.42709537013001,2.63184351911949,1.7054301494321,0.113539513757107,0.828418052624289,-4.36307242317457
"hsa-mir-4521",1.36594986939055,8.77559456808031,1.70441660403863,0.113732872547009,0.828418052624289,-4.36430923280013
"hsa-mir-34c",1.0257739408266,7.66539936719906,1.70400065226719,0.113812310086747,0.828418052624289,-4.36481669481189
"hsa-mir-130b",1.13470136260161,9.97337727940569,1.7036637972586,0.113876677955314,0.828418052624289,-4.36522760919239
"hsa-mir-4640",1.10730936496245,2.08197551605495,1.70308993236393,0.113986409146359,0.828418052624289,-4.36592753944901
"hsa-mir-941-4",1.19243435427232,9.8506965072724,1.70298896623072,0.114005725012943,0.828418052624289,-4.36605067230814
"hsa-mir-512-1",1.46410580759292,1.06538623712979,1.70256756459342,0.114086374844237,0.828418052624289,-4.36656454810158
"hsa-mir-6873",1,3.27995000096154,1.70195695184909,0.114203326531327,0.828418052624289,-4.36730903327888
"hsa-mir-548ab",1.06764668622343,3.16945354164789,1.70001168501057,0.114576615609271,0.828418052624289,-4.36967981426245
"hsa-mir-616",1.06612389632312,4.06263349335565,1.69969001898878,0.114638446131903,0.828418052624289,-4.37007169994047
"hsa-mir-1255b-2",1.00125071162037,2.89060035629096,1.69884788364303,0.114800461118534,0.828418052624289,-4.37109748140594
"hsa-mir-185",1.15534034214784,12.0311300461839,1.69675190218927,0.115204579481662,0.828418052624289,-4.37364933028117
"hsa-mir-212",1.13117111873564,8.6427405460253,1.69088001798262,0.116343431184437,0.828418052624289,-4.3807891232579
"hsa-mir-518f",1.05664166714744,0.528320833573719,1.68506611351831,0.117480839892837,0.828418052624289,-4.38784498823702
"hsa-mir-6767",1.05664166714744,0.528320833573719,1.68506611351831,0.117480839892837,0.828418052624289,-4.38784498823702
"hsa-mir-8066",-1.05664166714744,0.528320833573719,-1.68506611351831,0.117480839892837,0.828418052624289,-4.38784498823702
"hsa-mir-8075",-1.05664166714744,0.528320833573719,-1.68506611351831,0.117480839892837,0.828418052624289,-4.38784498823702
"hsa-mir-224",1.27940637448225,11.9594448202325,1.67895124168335,0.118687722309396,0.828418052624289,-4.39525160360265
"hsa-mir-4683",1.25799877503706,3.70527228435049,1.67520212212577,0.119433082042404,0.828418052624289,-4.39978531339502
"hsa-mir-1290",1.24170902712409,6.26587115248425,1.66894272264893,0.120686714251742,0.828418052624289,-4.40734203503132
"hsa-mir-4638",0.92970107250046,2.78677863113759,1.66655213446815,0.121168553498015,0.828418052624289,-4.41022391819566
"hsa-mir-514a-2",1.75948315274016,3.74139574327713,1.66625249772003,0.121229066690852,0.828418052624289,-4.41058497056829
"hsa-mir-941-1",1.18115856400853,9.83332339931939,1.66474242066427,0.121534439898824,0.828418052624289,-4.41240400879059
"hsa-mir-3922",1.24863290631207,3.8419314441567,1.66138967131434,0.122214867627024,0.828418052624289,-4.41643941407714
"hsa-mir-1289-1",1.05664166714744,2.57141517255537,1.66033749370937,0.12242909326303,0.828418052624289,-4.41770488200568
"hsa-mir-5087",1.19498750024039,1.26416041678686,1.66002839118376,0.122492089973165,0.828418052624289,-4.41807655782474
"hsa-mir-548ba",-1.66666666666667,2.02832083357372,-1.65332074750955,0.12386618416326,0.828418052624289,-4.42613243307432
"hsa-mir-4634",-1.20627531752915,5.03237511861439,-1.6510491070128,0.124334602886241,0.828418052624289,-4.42885648341985
"hsa-mir-3189",1.10730936496245,0.553654682481227,1.65030313397113,0.124488763731279,0.828418052624289,-4.4297505573775
"hsa-mir-520d",1.10730936496245,0.553654682481227,1.65030313397113,0.124488763731279,0.828418052624289,-4.4297505573775
"hsa-mir-4730",1.10730936496245,0.553654682481227,1.65030313397113,0.12448876373128,0.828418052624289,-4.4297505573775
"hsa-mir-5008",1.10730936496245,0.553654682481227,1.65030313397113,0.12448876373128,0.828418052624289,-4.4297505573775
"hsa-mir-941-2",1.19342363513565,9.79267809906237,1.64986799123308,0.12457876671031,0.828418052624289,-4.43027198467593
"hsa-mir-6875",1.10730936496245,1.41530884938828,1.64882160181442,0.124795431217805,0.828418052624289,-4.43152554289525
"hsa-mir-4492",-1.34667911940813,6.58207894614813,-1.6449190439841,0.125606412360207,0.828418052624289,-4.43619675214285
"hsa-mir-6501",1.04496736314871,5.13895204855694,1.64397230952188,0.12580384673539,0.828418052624289,-4.43732900491635
"hsa-mir-4421",-1.10730936496245,1.66096404744368,-1.64339454644599,0.125924468637795,0.828418052624289,-4.43801980127369
"hsa-mir-941-3",1.16092549699524,9.83864836147133,1.63500590258413,0.127687260726329,0.828418052624289,-4.44803392606794
"hsa-mir-1236",1,1.16666666666667,1.6341610752407,0.127865985807006,0.828418052624289,-4.44904082643867
"hsa-mir-3198-1",1,0.833333333333333,1.6341610752407,0.127865985807006,0.828418052624289,-4.44904082643867
"hsa-mir-4436a",1,1.16666666666667,1.6341610752407,0.127865985807006,0.828418052624289,-4.44904082643867
"hsa-mir-4494",1,0.833333333333333,1.6341610752407,0.127865985807006,0.828418052624289,-4.44904082643867
"hsa-mir-4632",1,1.16666666666667,1.6341610752407,0.127865985807006,0.828418052624289,-4.44904082643867
"hsa-mir-3910-2",1.2456551980554,2.01280259950847,1.63341814373144,0.128023335610862,0.828418052624289,-4.44992603571411
"hsa-mir-4746",1.05797207331939,5.28606742194822,1.63184407886832,0.128357276280195,0.828418052624289,-4.4518007817757
"hsa-mir-3653",1.01243696719383,7.52997292513753,1.62990758548116,0.128769152727288,0.828418052624289,-4.4541057588169
"hsa-mir-3134",-1.30229686520284,1.65114843260142,-1.62775742638669,0.129227828732197,0.828418052624289,-4.45666320759722
"hsa-mir-4646",1.29347279474911,2.46654693692032,1.62510460671605,0.129795702109379,0.828418052624289,-4.45981584210644
"hsa-mir-3199-1",1.1458017707691,3.20853108392072,1.62454296848801,0.129916208172585,0.828418052624289,-4.46048291608265
"hsa-mir-935",0.974277379825846,3.31775638868948,1.62405678380148,0.130020603764891,0.828418052624289,-4.46106026380713
"hsa-mir-484",1.14527538265778,11.7218818385821,1.62018735688327,0.130854080246994,0.828418052624289,-4.46565165990897
"hsa-mir-222",1.23468663218732,13.853379419702,1.61888202870391,0.131136299552463,0.828418052624289,-4.46719910435471
"hsa-mir-629",0.982608286901135,11.2102355212004,1.61692400450687,0.13156063205569,0.828418052624289,-4.46951894745328
"hsa-mir-3124",0.943358332852562,2.38997500048077,1.60801840378785,0.133505760108262,0.828418052624289,-4.48004949654706
"hsa-mir-4510",1.1482616142243,1.96410580759292,1.60525571156581,0.134114250124772,0.828418052624289,-4.48330935180198
"hsa-mir-450a-2",1.0382718946651,8.00625179597659,1.60454766611482,0.1342705873299,0.828418052624289,-4.48414428396619
"hsa-mir-6515",0.994607216609088,5.06469450342639,1.60309719693135,0.134591348154595,0.828418052624289,-4.48585401066592
"hsa-mir-7978",0.992426641166638,1.82954665391665,1.60065911140894,0.135132016487388,0.828418052624289,-4.48872582831762
"hsa-mir-7111",-1.14431980242537,2.01280259950847,-1.59830827914889,0.135655124472259,0.828418052624289,-4.49149242829738
"hsa-mir-6721",0.943358332852562,1.86165416690705,1.59368361525076,0.136689348692218,0.828418052624289,-4.49692798954614
"hsa-mir-3178",-1.11328333429487,2.88997500048077,-1.5879106249376,0.137989985937554,0.828418052624289,-4.50370011015376
"hsa-mir-7974",1.51307358185491,7.51243106540097,1.58189258436607,0.139357255987147,0.828418052624289,-4.51074410215865
"hsa-mir-3180-5",0.91829583405449,1.12581458369391,1.57983449936211,0.139827531418197,0.828418052624289,-4.51314937982106
"hsa-mir-5091",-0.93115373561248,5.04718814697276,-1.57847159369482,0.140139713855083,0.828418052624289,-4.51474117135656
"hsa-mir-577",1.02759788054975,6.87792744688134,1.57734143534011,0.140399041851381,0.828418052624289,-4.51606050342326
"hsa-mir-4532",-1.0153038558542,9.33880112871551,-1.56763871846455,0.142642592640104,0.828418052624289,-4.52736393298185
"hsa-mir-153-1",-1.14920436760791,3.66973625675804,-1.56268708369559,0.143799456163752,0.828418052624289,-4.53311623360244
"hsa-mir-3919",-1,0.5,-1.55971461531862,0.14449780746964,0.828418052624289,-4.53656404259969
"hsa-mir-5685",1,0.5,1.55971461531862,0.14449780746964,0.828418052624289,-4.53656404259969
"hsa-mir-608",-1,0.5,-1.55971461531862,0.14449780746964,0.828418052624289,-4.53656404259969
"hsa-mir-617",-1,0.5,-1.55971461531862,0.14449780746964,0.828418052624289,-4.53656404259969
"hsa-mir-8077",-1,0.5,-1.55971461531862,0.14449780746964,0.828418052624289,-4.53656404259969
"hsa-mir-516a-2",1,0.5,1.55971461531862,0.144497807469641,0.828418052624289,-4.53656404259969
"hsa-mir-6719",1,0.5,1.55971461531862,0.144497807469641,0.828418052624289,-4.53656404259969
"hsa-mir-1295b",1.09513407295408,2.32154306810616,1.55943951982366,0.144562586142868,0.828418052624289,-4.53688292830598
"hsa-mir-184",1.52671516147446,4.85926170725371,1.55752865603148,0.145013242790231,0.828418052624289,-4.53909702312326
"hsa-mir-6824",-0.861654166907052,1.43082708345353,-1.55368149651418,0.145924231504383,0.828418052624289,-4.54354966548209
"hsa-mir-1292",1.11344832971988,5.81178499249039,1.55279379451379,0.14613513432684,0.828418052624289,-4.54457612436029
"hsa-mir-3164",1.0331785578503,2.31402841985141,1.55157849621715,0.146424294465173,0.828418052624289,-4.54598080525783
"hsa-mir-6855",0.885117276204185,3.07818883663827,1.55119234254403,0.146516276516331,0.828418052624289,-4.54642699343218
"hsa-mir-1225",-1.10730936496245,0.88698801581456,-1.54808230128851,0.147258907081485,0.828418052624289,-4.55001806914901
"hsa-mir-146a",0.992510730643227,16.3915076374038,1.54725596637881,0.147456767537108,0.828418052624289,-4.55097147239177
"hsa-mir-122",-1.63115669328207,3.40054084736219,-1.54460248378502,0.148093674707163,0.828418052624289,-4.5540308791805
"hsa-mir-4707",1.46898806624772,3.19859984071678,1.54437400929433,0.148148625264442,0.828418052624289,-4.55429415451642
"hsa-mir-6804",1,1.02832083357372,1.54134341470594,0.148879176868106,0.828418052624289,-4.55778409932507
"hsa-mir-365b",1.21209680162204,7.45579362511145,1.53540174969834,0.150320460434223,0.828418052624289,-4.56461408885303
"hsa-mir-760",1.02427202176198,6.1606820614896,1.53485550091568,0.15045356492232,0.828418052624289,-4.56524118857874
"hsa-mir-193b",1.05304499511971,9.09252760416506,1.52817152324523,0.152090461409208,0.828418052624289,-4.57290327706219
"hsa-mir-550b-1",0.976151401025341,4.90896974796673,1.52268448828799,0.153445620883344,0.828418052624289,-4.57917773741944
"hsa-mir-4518",1.01479803978615,1.84073235322641,1.52245468176114,0.153502602300358,0.828418052624289,-4.57944021601897
"hsa-mir-146b",1.04099815366632,17.224695720758,1.5191408837272,0.154326288053693,0.828418052624289,-4.58322239487695
"hsa-mir-6842",1.08253005554193,7.81146760085019,1.51753899521763,0.154725811907579,0.828418052624289,-4.58504885230408
"hsa-mir-6084",-1.13077247425959,0.898719570463127,-1.51729267090872,0.15478732560572,0.828418052624289,-4.58532960193668
"hsa-mir-2114",1.13077247425959,0.898719570463127,1.51729267090872,0.15478732560572,0.828418052624289,-4.58532960193668
"hsa-mir-7110",-1.26529800515048,8.07694491829282,-1.51597889830725,0.155115762870055,0.828418052624289,-4.58682650049518
"hsa-mir-6839",1,1.69498750024039,1.51426190025432,0.155545903067225,0.828418052624289,-4.58878160543036
"hsa-mir-7706",1.06248336777139,8.52947473097369,1.51329959193083,0.155787425006303,0.828418052624289,-4.58987675567486
"hsa-mir-330",1.00903223919475,10.1859901312639,1.50722145045188,0.157320345130712,0.828418052624289,-4.59678384622855
"hsa-mir-103a-2",1.08171348126139,11.9639089331705,1.49882454057691,0.159459229935064,0.828418052624289,-4.60629709622777
"hsa-mir-4467",1.60245164068587,0.801225820342934,1.49617103863744,0.160140270562174,0.828418052624289,-4.60929637639574
"hsa-mir-5582",1.1531438728791,1.77155943667993,1.49589105064986,0.160212275797748,0.828418052624289,-4.60961265302921
"hsa-mir-22",1.04276793754729,15.036110064433,1.49317004332972,0.160913481134559,0.828418052624289,-4.61268436607048
"hsa-mir-6772",1.14431980242537,1.67946926617514,1.49154073783394,0.161334603153007,0.828418052624289,-4.61452196764848
"hsa-mir-941-5",1.04914831389832,9.80760609062964,1.48699925024858,0.162513380014718,0.828418052624289,-4.61963730668628
"hsa-mir-103b-2",1.06539186722471,12.4104566172551,1.48513575402565,0.162999178156849,0.828418052624289,-4.62173338882692
"hsa-mir-4775",0.861654166907053,3.19722975624929,1.48056350236374,0.164196355081649,0.828418052624289,-4.62686918430858
"hsa-mir-877",1.00348554878378,7.05370279525835,1.47734443836431,0.165043688948792,0.828418052624289,-4.6304789161879
"hsa-mir-552",-1.04472552640587,10.3004918849946,-1.46796977958534,0.167532465966003,0.828418052624289,-4.6409624687112
"hsa-mir-5010",0.967272877068357,6.5994121838164,1.4669724928142,0.167799084841583,0.828418052624289,-4.64207518548598
"hsa-mir-1224",-0.960221240688344,6.08198326470397,-1.46547834392472,0.168199208638187,0.828418052624289,-4.6437413575612
"hsa-mir-409",1.15449401959935,11.8083855100254,1.46330594217738,0.168782403517025,0.828418052624289,-4.64616190865381
"hsa-mir-4498",0.949332302184984,2.35595154768407,1.46021373124503,0.169615474092158,0.828418052624289,-4.64960331923154
"hsa-mir-6825",1.05664166714744,0.861654166907052,1.45911411768721,0.169912556282666,0.828418052624289,-4.65082597108084
"hsa-mir-6770-1",0.861654166907052,0.764160416786859,1.45565484502582,0.17085001328895,0.828418052624289,-4.65466840147492
"hsa-mir-4781",1.09459765533353,4.26977154294401,1.45412826124333,0.17126510082167,0.828418052624289,-4.6563621838974
"hsa-mir-29b-1",0.938316660771642,10.527076804145,1.45310994513691,0.171542459935146,0.828418052624289,-4.65749138626618
"hsa-mir-519a-1",1.26911830735253,0.967892487009601,1.45038049447569,0.172287750008427,0.828418052624289,-4.66051550372805
"hsa-mir-4420",1,2.4357849740192,1.44146075865712,0.17474237793491,0.828418052624289,-4.67037222144006
"hsa-mir-548h-1",0.968963531869506,1.67946926617514,1.43950632935738,0.175284129941241,0.828418052624289,-4.67252662123685
"hsa-mir-3177",0.921844915454327,4.57568776036577,1.43920239415337,0.17536850504378,0.828418052624289,-4.67286148120768
"hsa-mir-1261",-0.918527090777851,3.21485905895389,-1.43804962392793,0.175688834573745,0.828418052624289,-4.67413112011141
"hsa-mir-3936",-1,0.833333333333333,-1.43700645407334,0.175979132175586,0.828418052624289,-4.67527946946876
"hsa-mir-6796",-1,0.833333333333333,-1.43700645407334,0.175979132175586,0.828418052624289,-4.67527946946876
"hsa-mir-511",0.901925497352813,10.2563307860551,1.43699706505642,0.175981746818485,0.828418052624289,-4.67528980265612
"hsa-mir-346",1.13187334848387,3.60988899444486,1.4359762753804,0.176266209877468,0.828418052624289,-4.67641297854606
"hsa-mir-4747",1,1.36165416690705,1.43163891854341,0.17747920858444,0.828418052624289,-4.68117949819924
"hsa-mir-103a-1",1.01948680212416,11.9568648186836,1.42939446722975,0.178109643712017,0.828418052624289,-4.68364228359096
"hsa-mir-6516",1.03251937572789,4.73087841778885,1.42838988578785,0.17839242439486,0.828418052624289,-4.68474375878404
"hsa-mir-6731",1.02346310929713,2.28570758627769,1.42817603074636,0.178452671238769,0.828418052624289,-4.68497817428085
"hsa-mir-103b-1",1.03275209069932,12.4087778321657,1.4249479808667,0.179364144742798,0.828418052624289,-4.68851374639922
"hsa-mir-4688",0.991334930489018,2.09811910593038,1.42292752315746,0.179936623820639,0.828418052624289,-4.69072398000133
"hsa-mir-361",0.918947211427609,13.5229136081025,1.42141942560853,0.1803649264422,0.828418052624289,-4.69237236923104
"hsa-mir-548aw",-1.16395103210989,1.58197551605495,-1.42133111325375,0.180390033744085,0.828418052624289,-4.69246886083622
"hsa-mir-4484",0.949332302184984,2.77696301629533,1.41972910560487,0.180845994266026,0.828418052624289,-4.6942185488444
"hsa-mir-365a",1.25231316435271,7.7265295176511,1.41883053902841,0.18110216443301,0.828418052624289,-4.69519937373004
"hsa-mir-6866",1.03539980127731,4.51012654180529,1.4163224683282,0.181818790219209,0.828418052624289,-4.69793485100826
"hsa-mir-3620",0.838108591975325,5.02962199572576,1.41365480711352,0.182583614986308,0.828418052624289,-4.70084084043938
"hsa-mir-4530",0.861654166907052,0.430827083453526,1.41312209091061,0.182736667460358,0.828418052624289,-4.70142071051556
"hsa-mir-6828",0.861654166907052,0.430827083453526,1.41312209091061,0.182736667460358,0.828418052624289,-4.70142071051556
"hsa-mir-3689e",0.861654166907052,0.430827083453526,1.41312209091061,0.182736667460359,0.828418052624289,-4.70142071051556
"hsa-mir-3914-1",-0.861654166907052,0.430827083453526,-1.41312209091061,0.182736667460359,0.828418052624289,-4.70142071051556
"hsa-mir-4304",-0.861654166907052,0.430827083453526,-1.41312209091061,0.182736667460359,0.828418052624289,-4.70142071051556
"hsa-mir-4686",-0.861654166907052,0.430827083453526,-1.41312209091061,0.182736667460359,0.828418052624289,-4.70142071051556
"hsa-mir-4698",-0.861654166907052,0.430827083453526,-1.41312209091061,0.182736667460359,0.828418052624289,-4.70142071051556
"hsa-mir-4771-2",-0.861654166907052,0.430827083453526,-1.41312209091061,0.182736667460359,0.828418052624289,-4.70142071051556
"hsa-mir-5194",0.861654166907052,0.430827083453526,1.41312209091061,0.182736667460359,0.828418052624289,-4.70142071051556
"hsa-mir-519a-2",0.861654166907052,0.430827083453526,1.41312209091061,0.182736667460359,0.828418052624289,-4.70142071051556
"hsa-mir-544a",0.861654166907052,0.430827083453526,1.41312209091061,0.182736667460359,0.828418052624289,-4.70142071051556
"hsa-mir-614",-0.861654166907052,0.430827083453526,-1.41312209091061,0.182736667460359,0.828418052624289,-4.70142071051556
"hsa-mir-626",-0.861654166907052,0.430827083453526,-1.41312209091061,0.182736667460359,0.828418052624289,-4.70142071051556
"hsa-mir-7975",-0.861654166907052,0.430827083453526,-1.41312209091061,0.182736667460359,0.828418052624289,-4.70142071051556
"hsa-mir-8071-2",0.861654166907052,0.430827083453526,1.41312209091061,0.182736667460359,0.828418052624289,-4.70142071051556
"hsa-mir-450a-1",0.871297755270987,8.04935711929087,1.41295181444855,0.182785611473801,0.828418052624289,-4.70160602831528
"hsa-mir-607",0.885117276204185,2.21653466973121,1.41222255335131,0.182995353058116,0.828418052624289,-4.70239953945457
"hsa-mir-550a-3",0.911486246185211,4.97649059783296,1.40764884646982,0.184315375468359,0.828418052624289,-4.7073699417924
"hsa-mir-1185-1",1.11325130147048,4.57584343072322,1.40538253478081,0.184972395144492,0.828418052624289,-4.70982880906616
"hsa-mir-4522",-1.17152439094325,1.85488050282416,-1.40292017760161,0.185688461344003,0.828418052624289,-4.71249735844209
"hsa-mir-4738",-0.861654166907052,1.29248125036058,-1.40129115746968,0.186163456869405,0.828418052624289,-4.71426105711673
"hsa-mir-6874",0.861654166907052,1.29248125036058,1.40129115746968,0.186163456869406,0.828418052624289,-4.71426105711673
"hsa-mir-29b-2",0.870485931699331,10.559767635348,1.38980862172055,0.189540337246663,0.828418052624289,-4.7266536141602
"hsa-mir-182",1.1150476702026,12.8376689558781,1.38899071986446,0.189782801629792,0.828418052624289,-4.72753370104402
"hsa-mir-5090",1.06655744827879,2.53327872413939,1.38638749317057,0.190556234024116,0.828418052624289,-4.73033250789176
"hsa-mir-494",1.24412021639589,7.14949958344512,1.38637843544426,0.190558929680698,0.828418052624289,-4.73034223989332
"hsa-mir-363",1.28436579372025,10.9071131922602,1.38602774277446,0.190663323132517,0.828418052624289,-4.73071900557627
"hsa-mir-4455",0.861654166907053,2.34912291750802,1.38337455717963,0.191454655527607,0.828418052624289,-4.73356734586995
"hsa-mir-6845",0.968963531869506,0.817815099268086,1.38080452900272,0.192223779325685,0.828418052624289,-4.73632286591235
"hsa-mir-1302-6",-0.968963531869506,0.817815099268086,-1.38080452900272,0.192223779325685,0.828418052624289,-4.73632286591235
"hsa-mir-5093",-0.968963531869506,0.817815099268086,-1.38080452900272,0.192223779325685,0.828418052624289,-4.73632286591235
"hsa-mir-3200",0.936305145348408,4.34460477936741,1.37840412630035,0.192944449654611,0.828418052624289,-4.73889335929018
"hsa-mir-6511a-2",0.933325130564003,2.59743503954159,1.37461369828688,0.194086998783588,0.828418052624289,-4.74294614709372
"hsa-mir-3157",0.945482611192644,4.02666733818698,1.37186675516797,0.194918502303149,0.828418052624289,-4.7458784467159
"hsa-mir-3917",-1,3.19227186568361,-1.36927415949516,0.195705982849854,0.828418052624289,-4.74864229224674
"hsa-mir-18b",0.987112793210299,2.92202380289257,1.36451035287124,0.197159799502274,0.828418052624289,-4.75371139337478
"hsa-mir-1266",0.838235873634083,5.54890542203167,1.36206130087713,0.19791066041887,0.828418052624289,-4.75631265960314
"hsa-mir-6756",0.85568019757463,2.94858757352767,1.36127297341024,0.198152856591996,0.828418052624289,-4.75714929767403
"hsa-mir-522",1.19498750024039,0.597493750120193,1.36036084528119,0.198433392511647,0.828418052624289,-4.75811690597054
"hsa-mir-887",1.06761435583604,4.98650774706497,1.35533123585056,0.199986190219886,0.828418052624289,-4.76344438746633
"hsa-mir-1303",0.935304778956851,9.26100595579685,1.34866951052691,0.202058247631887,0.828418052624289,-4.77047958394692
"hsa-mir-3912",1.05441011628943,4.11216755886587,1.34801899326457,0.202261525770401,0.828418052624289,-4.77116528011586
"hsa-mir-5001",0.972556811453919,4.86270607804195,1.34572705895476,0.202979063607327,0.828418052624289,-4.77357932409881
"hsa-mir-323a",1.09065745844138,7.53785739168477,1.345009420901,0.203204164154257,0.828418052624289,-4.77433460842636
"hsa-mir-4525",-0.810986469092035,3.76443176689629,-1.34354390875833,0.20366448551128,0.828418052624289,-4.77587612710546
"hsa-mir-544b",-1.68481592800746,2.07588787005076,-1.34346325675886,0.203689843332739,0.828418052624289,-4.77596092798355
"hsa-mir-933",1.01479803978615,2.17406568655974,1.34280568805214,0.203896686348978,0.828418052624289,-4.77665219068047
"hsa-mir-1246",1.01178247190677,9.96787307513319,1.3403479886587,0.204671298715179,0.828418052624289,-4.77923373186982
"hsa-mir-320c-1",0.804309382413655,7.73987438402227,1.33372045948403,0.206772171065905,0.828418052624289,-4.78617872798872
"hsa-mir-125b-1",0.979364412783957,12.5540139666414,1.33207469508938,0.207296590296314,0.828418052624289,-4.78789958713334
"hsa-mir-6718",1.01963122968452,1.03813644841598,1.32684967161937,0.208968741220625,0.828418052624289,-4.79335312911898
"hsa-mir-362",1.13908474619994,8.71749147171091,1.32672350581049,0.209009253527779,0.828418052624289,-4.79348462641976
"hsa-mir-487a",0.887439999104287,4.78681574187489,1.32559766084624,0.209371050424198,0.828418052624289,-4.7946576572603
"hsa-mir-1273g",-0.758721737616147,7.70480415994706,-1.32350610453296,0.210044540836659,0.828418052624289,-4.7968350109581
"hsa-mir-6827",0.84810683874127,1.95237425294435,1.32235402948814,0.210416268148375,0.828418052624289,-4.79803330939371
"hsa-mir-543",1.02058048820058,10.2000533443308,1.32060779032012,0.210980730234561,0.828418052624289,-4.79984820638688
"hsa-mir-1245b",0.993612580971035,2.99409065592874,1.31896497254331,0.211512887814941,0.828418052624289,-4.80155406880162
"hsa-mir-1283-2",1.10730936496245,0.553654682481227,1.31864275050614,0.211617393274338,0.828418052624289,-4.80188848031097
"hsa-mir-125b-2",0.985430249591277,12.3909020945108,1.3150443312511,0.212787318459761,0.828418052624289,-4.80561909637302
"hsa-mir-4740",0.861654166907052,1.09749375012019,1.31430468620364,0.213028444221997,0.828418052624289,-4.80638501937669
"hsa-mir-3908",0.815699131074702,7.2672306437159,1.31338268341213,0.213329330131216,0.828418052624289,-4.80733935109722
"hsa-mir-2278",-0.797439140926253,2.26037373737018,-1.30463665502011,0.216200717995783,0.828418052624289,-4.81636837388805
"hsa-mir-452",0.865511050239354,10.1603845505253,1.30298277234247,0.216747210626528,0.828418052624289,-4.81807094118974
"hsa-mir-6812",0.848106838741272,3.10551812582345,1.30266695691521,0.21685169280653,0.828418052624289,-4.81839587797865
"hsa-mir-4265",-0.773976031629121,1.38698801581456,-1.30187642372497,0.217113406335978,0.828418052624289,-4.81920899685428
"hsa-mir-2861",-1.17683823889959,1.64506078659723,-1.30160750748965,0.217202491947933,0.828418052624289,-4.81948551577016
"hsa-mir-6715a",0.896018664561754,3.36630516633537,1.30072741368817,0.217494253428928,0.828418052624289,-4.82039020600582
"hsa-mir-140",0.852126985138575,13.8562499217383,1.29980919256126,0.217798992965818,0.828418052624289,-4.82133362320069
"hsa-mir-6876",1,1.16666666666667,1.29742762002029,0.218591002045791,0.828418052624289,-4.8237783264525
"hsa-mir-7703",1,0.833333333333333,1.29742762002029,0.218591002045791,0.828418052624289,-4.8237783264525
"hsa-mir-3928",0.802649358164174,5.16858533309912,1.29690276926012,0.218765858100983,0.828418052624289,-4.82431665864098
"hsa-mir-548t",0.93411808033308,3.85870093433343,1.2948265969509,0.219458652720418,0.828418052624289,-4.82644463112925
"hsa-mir-500b",0.868946783696266,5.89182300027239,1.29428266077733,0.219640451003379,0.828418052624289,-4.82700173462706
"hsa-mir-8085",1.05664166714744,0.528320833573719,1.291821799775,0.220464460111822,0.828418052624289,-4.829520069079
"hsa-mir-3916",0.828475609056747,3.10650967021198,1.29078355932725,0.220812859208154,0.828418052624289,-4.83058152592928
"hsa-mir-548f-5",1.07603535751028,2.45631351280963,1.28935053925004,0.221294463761127,0.828418052624289,-4.83204558320918
"hsa-mir-4667",0.955416203703724,2.67269560209225,1.28733733705984,0.22197248644826,0.828418052624289,-4.83410041348803
"hsa-mir-138-1",0.810661971888827,6.28919242074674,1.28577788622744,0.222498842598603,0.828418052624289,-4.83569052190984
"hsa-mir-1255b-1",0.802552656304416,2.80116710976433,1.28300093094939,0.223438631214813,0.828418052624289,-4.83851863206533
"hsa-mir-6724-3",1.09973600612909,2.74485550330493,1.27679048695139,0.225551972925433,0.828418052624289,-4.84482750252081
"hsa-mir-133b",-0.88247348024402,4.42717926039992,-1.27673470048978,0.225571029055769,0.828418052624289,-4.84488407282251
"hsa-mir-1302-1",0.805012499759615,1.45914791702724,1.27361383764362,0.226639150746559,0.828418052624289,-4.8480459349907
"hsa-mir-126",0.876388707940801,17.0166752763677,1.27275333299357,0.226934374188673,0.828418052624289,-4.84891675799254
"hsa-mir-6854",0.861654166907053,2.53813644841598,1.2722018680264,0.227123734175305,0.828418052624289,-4.84947461119501
"hsa-mir-4258",-0.861654166907052,0.764160416786859,-1.27017995546591,0.227819097074247,0.828418052624289,-4.85151844499848
"hsa-mir-4794",0.861654166907052,0.764160416786859,1.27017995546591,0.227819097074247,0.828418052624289,-4.85151844499848
"hsa-mir-5702",-0.861654166907052,0.764160416786859,-1.27017995546591,0.227819097074247,0.828418052624289,-4.85151844499848
"hsa-mir-6132",0.861654166907052,0.764160416786859,1.27017995546591,0.227819097074247,0.828418052624289,-4.85151844499848
"hsa-mir-3619",0.861654166907052,0.764160416786859,1.27017995546591,0.227819097074247,0.828418052624289,-4.85151844499849
"hsa-mir-3605",0.989841149896869,6.76346828220622,1.26906337587927,0.228203835845681,0.828418052624289,-4.85264611859935
"hsa-mir-3909",0.915394809803876,6.94528868447641,1.26809584199211,0.228537639660522,0.828418052624289,-4.85362268285452
"hsa-mir-16-2",0.905322766621866,12.1035885328339,1.26739527812326,0.228779582002234,0.828418052624289,-4.85432944738493
"hsa-mir-425",0.831005972902881,12.5813267887331,1.26535071820577,0.229486853350503,0.828418052624289,-4.85639047891231
"hsa-mir-2110",0.836447048814499,8.88266891875592,1.26460139631191,0.229746503653894,0.828418052624289,-4.85714523102667
"hsa-mir-3942",0.805012499759615,1.26416041678686,1.25968215019116,0.231456940617644,0.828418052624289,-4.86209203161658
"hsa-mir-144",-0.916550376788779,8.78284770567686,-1.25639639117558,0.232605075826795,0.828418052624289,-4.8653883520703
"hsa-mir-320a",0.902129761920643,14.1988546409317,1.25618592829568,0.232678772309575,0.828418052624289,-4.86559927692636
"hsa-mir-320c-2",0.762064744841199,7.45846853686015,1.25560249259013,0.232883167975885,0.828418052624289,-4.8661838581315
"hsa-mir-1228",0.878529524597041,3.76502473679849,1.25526909826814,0.233000030793923,0.828418052624289,-4.86651781780396
"hsa-mir-4479",0.991334930489019,2.36723741328291,1.25345901899515,0.233635325755153,0.828418052624289,-4.86832983319031
"hsa-mir-1276",1.10730936496245,2.1892848810174,1.25135045442025,0.234377125817486,0.828418052624289,-4.87043823707145
"hsa-mir-548i-2",0.797439140926253,1.83936226875891,1.25025106863193,0.234764638458049,0.828418052624289,-4.8715365065507
"hsa-mir-16-1",0.845564485189817,11.3255405818518,1.25015499724261,0.234798526078794,0.828418052624289,-4.8716324467384
"hsa-mir-4489",0.861654166907052,1.09749375012019,1.24972131619613,0.234951548598441,0.828418052624289,-4.87206546817776
"hsa-mir-2682",1.0798219782318,1.92988598959667,1.24580552812155,0.236336822373778,0.828418052624289,-4.87597030277048
"hsa-mir-505",0.881366603163531,9.97283171438638,1.24493856612455,0.236644402726932,0.828418052624289,-4.8768336213553
"hsa-mir-7113",0.742939563498627,1.70480311508265,1.24213373817728,0.237641683188491,0.828418052624289,-4.87962363046879
"hsa-mir-221",0.845128491784317,13.9438215299591,1.24015772324453,0.238346278554427,0.828418052624289,-4.88158642081742
"hsa-mir-106a",0.919735301498933,6.77250181843154,1.23973965773222,0.238495562592408,0.828418052624289,-4.88200139300676
"hsa-mir-15b",0.795185241235222,9.95058791552909,1.23944246557568,0.238601730038665,0.828418052624289,-4.88229632342057
"hsa-mir-4635",-0.735763951302266,3.50857023104207,-1.23841083783553,0.23897055527828,0.828418052624289,-4.88331969506648
"hsa-mir-6818",1.06925235832269,3.76578849832778,1.23811497807391,0.239076413990777,0.828418052624289,-4.88361307098314
"hsa-mir-6826",-1,2.13563019853617,-1.23789992719808,0.239153382651328,0.828418052624289,-4.88382628394543
"hsa-mir-3115",-0.805012499759614,1.59749375012019,-1.23688903837757,0.23951545285865,0.828418052624289,-4.88482816672234
"hsa-mir-6504",0.828475609056748,3.38320133639788,1.23577867798262,0.239913652636854,0.828418052624289,-4.88592793779203
"hsa-mir-4324",0.808008760835366,3.23462207919424,1.23382066225462,0.240617121352043,0.828418052624289,-4.88786550039246
"hsa-mir-4477b",0.892690635037547,1.99429738077701,1.22945856082173,0.242190207498008,0.828418052624289,-4.89217385399832
"hsa-mir-6832",0.805012499759615,0.930827083453526,1.22790760089332,0.242751484555336,0.828418052624289,-4.89370297677041
"hsa-mir-328",0.850021922469965,10.9312917001731,1.22777499025123,0.242799522826011,0.828418052624289,-4.89383365380361
"hsa-mir-320b-2",0.754806384836369,9.02102530807704,1.22747431929784,0.242908468924414,0.828418052624289,-4.89412990183249
"hsa-mir-326",0.758169445306029,8.71683020516988,1.22687232964711,0.243126712209771,0.828418052624289,-4.89472287417804
"hsa-mir-548k",0.793341005749904,6.18076833245496,1.22619705943414,0.243371707162497,0.828418052624289,-4.8953877722879
"hsa-let-7d",0.802880852663383,14.0595709169339,1.22244413650621,0.24473686969109,0.828418052624289,-4.89907809046676
"hsa-let-7g",0.841998009315326,18.3089142541963,1.22218939101811,0.244829754971627,0.828418052624289,-4.89932828133649
"hsa-mir-6514",0.762174252918721,3.98084766696667,1.22214886196342,0.244844535242714,0.828418052624289,-4.89936808218915
"hsa-mir-5094",0.723308333814104,1.55664166714744,1.22193720056324,0.244921736094822,0.828418052624289,-4.89957592461569
"hsa-mir-3692",0.773976031629121,1.05365468248123,1.22098514071264,0.245269226062284,0.828418052624289,-4.9005104750915
"hsa-mir-3680-1",-0.773976031629121,1.05365468248123,-1.22098514071264,0.245269226062284,0.828418052624289,-4.9005104750915
"hsa-mir-548ae-2",0.763168872398328,2.87886880164239,1.22076463812895,0.245349762315597,0.828418052624289,-4.90072684501452
"hsa-mir-548am",0.720074533416672,3.1264399395041,1.21949926604136,0.245812330398663,0.828418052624289,-4.90196793840319
"hsa-mir-4677",0.769729661018893,6.01392249959943,1.21880175798476,0.24606760516538,0.828418052624289,-4.90265165312353
"hsa-mir-4470",0.890808447323832,2.8860469219577,1.21561946547573,0.247234921919353,0.828418052624289,-4.90576731116961
"hsa-mir-509-2",0.968963531869506,1.48448176593475,1.21555279198642,0.247259425505689,0.828418052624289,-4.90583252352463
"hsa-mir-652",0.783260696693757,10.5528141314813,1.21438266369099,0.247689778591229,0.828418052624289,-4.90697657368406
"hsa-mir-153-2",-0.938006217446204,3.72063227611093,-1.21338696818907,0.248056443386589,0.828418052624289,-4.90794942995723
"hsa-mir-1185-2",0.866487356805424,2.97636255176258,1.21309882795295,0.248162630823752,0.828418052624289,-4.90823084951752
"hsa-mir-622",-0.787152153024667,3.97853857723349,-1.21214234554351,0.248515377310443,0.828418052624289,-4.90916466417561
"hsa-mir-6850",0.912321864722069,0.984481765934753,1.21162880175749,0.248704932988839,0.828418052624289,-4.90966581004566
"hsa-mir-1265",-1.0532904455928,2.72163272303678,-1.20986012251015,0.249358647497225,0.828418052624289,-4.91139057320584
"hsa-mir-4437",1.00262274777778,3.4702749057584,1.20916408219218,0.249616279005659,0.828418052624289,-4.91206881340366
"hsa-mir-1180",0.804984027762419,9.91600265071542,1.20703260991496,0.25040652324965,0.828418052624289,-4.91414395662295
"hsa-mir-655",0.871880706270195,4.22689537317263,1.20537987447454,0.251020629586913,0.828418052624289,-4.91575112396227
"hsa-mir-599",0.671548925321468,3.14312938471834,1.20140192652834,0.252503569791015,0.828418052624289,-4.9196126108303
"hsa-mir-590",0.777983133814978,6.04933558636117,1.20134105926999,0.252526313853272,0.828418052624289,-4.91967162154395
"hsa-mir-3195",-0.867586241794331,9.28759555075934,-1.20049666081154,0.252842003366933,0.828418052624289,-4.92049003246618
"hsa-mir-181b-2",0.80748304611688,11.602492284256,1.19241157683492,0.255880420770735,0.828418052624289,-4.92830432058811
"hsa-mir-5009",0.779950000961541,3.55392603259066,1.19118577107747,0.256343571580106,0.828418052624289,-4.92948558926358
"hsa-mir-548a-3",0.770624810074479,2.77528740551801,1.19069395366578,0.256529581142635,0.828418052624289,-4.92995927929851
"hsa-mir-1256",0.907488674823697,1.89438703570764,1.19010161850666,0.256753747563965,0.828418052624289,-4.93052958579866
"hsa-mir-4648",0.861654166907052,0.764160416786859,1.18985631419611,0.256846626676736,0.828418052624289,-4.93076570449775
"hsa-mir-658",-0.686297896351189,1.73312394865637,-1.18811002803829,0.257508579429665,0.828418052624289,-4.93244553496299
"hsa-mir-6503",0.810903113656202,6.7516560934787,1.18790736882096,0.257585486379307,0.828418052624289,-4.93264036092467
"hsa-mir-6507",0.816657096462744,3.82745782912892,1.18730233742791,0.257815195981298,0.828418052624289,-4.93322185667285
"hsa-mir-3661",0.740797473778817,2.09370707070351,1.18486954731682,0.258740459075877,0.828418052624289,-4.93555774503966
"hsa-mir-320b-1",0.741422953416683,9.07835439707196,1.18413504875017,0.259020320048799,0.828418052624289,-4.93626227332362
"hsa-mir-641",0.955843301150762,5.87023907335414,1.18413063234321,0.259022003516725,0.828418052624289,-4.93626650852227
"hsa-mir-432",0.808526625636837,7.76171238785408,1.17882820265821,0.261049377275782,0.828418052624289,-4.94134272001491
"hsa-let-7e",0.866461284562861,12.7231217791323,1.1776084558187,0.26151749052111,0.828418052624289,-4.9425079778541
"hsa-mir-421",0.858057314188796,7.77052365721058,1.1747201749671,0.262628559139331,0.828418052624289,-4.94526356915755
"hsa-mir-664b",0.720552461819572,4.61798929981635,1.17321773514335,0.263207970879261,0.828418052624289,-4.94669494663196
"hsa-mir-4483",0.861654166907052,1.09749375012019,1.17298903429832,0.263296255852998,0.828418052624289,-4.94691270787427
"hsa-mir-6511a-3",0.959248083316334,2.44858757352767,1.17267680398302,0.263416822737657,0.828418052624289,-4.94720995077504
"hsa-mir-585",0.732685067630901,5.35876917498209,1.17229006063115,0.263566222145576,0.828418052624289,-4.94757804629097
"hsa-mir-6747",0.797693517206695,5.28610612452734,1.17228694770726,0.263567424938931,0.828418052624289,-4.94758100874127
"hsa-mir-15a",0.723370964224975,7.71376354080521,1.1692896640498,0.264727517659973,0.828418052624289,-4.95043062123709
"hsa-mir-6748",0.773976031629121,1.58197551605495,1.16870538691307,0.264954122248239,0.828418052624289,-4.95098546286661
"hsa-mir-4284",0.80748618261355,5.93681492297935,1.16670498851097,0.265731092448779,0.828418052624289,-4.95288347655139
"hsa-mir-518a-2",0.861654166907052,0.430827083453526,1.16628724469574,0.265893570335125,0.828418052624289,-4.95327952536179
"hsa-mir-525",0.861654166907052,0.430827083453526,1.16628724469574,0.265893570335125,0.828418052624289,-4.95327952536179
"hsa-mir-8061",0.861654166907052,0.430827083453526,1.16628724469574,0.265893570335125,0.828418052624289,-4.95327952536179
"hsa-mir-1307",0.800438353892247,13.8176715910357,1.16457361829143,0.266560877317456,0.828418052624289,-4.95490302044108
"hsa-mir-4749",1.03398747031515,2.72677927518411,1.16203225741624,0.267552904037349,0.828418052624289,-4.95730734609297
"hsa-mir-4792",-1.24726574486338,9.35701659822508,-1.15900334923896,0.268738978932261,0.828418052624289,-4.96016766639473
"hsa-mir-3170",0.6876699325086,2.80794077384722,1.15490424524187,0.270350600090341,0.828418052624289,-4.96402948128818
"hsa-mir-1254-2",0.733231501333078,5.37953160273898,1.15488531210747,0.270358061214468,0.828418052624289,-4.96404729400644
"hsa-mir-4433b",0.92711990450822,1.99188078582783,1.15306269039903,0.271077060671211,0.828418052624289,-4.96576100504628
"hsa-mir-584",0.976957130949491,7.85209058793,1.15159457021321,0.27165728704946,0.828418052624289,-4.967139881837
"hsa-mir-181b-1",0.767815983552349,11.5167634267783,1.14985126326791,0.272347516220268,0.828418052624289,-4.96877545877206
"hsa-mir-942",0.756755871348682,8.04668549519736,1.14873101571408,0.272791770275079,0.828418052624289,-4.96982547042278
"hsa-mir-4497",-0.689033764850709,6.77409836207481,-1.14807572219216,0.273051897425196,0.828418052624289,-4.97043931301833
"hsa-mir-7705",0.661861075743708,4.81740774408429,1.14765944072697,0.273217244960017,0.828418052624289,-4.97082912194336
"hsa-mir-1282",-0.666666666666667,0.333333333333333,-1.1469321328885,0.273506317731738,0.828418052624289,-4.97150991620493
"hsa-mir-3123",-0.666666666666667,0.333333333333333,-1.1469321328885,0.273506317731738,0.828418052624289,-4.97150991620493
"hsa-mir-325",-0.666666666666667,0.333333333333333,-1.1469321328885,0.273506317731738,0.828418052624289,-4.97150991620493
"hsa-mir-3938",0.666666666666667,0.333333333333333,1.1469321328885,0.273506317731738,0.828418052624289,-4.97150991620493
"hsa-mir-4254",-0.666666666666667,0.333333333333333,-1.1469321328885,0.273506317731738,0.828418052624289,-4.97150991620493
"hsa-mir-4269",-0.666666666666667,0.333333333333333,-1.1469321328885,0.273506317731738,0.828418052624289,-4.97150991620493
"hsa-mir-4298",-0.666666666666667,0.333333333333333,-1.1469321328885,0.273506317731738,0.828418052624289,-4.97150991620493
"hsa-mir-4317",0.666666666666667,0.333333333333333,1.1469321328885,0.273506317731738,0.828418052624289,-4.97150991620493
"hsa-mir-4505",-0.666666666666667,0.333333333333333,-1.1469321328885,0.273506317731738,0.828418052624289,-4.97150991620493
"hsa-mir-4666b",0.666666666666667,0.333333333333333,1.1469321328885,0.273506317731738,0.828418052624289,-4.97150991620493
"hsa-mir-4759",-0.666666666666667,0.333333333333333,-1.1469321328885,0.273506317731738,0.828418052624289,-4.97150991620493
"hsa-mir-4761",-0.666666666666667,0.333333333333333,-1.1469321328885,0.273506317731738,0.828418052624289,-4.97150991620493
"hsa-mir-4795",-0.666666666666667,0.333333333333333,-1.1469321328885,0.273506317731738,0.828418052624289,-4.97150991620493
"hsa-mir-519c",0.666666666666667,0.333333333333333,1.1469321328885,0.273506317731738,0.828418052624289,-4.97150991620493
"hsa-mir-520b",0.666666666666667,0.333333333333333,1.1469321328885,0.273506317731738,0.828418052624289,-4.97150991620493
"hsa-mir-548bb",0.666666666666667,0.333333333333333,1.1469321328885,0.273506317731738,0.828418052624289,-4.97150991620493
"hsa-mir-7112",0.666666666666667,0.333333333333333,1.1469321328885,0.273506317731738,0.828418052624289,-4.97150991620493
"hsa-mir-7160",0.666666666666667,0.333333333333333,1.1469321328885,0.273506317731738,0.828418052624289,-4.97150991620493
"hsa-mir-1244-4",0.666666666666667,0.666666666666667,1.1469321328885,0.273506317731738,0.828418052624289,-4.97150991620493
"hsa-mir-297",0.666666666666667,0.333333333333333,1.1469321328885,0.273506317731738,0.828418052624289,-4.97150991620493
"hsa-mir-520e",0.666666666666667,0.333333333333333,1.1469321328885,0.273506317731738,0.828418052624289,-4.97150991620493
"hsa-mir-5692a-2",0.666666666666667,0.666666666666667,1.1469321328885,0.273506317731738,0.828418052624289,-4.97150991620493
"hsa-mir-5698",0.666666666666667,0.666666666666667,1.1469321328885,0.273506317731738,0.828418052624289,-4.97150991620493
"hsa-mir-5705",0.666666666666667,0.333333333333333,1.1469321328885,0.273506317731738,0.828418052624289,-4.97150991620493
"hsa-mir-6124",-0.666666666666667,0.666666666666667,-1.1469321328885,0.273506317731738,0.828418052624289,-4.97150991620493
"hsa-mir-6890",0.666666666666667,0.333333333333333,1.1469321328885,0.273506317731738,0.828418052624289,-4.97150991620493
"hsa-mir-4429",0.772123821059836,4.88459698759351,1.14521595800899,0.274189355423528,0.828435712587367,-4.97311501477276
"hsa-mir-548q",0.838211305535102,4.15700958546944,1.14437997114486,0.274522553616633,0.828435712587367,-4.97389622097483
"hsa-mir-3614",0.842032974082376,6.91484452802323,1.14320030676863,0.274993260972088,0.828435712587367,-4.97499783356741
"hsa-mir-6853",-0.84810683874127,2.14736175318474,-1.14119270114939,0.275795759038127,0.829364307645121,-4.97687058552332
"hsa-mir-548g",-0.740797473778815,2.42704040403685,-1.13987380692509,0.27632393840507,0.829466133530782,-4.97809950026767
"hsa-mir-3140",0.713824141984293,4.00734030931447,1.13802495746837,0.277065657705467,0.829950795402313,-4.97982036053814
"hsa-mir-508",1.22177863906173,2.47254348643791,1.13405130658334,0.278664974732349,0.829950795402313,-4.98351159280568
"hsa-mir-3679",0.711828118704427,4.13734602865749,1.13112879386609,0.279845739974495,0.829950795402313,-4.98621999065666
"hsa-mir-3129",1.03893069092059,4.0004465107432,1.12839899960061,0.280952100136242,0.829950795402313,-4.98874487650192
"hsa-mir-92b",0.835109616172637,11.4260887750901,1.12287496433217,0.283201172688403,0.829950795402313,-4.99383970425129
"hsa-mir-4637",0.797439140926253,1.39871957046313,1.12276561399267,0.283245832315922,0.829950795402313,-4.99394036128638
"hsa-mir-187",1.57157679189716,2.92225204132781,1.1225153104344,0.283348078701188,0.829950795402313,-4.99417073699734
"hsa-mir-6754",0.773976031629121,1.82763071411035,1.11851873784562,0.28498445496947,0.829950795402313,-4.99784368406056
"hsa-mir-1229",0.754344801944598,2.48448176593475,1.1164643496298,0.28582841237899,0.829950795402313,-4.9997277272456
"hsa-mir-191",0.778152059933504,15.6628904003561,1.11630454157666,0.285894142396586,0.829950795402313,-4.99987417068196
"hsa-mir-3184",0.777369358491026,14.8216561385827,1.11262159708976,0.287412150674221,0.829950795402313,-5.00324455973865
"hsa-mir-138-2",0.716970522244774,4.82070888100159,1.11149977813399,0.287875749567201,0.829950795402313,-5.00426943862901
"hsa-mir-3934",0.645384208828037,6.37604822766045,1.11068747944364,0.288211791901587,0.829950795402313,-5.00501103724761
"hsa-mir-412",0.669867592094199,6.02014092097434,1.10983551781028,0.288564562722379,0.829950795402313,-5.00578838912466
"hsa-let-7f-1",0.753503082649829,16.984050895388,1.10967996460709,0.288629007867228,0.829950795402313,-5.0059302693065
"hsa-mir-4753",0.773976031629121,0.720321349147894,1.10930220326833,0.288785558575334,0.829950795402313,-5.00627476062307
"hsa-mir-371b",0.773976031629121,0.720321349147894,1.10930220326833,0.288785558575334,0.829950795402313,-5.00627476062307
"hsa-mir-98",0.706075245798191,12.8729501860232,1.10647319626144,0.289959997398114,0.829950795402313,-5.00885168105142
"hsa-mir-1203",0.723308333814104,0.694987500240385,1.10328200014911,0.291289141228207,0.829950795402313,-5.0117523000045
"hsa-mir-6773",0.723308333814104,0.694987500240385,1.10328200014911,0.291289141228207,0.829950795402313,-5.0117523000045
"hsa-mir-6077",0.723308333814104,0.694987500240385,1.10328200014911,0.291289141228207,0.829950795402313,-5.0117523000045
"hsa-mir-3680-2",-0.723308333814104,0.694987500240385,-1.10328200014911,0.291289141228207,0.829950795402313,-5.0117523000045
"hsa-mir-548ar",-0.712501174583311,2.85353495273488,-1.10296723854938,0.291420490262045,0.829950795402313,-5.01203804313108
"hsa-mir-132",0.715699727075192,11.5458768487945,1.10232092448061,0.291690335767838,0.829950795402313,-5.01262457081951
"hsa-mir-4660",1.02346310929713,1.61904091961102,1.10036575825932,0.292507798227102,0.829950795402313,-5.01439722651095
"hsa-mir-370",0.802458008148241,11.3695889918174,1.09905907409877,0.293055093786792,0.829950795402313,-5.01558055021712
"hsa-mir-3188",0.747975194295363,3.39241507564808,1.09863343418549,0.293233537270924,0.829950795402313,-5.01596576696771
"hsa-mir-1911",-0.773976031629121,0.38698801581456,-1.09611635865872,0.294290465531989,0.829950795402313,-5.01824138521176
"hsa-mir-3161",0.773976031629121,0.38698801581456,1.09611635865872,0.294290465531989,0.829950795402313,-5.01824138521176
"hsa-mir-3657",0.773976031629121,0.38698801581456,1.09611635865872,0.294290465531989,0.829950795402313,-5.01824138521176
"hsa-mir-4321",-0.773976031629121,0.38698801581456,-1.09611635865872,0.294290465531989,0.829950795402313,-5.01824138521176
"hsa-mir-4329",0.773976031629121,0.38698801581456,1.09611635865872,0.294290465531989,0.829950795402313,-5.01824138521176
"hsa-mir-548an",0.773976031629121,0.38698801581456,1.09611635865872,0.294290465531989,0.829950795402313,-5.01824138521176
"hsa-mir-633",0.773976031629121,0.38698801581456,1.09611635865872,0.294290465531989,0.829950795402313,-5.01824138521176
"hsa-mir-6781",0.773976031629121,0.38698801581456,1.09611635865872,0.294290465531989,0.829950795402313,-5.01824138521176
"hsa-mir-5690",0.6901297759638,2.17568258675846,1.0954934779851,0.294552458977386,0.829950795402313,-5.01880387758686
"hsa-mir-423",0.766264045984776,14.8207574394305,1.09493892585657,0.294785860583897,0.829950795402313,-5.01930445311487
"hsa-mir-570",0.815819658990407,2.5610537023743,1.09147608751147,0.296246470321618,0.830095244911674,-5.02242570325465
"hsa-mir-2467",0.666666666666667,1,1.08944071682713,0.297107523991982,0.830095244911674,-5.02425664214991
"hsa-mir-3664",-0.670752165687055,3.76844542230595,-1.08897877921102,0.297303206807157,0.830095244911674,-5.02467180572881
"hsa-mir-3944",0.633488108816361,3.34234925342512,1.08864786604427,0.297443445637367,0.830095244911674,-5.02496912605181
"hsa-mir-4999",0.749140886174578,4.72133368342919,1.08864102367601,0.297446345913957,0.830095244911674,-5.0249752730568
"hsa-mir-20a",0.820448423060281,11.7758291384747,1.08779450064627,0.29780532624364,0.830095244911674,-5.02573553078854
"hsa-mir-5680",-0.773976031629121,1.05365468248123,-1.08206309284414,0.300244396867544,0.833210517787499,-5.03087051965727
"hsa-mir-1226",0.87703902598135,4.91008125825975,1.08187886744333,0.30032304455669,0.833210517787499,-5.03103521656735
"hsa-mir-449a",1.19954581253941,2.30953391191803,1.0815267245833,0.300473420974225,0.833210517787499,-5.03134996906211
"hsa-mir-345",0.70409123063348,10.2573927721951,1.08050707828509,0.300909161966165,0.833210517787499,-5.03226088991705
"hsa-mir-6506",0.666666666666667,1.52832083357372,1.07537864847171,0.303107966791432,0.834361486686046,-5.03683209205358
"hsa-mir-653",-0.666666666666665,4.78877407141527,-1.07326923883186,0.304015859022826,0.834361486686046,-5.03870726946858
"hsa-mir-8062",0.705306672392573,4.62836806652438,1.07247030498378,0.304360252096869,0.834361486686046,-5.03941672085134
"hsa-mir-6774",0.756799264749093,4.0460046375769,1.07181307410647,0.304643780675437,0.834361486686046,-5.04000002394659
"hsa-mir-4645",0.792837207751243,3.53288224925486,1.07136519146741,0.304837109871884,0.834361486686046,-5.04039736338348
"hsa-mir-6805",0.797439140926253,1.73205290379646,1.0710697846494,0.304964672874998,0.834361486686046,-5.04065936113817
"hsa-mir-3690-2",0.77397603162912,4.02261821435073,1.0705210634612,0.305201728407274,0.834361486686046,-5.04114587137952
"hsa-mir-134",0.791180719731404,9.45036638531949,1.0702874069305,0.305302713245073,0.834361486686046,-5.0413529767319
"hsa-mir-3130-2",0.703394305916806,3.34412379412504,1.0681963682106,0.306207558931923,0.835473632337831,-5.04320479385408
"hsa-mir-1976",0.750935158273156,6.443608607356,1.06602355517396,0.307149911275214,0.836684336233456,-5.04512595905336
"hsa-mir-592",-0.881021036174498,6.58756690385655,-1.06323155014637,0.308363983440576,0.838609110335189,-5.04759000196499
"hsa-mir-4772",0.613075565642405,5.56510883294904,1.06210230706817,0.308856037060278,0.838609110335189,-5.04858512703447
"hsa-mir-542",0.705299319600339,6.96264341478952,1.05657925014296,0.311271068494659,0.841232589526446,-5.05343998569419
"hsa-mir-6732",0.723308333814104,1.46896353186951,1.05496008522847,0.311981725010822,0.841232589526446,-5.05485940080331
"hsa-mir-6128",0.666666666666667,1.19498750024039,1.05473628299679,0.312080047251314,0.841232589526446,-5.05505545566481
"hsa-let-7a-3",0.719838086553301,16.0049012258735,1.05410494956485,0.312357532767914,0.841232589526446,-5.05560833487994
"hsa-let-7a-2",0.717614927633264,15.9865019492704,1.05194780973368,0.313307027541271,0.841232589526446,-5.05749540056107
"hsa-mir-23a",0.69609277412725,14.9076369235644,1.05012312137895,0.314111859615194,0.841232589526446,-5.05908920540802
"hsa-mir-502",0.676344864328341,9.12189963754878,1.04898043373767,0.314616655251507,0.841232589526446,-5.06008616889777
"hsa-mir-4325",-0.666666666666666,0.861654166907052,-1.04662127806376,0.315660740851146,0.841232589526446,-5.06214169568798
"hsa-mir-8485",0.679353506418559,6.21859882313059,1.04649363304995,0.315717305447061,0.841232589526446,-5.06225280591888
"hsa-mir-4279",-0.773976031629121,0.915308849388279,-1.0457417370498,0.316050652806899,0.841232589526446,-5.06290708121559
"hsa-mir-6885",0.77397603162912,2.11029634962866,1.0451893215937,0.316295727894301,0.841232589526446,-5.06338753294239
"hsa-mir-6127",0.610998247738569,5.05774068622454,1.04243619231765,0.317519229777275,0.841232589526446,-5.06577894852885
"hsa-mir-6889",0.723308333814104,1.36165416690705,1.04227228440991,0.317592181278232,0.841232589526446,-5.06592116084988
"hsa-let-7a-1",0.707957882801274,16.0111082320149,1.04166943503526,0.317860601685722,0.841232589526446,-5.06644405869528
"hsa-mir-6837",0.699845224516971,2.81402841985141,1.04134266692011,0.318006166135516,0.841232589526446,-5.06672738760138
"hsa-mir-17",0.739485981891562,11.7380568677089,1.04113234961046,0.318099881617645,0.841232589526446,-5.06690970813238
"hsa-mir-433",0.703943031576584,7.47492847969658,1.04058275673396,0.318344871483488,0.841232589526446,-5.06738600018159
"hsa-let-7f-2",0.702979184106869,17.0963825777509,1.03612385226577,0.320337649960785,0.845167573324209,-5.07124267307793
"hsa-mir-202",0.988500918574522,5.04190186711404,1.03228689631252,0.322059811908288,0.846541864266598,-5.07455064168315
"hsa-mir-550b-2",0.653325599858093,4.95040662106269,1.02723427464785,0.32433798269136,0.846541864266598,-5.07889145603589
"hsa-mir-128-2",0.707452977671679,12.9557463221862,1.02665705526184,0.324598995606708,0.846541864266598,-5.07938625416736
"hsa-mir-4695",0.787523359794903,2.10352268554577,1.02651369358552,0.324663846230541,0.846541864266598,-5.07950911009314
"hsa-mir-7846",-0.903615647068087,3.25493813557994,-1.02464418944454,0.325510399369777,0.846541864266598,-5.08110992984002
"hsa-mir-29a",0.645654103454797,15.1147701869231,1.02088612734996,0.327217026674976,0.846541864266598,-5.08432068452499
"hsa-mir-323b",0.971494932254673,4.91881680558976,1.01806637534949,0.328501838213568,0.846541864266598,-5.08672345519033
"hsa-mir-4496",0.635630198536173,2.17946926617514,1.0164946930227,0.329219569115466,0.846541864266598,-5.08806036164659
"hsa-mir-18a",0.789342266443608,7.76535998545264,1.01571284515492,0.32957703729712,0.846541864266598,-5.08872478893275
"hsa-mir-6788",-0.879143306871764,1.49621332058332,-1.00908189535129,0.332620164206067,0.846541864266598,-5.09434304404551
"hsa-mir-4443",0.663774186296257,5.68087157691704,1.00605705189529,0.33401512353599,0.846541864266598,-5.0968959017656
"hsa-mir-6726",0.835450888674929,3.34484534884568,1.00469218378486,0.334645946860254,0.846541864266598,-5.09804574002026
"hsa-mir-1268b",0.651589864095877,7.32432694293032,1.00246983116275,0.335674938730677,0.846541864266598,-5.09991522382315
"hsa-mir-141",-0.607482555866437,12.1753767669671,-1.00230077551575,0.335753308621526,0.846541864266598,-5.10005729720439
"hsa-mir-148a",0.666657577736324,20.7931686975909,0.999675824745059,0.336971872554772,0.846541864266598,-5.10226076047346
"hsa-mir-128-1",0.700387963085381,13.3723554132652,0.998193197978335,0.33766155774436,0.846541864266598,-5.10350321972292
"hsa-mir-664a",0.629308216570455,8.16288504679694,0.997425563133018,0.338019045937647,0.846541864266598,-5.10414591010452
"hsa-mir-1258",0.666666666666667,0.666666666666667,0.996397182418471,0.338498393004018,0.846541864266598,-5.10500626724118
"hsa-mir-3166",0.666666666666667,0.666666666666667,0.996397182418471,0.338498393004018,0.846541864266598,-5.10500626724118
"hsa-mir-4793",0.666666666666667,0.666666666666667,0.996397182418471,0.338498393004018,0.846541864266598,-5.10500626724118
"hsa-mir-548ao",0.666666666666667,0.666666666666667,0.996397182418471,0.338498393004018,0.846541864266598,-5.10500626724118
"hsa-mir-562",0.666666666666667,0.666666666666667,0.996397182418471,0.338498393004018,0.846541864266598,-5.10500626724118
"hsa-mir-6816",0.666666666666667,0.666666666666667,0.996397182418471,0.338498393004018,0.846541864266598,-5.10500626724118
"hsa-mir-1289-2",0.666666666666667,0.666666666666667,0.996397182418471,0.338498393004018,0.846541864266598,-5.10500626724118
"hsa-mir-3142",0.666666666666667,0.333333333333333,0.996397182418471,0.338498393004018,0.846541864266598,-5.10500626724118
"hsa-mir-3156-1",-0.666666666666667,0.333333333333333,-0.996397182418471,0.338498393004018,0.846541864266598,-5.10500626724118
"hsa-mir-4453",-0.666666666666667,0.333333333333333,-0.996397182418471,0.338498393004018,0.846541864266598,-5.10500626724118
"hsa-mir-4704",-0.666666666666667,0.333333333333333,-0.996397182418471,0.338498393004018,0.846541864266598,-5.10500626724118
"hsa-mir-4713",0.666666666666667,0.666666666666667,0.996397182418471,0.338498393004018,0.846541864266598,-5.10500626724118
"hsa-mir-517c",0.666666666666667,0.333333333333333,0.996397182418471,0.338498393004018,0.846541864266598,-5.10500626724118
"hsa-mir-5693",0.666666666666667,0.666666666666667,0.996397182418471,0.338498393004018,0.846541864266598,-5.10500626724118
"hsa-mir-6165",-0.666666666666667,0.666666666666667,-0.996397182418471,0.338498393004018,0.846541864266598,-5.10500626724118
"hsa-mir-4786",0.773976031629121,1.91530884938828,0.996235535558981,0.338573784278948,0.846541864266598,-5.10514143663374
"hsa-mir-4478",-0.602451640685868,1.6912008208237,-0.992468714534366,0.340334051150337,0.846541864266598,-5.10828613525874
"hsa-mir-4512",-0.69203432636193,4.44575316931006,-0.990277366857392,0.341361122820337,0.846541864266598,-5.11011103714709
"hsa-mir-378d-2",-0.564224349674157,10.65904998802,-0.989665796166582,0.341648161178539,0.846541864266598,-5.11061974359215
"hsa-mir-4440",0.634970077160093,2.95908920644864,0.985343197900489,0.343681919640151,0.846541864266598,-5.11420788151301
"hsa-mir-5000",-0.715966231704104,2.51112698873115,-0.985271733843944,0.343715616175181,0.846541864266598,-5.1142670937389
"hsa-mir-6734",0.691611744307531,2.59743503954159,0.984658106864867,0.344005049751842,0.846541864266598,-5.11477537383541
"hsa-mir-148b",0.644457740574959,14.3612019459851,0.984433169444251,0.34411119141915,0.846541864266598,-5.11496162852292
"hsa-mir-628",0.729776996099856,6.6534582013032,0.983428032002951,0.344585775505837,0.846541864266598,-5.11579348061264
"hsa-mir-3529",0.787229659165765,14.4255434335743,0.979997760907603,0.346208950105801,0.846541864266598,-5.11862706854161
"hsa-mir-183",0.735132404306047,11.832430870973,0.97874322496436,0.346803954691997,0.846541864266598,-5.11966133082704
"hsa-mir-500a",0.642012658748884,10.2470656165826,0.9778388090262,0.347233358373453,0.846541864266598,-5.12040626545242
"hsa-mir-3202-1",0.756486891664408,1.98069508651807,0.976872885806433,0.347692385788995,0.846541864266598,-5.12120122969166
"hsa-mir-7-2",0.787628259791882,14.029996265693,0.97662357520821,0.347810934129744,0.846541864266598,-5.12140630876763
"hsa-mir-548e",0.619591013385716,6.7578941426648,0.975726633853039,0.348237673487033,0.846541864266598,-5.12214375919294
"hsa-mir-6762",0.787523359794903,2.1912008208237,0.97543756627342,0.348375283576173,0.846541864266598,-5.12238130579574
"hsa-mir-671",0.673793043148731,9.97644340645974,0.973966692195122,0.349076093837358,0.846541864266598,-5.12358911706224
"hsa-mir-7-3",0.785852428436222,14.0338637969001,0.973691835932662,0.34920716324871,0.846541864266598,-5.12381464774215
"hsa-mir-4804",0.763168872398329,1.4382261033466,0.973478768235613,0.349308792072363,0.846541864266598,-5.12398944196968
"hsa-mir-4452",0.671290724860519,3.67411704655916,0.972121486291827,0.349956683984355,0.846541864266598,-5.12510216734183
"hsa-mir-665",0.612179372564848,4.77949749273197,0.971662215519518,0.350176109153308,0.846541864266598,-5.12547839358767
"hsa-let-7b",0.624316097712089,16.5366225116502,0.970582698178339,0.350692255995144,0.846541864266598,-5.12636213159404
"hsa-mir-219a-1",0.575718604458067,6.14939604797888,0.966700905915727,0.352552738491407,0.846541864266598,-5.12953316390546
"hsa-mir-466",0.647805490544543,3.14234515204046,0.964719556822881,0.353505077853073,0.846541864266598,-5.13114764008293
"hsa-mir-548i-4",-0.68629789635119,1.87146978174931,-0.96403780816528,0.353833185251071,0.846541864266598,-5.13170251463048
"hsa-mir-99b",0.663545763225612,14.6282241057248,0.960588544571748,0.355496548287853,0.846541864266598,-5.13450484332124
"hsa-mir-6500",0.702841485592724,3.4080624099438,0.958975133641681,0.356276501127822,0.846541864266598,-5.13581276433973
"hsa-mir-7-1",0.769152545744523,14.0898208547928,0.95631291647516,0.357566123184515,0.846541864266598,-5.13796688332506
"hsa-mir-6730",0.740797473778816,1.23205290379646,0.955447679651854,0.35798597067864,0.846541864266598,-5.1386659054266
"hsa-mir-6511b-1",-0.728622181770445,3.7232496232355,-0.955364943831073,0.358026135716065,0.846541864266598,-5.1387327196709
"hsa-mir-4538",0.803808748575488,3.28318977087932,0.953356532288276,0.359002122279088,0.846541864266598,-5.14035314748917
"hsa-mir-1249",0.635689572367589,5.84067497681255,0.952447727118554,0.359444374681167,0.846541864266598,-5.14108545069153
"hsa-mir-3689f",0.797439140926253,1.39871957046313,0.951156180747285,0.360073544227846,0.846541864266598,-5.14212515381581
"hsa-mir-4733",0.828475609056747,1.52154716949083,0.950444415357469,0.360420609690319,0.846541864266598,-5.14269762355646
"hsa-mir-6783",0.686297896351191,2.80725475576851,0.949966460388651,0.360653799134108,0.846541864266598,-5.14308183874624
"hsa-mir-3941",0.592814076714121,3.2888336795237,0.949757613773343,0.360755726802589,0.846541864266598,-5.14324967400928
"hsa-mir-6724-2",0.574155341490363,3.19182617663389,0.946533017510208,0.362332077838772,0.846541864266598,-5.14583711986221
"hsa-mir-3167",0.522346864241298,1.8461359328418,0.945732642930952,0.36272409512059,0.846541864266598,-5.14647820218834
"hsa-mir-576",0.600517768958609,9.36545894286812,0.945293265453413,0.362939426042605,0.846541864266598,-5.14682993995254
"hsa-mir-23b",0.64110710667134,14.9197229394126,0.944660546039358,0.36324966877939,0.846541864266598,-5.14733621350842
"hsa-mir-324",0.593166388492362,8.52743097865301,0.943850530396831,0.363647118547972,0.846541864266598,-5.14798393529918
"hsa-mir-93",0.639301534113248,12.3008254000964,0.940706219082189,0.365192839856952,0.846541864266598,-5.15049382384932
"hsa-mir-4507",0.666666666666667,1.88128539659157,0.940572185807983,0.365258832319056,0.846541864266598,-5.15060065669719
"hsa-mir-675",0.754344801944597,2.01280259950847,0.938688906192558,0.366186969164517,0.846541864266598,-5.15210039109234
"hsa-mir-663a",-0.568108589903634,5.35332599048009,-0.937616951551097,0.366716000751472,0.846541864266598,-5.15295290173795
"hsa-mir-3192",-0.61002499951923,1.69498750024039,-0.937293812539471,0.366875581800051,0.846541864266598,-5.15320972856357
"hsa-mir-125a",0.723650066289412,15.2340158812837,0.933073016318602,0.368964487963797,0.846541864266598,-5.15655750177527
"hsa-mir-378d-1",-0.533102211442545,10.6691643467082,-0.92944956840987,0.370764402742991,0.846541864266598,-5.15942129607456
"hsa-mir-493",0.729802089086794,10.3956078092591,0.928804503938319,0.371085476022893,0.846541864266598,-5.15993013500082
"hsa-mir-6134",0.666666666666667,0.861654166907052,0.928498438917568,0.371237884320321,0.846541864266598,-5.16017146025715
"hsa-mir-124-3",-0.666666666666667,0.861654166907052,-0.928498438917567,0.371237884320321,0.846541864266598,-5.16017146025715
"hsa-mir-4699",-0.666666666666667,0.861654166907052,-0.928498438917567,0.371237884320321,0.846541864266598,-5.16017146025715
"hsa-mir-5187",0.740797473778817,1.89871957046313,0.928419311686946,0.371277293679207,0.846541864266598,-5.16023383931607
"hsa-mir-92a-2",0.666131659629203,14.9554760790771,0.926725086593551,0.372121805409601,0.846541864266598,-5.1615683828076
"hsa-mir-5708",0.644968323926037,4.26993427643429,0.923872409088912,0.373546795805723,0.846541864266598,-5.16381077563646
"hsa-mir-1234",-0.557475113990499,3.93783086482855,-0.923335925655216,0.373815208797849,0.846541864266598,-5.16423183247239
"hsa-mir-6751",0.531061002508708,2.7492675385318,0.923204092563423,0.373881188019159,0.846541864266598,-5.16433526939928
"hsa-mir-1268a",0.597665543929516,7.23052045372291,0.922345086342928,0.374311298390406,0.846541864266598,-5.16500894344961
"hsa-mir-550a-2",0.572895439353956,4.12155283838906,0.922266942231833,0.374350442800227,0.846541864266598,-5.16507020143301
"hsa-mir-4444-2",0.547952063258241,2.04795206325824,0.921689875829634,0.374639598657985,0.846541864266598,-5.16552243350316
"hsa-mir-4529",0.723308333814104,2.08496250072116,0.921310594906219,0.374829733118325,0.846541864266598,-5.16581953540978
"hsa-mir-181a-1",0.609173223742125,13.5990976496872,0.920421594398346,0.37527565470829,0.846541864266598,-5.1665155090107
"hsa-mir-410",0.702258539178464,5.09855625302338,0.919882338022581,0.375546325019968,0.846541864266598,-5.16693739985195
"hsa-mir-548l",0.604711151562887,3.40740542986688,0.919496753792349,0.375739945605591,0.846541864266598,-5.16723893556222
"hsa-mir-4466",0.736965594166206,3.06075466276671,0.917684928946568,0.376650681165232,0.846541864266598,-5.16865438659777
"hsa-mir-6877",0.59527392016932,3.3232421591016,0.913052938663431,0.378985980371879,0.846541864266598,-5.17226224398239
"hsa-mir-6744",0.997932886943895,4.9180957243695,0.912412637626861,0.379309588061892,0.846541864266598,-5.17275975257247
"hsa-mir-106b",0.581267812367184,12.5348904386412,0.911844957045803,0.379596653624056,0.846541864266598,-5.1732005872075
"hsa-mir-1271",0.639513213944959,6.84251257000188,0.910065022138608,0.380497709900515,0.846541864266598,-5.1745812880024
"hsa-mir-3681",0.68629789635119,2.47392142243518,0.909346697581839,0.380861766474319,0.846541864266598,-5.17513784359168
"hsa-mir-193a",0.599106677082142,9.72963843263217,0.907337011282485,0.381881583203405,0.846541864266598,-5.17669295207047
"hsa-mir-4673",0.635630198536173,0.984481765934753,0.905793694027123,0.382666021390611,0.846541864266598,-5.17788518919023
"hsa-mir-4446",0.642156988192679,5.54466745442942,0.901951541271146,0.384623745451783,0.846541864266598,-5.18084578705141
"hsa-mir-6750",0.754344801944598,1.15114843260142,0.901401139496581,0.384904760823118,0.846541864266598,-5.18126902273013
"hsa-mir-1306",0.549669974083369,6.59525792155488,0.89906328842827,0.386099960194741,0.846541864266598,-5.18306426988914
"hsa-mir-4773-1",0.836987306425793,1.85913635150868,0.898205021303564,0.386539379805641,0.846541864266598,-5.18372233677986
"hsa-mir-96",0.72182764354042,9.50163336662325,0.897648618253906,0.386824433398033,0.846541864266598,-5.18414866540594
"hsa-mir-1273a",-0.50434494643506,9.61645429840442,-0.896336083997525,0.387497436948335,0.846541864266598,-5.18515346311895
"hsa-mir-3654",-0.666666666666667,1.66666666666667,-0.892894401741346,0.389265983014797,0.846541864266598,-5.18778222862601
"hsa-mir-6829",0.528320833573719,0.930827083453526,0.89253068186302,0.389453207484028,0.846541864266598,-5.18805953244053
"hsa-mir-7847",0.528320833573719,0.930827083453526,0.89253068186302,0.389453207484029,0.846541864266598,-5.18805953244053
"hsa-mir-3607",0.543083741800738,4.79514335014187,0.891917212029743,0.389769130405588,0.846541864266598,-5.18852702874699
"hsa-mir-6806",0.668847615288923,3.65151871263345,0.890912235284671,0.39028704996974,0.846541864266598,-5.18929227826452
"hsa-mir-548at",0.666666666666667,1.86165416690705,0.889995050393295,0.390760136947174,0.846541864266598,-5.18999003187825
"hsa-mir-340",0.619515815228358,12.4026626713968,0.888200012051187,0.391687159503297,0.846541864266598,-5.19135383260538
"hsa-mir-4728",0.656951218113495,3.69623821186075,0.887775287588457,0.391906722481822,0.846541864266598,-5.1916761760051
"hsa-mir-25",0.584344553110778,14.7259656624905,0.886387468303449,0.392624747889125,0.846541864266598,-5.19272853415468
"hsa-mir-331",0.571120136329478,9.74114363000368,0.884944009294613,0.393372513226399,0.846541864266598,-5.19382158205025
"hsa-mir-4726",0.703677104129581,1.89979061532303,0.881673138012599,0.395070541885227,0.846541864266598,-5.19629275473339
"hsa-mir-105-2",0.491310396110804,1.96896353186951,0.880487762485994,0.395687145189628,0.846541864266598,-5.19718637278726
"hsa-mir-3622a",0.61216708923904,2.96517685245283,0.878592022217755,0.396674624397763,0.846541864266598,-5.19861336120449
"hsa-mir-186",0.571343261982786,14.3925286984981,0.877080304094596,0.397463269441724,0.846541864266598,-5.19974938400523
"hsa-mir-382",0.601042209653208,9.81755291866469,0.873180577678549,0.399502626646157,0.846541864266598,-5.20267215277535
"hsa-mir-181d",0.59010540047322,9.79843293835242,0.872822770886173,0.39969009614999,0.846541864266598,-5.20293975912839
"hsa-mir-92a-1",0.622447045970125,15.1040615708054,0.872485784945492,0.39986671129709,0.846541864266598,-5.2031917068385
"hsa-mir-6791",0.491310396110803,1.83061769877656,0.866976395903335,0.402761695542211,0.846541864266598,-5.20729888212535
"hsa-mir-181a-2",0.593839967687471,13.6749913890398,0.86617310259273,0.40318497749402,0.846541864266598,-5.207895847423
"hsa-mir-6797",0.666666666666667,1,0.864951746680194,0.403829125969338,0.846541864266598,-5.20880257738553
"hsa-mir-485",0.610676719383292,7.66274381385132,0.862907055386999,0.404909058873249,0.846541864266598,-5.21031806906252
"hsa-mir-1291",0.527941264295368,8.73026010924595,0.862537081809486,0.405104673517013,0.846541864266598,-5.21059195554178
"hsa-mir-6815",0.649177526701955,2.12202790427723,0.862141673169714,0.405313806730006,0.846541864266598,-5.21088455877791
"hsa-mir-642b",0.673679537852708,6.20885278345487,0.861911990878855,0.405435320005352,0.846541864266598,-5.21105447079379
"hsa-mir-3190",0.495142275723413,2.88320133639788,0.8591985829423,0.406872703838585,0.846541864266598,-5.21305879783882
"hsa-mir-3920",0.528320833573718,1.70480311508265,0.856812409892899,0.40813956920545,0.846541864266598,-5.21481687486219
"hsa-mir-548ad",0.510171572232926,2.94735765180007,0.853512753929847,0.409895779967599,0.846541864266598,-5.2172409913861
"hsa-mir-1183",-0.528320833573719,1.12581458369391,-0.852217415951933,0.410586593981883,0.846541864266598,-5.21819039970135
"hsa-mir-1233-2",-0.528320833573719,1.12581458369391,-0.852217415951933,0.410586593981883,0.846541864266598,-5.21819039970135
"hsa-mir-612",-0.528320833573719,1.12581458369391,-0.852217415951933,0.410586593981883,0.846541864266598,-5.21819039970135
"hsa-mir-5003",0.528320833573719,1.12581458369391,0.852217415951933,0.410586593981883,0.846541864266598,-5.21819039970135
"hsa-mir-2116",0.501789300934718,4.77733329632736,0.851160775013474,0.411150686071293,0.846541864266598,-5.21896392849238
"hsa-mir-3677",0.666666666666667,1.60245164068587,0.851088985842738,0.411189029822775,0.846541864266598,-5.21901645248813
"hsa-mir-4449",-0.493153366377038,5.32569647058813,-0.850641992055659,0.411427830235005,0.846541864266598,-5.21934340538499
"hsa-mir-598",0.539896573119497,8.24298722931905,0.849872824426453,0.411838964839388,0.846541864266598,-5.21990566211034
"hsa-mir-4661",0.702136445633855,4.62112486870515,0.848717584351784,0.412456978467026,0.846541864266598,-5.22074930391716
"hsa-mir-329-2",0.553164273605208,5.83582201734961,0.847531787482526,0.413091983148579,0.846541864266598,-5.22161422180851
"hsa-mir-548ay",0.590276348677497,3.84309023759699,0.847262466898262,0.413236297628651,0.846541864266598,-5.2218105170056
"hsa-mir-203a",-0.587461774515447,13.2087452602967,-0.843083469754206,0.41547991030838,0.846541864266598,-5.22484942757601
"hsa-mir-3169",0.528320833573719,0.264160416786859,0.842533056759153,0.415776018687396,0.846541864266598,-5.2252487043568
"hsa-mir-3171",0.528320833573719,0.264160416786859,0.842533056759153,0.415776018687396,0.846541864266598,-5.2252487043568
"hsa-mir-4316",0.528320833573719,0.264160416786859,0.842533056759153,0.415776018687396,0.846541864266598,-5.2252487043568
"hsa-mir-4650-2",0.528320833573719,0.264160416786859,0.842533056759153,0.415776018687396,0.846541864266598,-5.2252487043568
"hsa-mir-524",0.528320833573719,0.264160416786859,0.842533056759153,0.415776018687396,0.846541864266598,-5.2252487043568
"hsa-mir-557",0.528320833573719,0.264160416786859,0.842533056759153,0.415776018687396,0.846541864266598,-5.2252487043568
"hsa-mir-644a",0.528320833573719,0.264160416786859,0.842533056759153,0.415776018687396,0.846541864266598,-5.2252487043568
"hsa-mir-7855",0.528320833573719,0.264160416786859,0.842533056759153,0.415776018687396,0.846541864266598,-5.2252487043568
"hsa-mir-8058",0.528320833573719,0.264160416786859,0.842533056759153,0.415776018687396,0.846541864266598,-5.2252487043568
"hsa-mir-1178",-0.528320833573719,0.264160416786859,-0.842533056759153,0.415776018687396,0.846541864266598,-5.2252487043568
"hsa-mir-1269b",0.528320833573719,0.264160416786859,0.842533056759153,0.415776018687396,0.846541864266598,-5.2252487043568
"hsa-mir-1471",0.528320833573719,0.264160416786859,0.842533056759153,0.415776018687396,0.846541864266598,-5.2252487043568
"hsa-mir-3685",-0.528320833573719,0.264160416786859,-0.842533056759153,0.415776018687396,0.846541864266598,-5.2252487043568
"hsa-mir-3977",-0.528320833573719,0.264160416786859,-0.842533056759153,0.415776018687396,0.846541864266598,-5.2252487043568
"hsa-mir-4267",-0.528320833573719,0.264160416786859,-0.842533056759153,0.415776018687396,0.846541864266598,-5.2252487043568
"hsa-mir-4274",-0.528320833573719,0.264160416786859,-0.842533056759153,0.415776018687396,0.846541864266598,-5.2252487043568
"hsa-mir-4280",-0.528320833573719,0.264160416786859,-0.842533056759153,0.415776018687396,0.846541864266598,-5.2252487043568
"hsa-mir-4428",-0.528320833573719,0.264160416786859,-0.842533056759153,0.415776018687396,0.846541864266598,-5.2252487043568
"hsa-mir-4445",0.528320833573719,0.264160416786859,0.842533056759153,0.415776018687396,0.846541864266598,-5.2252487043568
"hsa-mir-4457",0.528320833573719,0.264160416786859,0.842533056759153,0.415776018687396,0.846541864266598,-5.2252487043568
"hsa-mir-4468",-0.528320833573719,0.264160416786859,-0.842533056759153,0.415776018687396,0.846541864266598,-5.2252487043568
"hsa-mir-4682",-0.528320833573719,0.264160416786859,-0.842533056759153,0.415776018687396,0.846541864266598,-5.2252487043568
"hsa-mir-4799",0.528320833573719,0.264160416786859,0.842533056759153,0.415776018687396,0.846541864266598,-5.2252487043568
"hsa-mir-5192",0.528320833573719,0.264160416786859,0.842533056759153,0.415776018687396,0.846541864266598,-5.2252487043568
"hsa-mir-5703",0.528320833573719,0.264160416786859,0.842533056759153,0.415776018687396,0.846541864266598,-5.2252487043568
"hsa-mir-572",0.528320833573719,0.264160416786859,0.842533056759153,0.415776018687396,0.846541864266598,-5.2252487043568
"hsa-mir-6068",-0.528320833573719,0.264160416786859,-0.842533056759153,0.415776018687396,0.846541864266598,-5.2252487043568
"hsa-mir-6080",-0.528320833573719,0.264160416786859,-0.842533056759153,0.415776018687396,0.846541864266598,-5.2252487043568
"hsa-mir-623",0.528320833573719,0.264160416786859,0.842533056759153,0.415776018687396,0.846541864266598,-5.2252487043568
"hsa-mir-711",0.528320833573719,0.264160416786859,0.842533056759153,0.415776018687396,0.846541864266598,-5.2252487043568
"hsa-mir-7849",0.528320833573719,0.264160416786859,0.842533056759153,0.415776018687396,0.846541864266598,-5.2252487043568
"hsa-mir-8064",-0.528320833573719,0.264160416786859,-0.842533056759153,0.415776018687396,0.846541864266598,-5.2252487043568
"hsa-mir-2277",0.523402623934194,5.47233996264306,0.840050078876621,0.417113544152057,0.846541864266598,-5.22704706129861
"hsa-mir-5004",-0.602451640685868,1.49621332058332,-0.83789288709911,0.418277895006012,0.846541864266598,-5.22860569867797
"hsa-mir-203b",-0.582874711516286,13.2150370356906,-0.836476880575794,0.419043360665148,0.846541864266598,-5.22962690394688
"hsa-mir-4326",0.711033455883167,7.68115928128435,0.835595401369222,0.419520340111047,0.846541864266598,-5.23026185292018
"hsa-mir-3202-2",0.52448895396111,2.05968361790681,0.83489376412645,0.419900261936737,0.846541864266598,-5.23076683948049
"hsa-mir-660",0.598361720810939,9.55861610166215,0.831846586433894,0.421552888015787,0.846541864266598,-5.23295566778035
"hsa-mir-548az",0.536770288129688,5.35260695488159,0.829511767790667,0.422822075189021,0.846541864266598,-5.23462805921815
"hsa-mir-4722",0.528320833573719,0.597493750120193,0.826715515381017,0.42434541037628,0.846541864266598,-5.23662554893402
"hsa-mir-5047",0.528320833573719,0.597493750120193,0.826715515381017,0.42434541037628,0.846541864266598,-5.23662554893402
"hsa-mir-3180-2",0.528320833573719,0.597493750120193,0.826715515381016,0.42434541037628,0.846541864266598,-5.23662554893402
"hsa-mir-3651",-0.528320833573719,0.597493750120193,-0.826715515381016,0.42434541037628,0.846541864266598,-5.23662554893402
"hsa-mir-4277",-0.528320833573719,0.597493750120193,-0.826715515381016,0.42434541037628,0.846541864266598,-5.23662554893402
"hsa-mir-4476",0.528320833573719,0.597493750120193,0.826715515381016,0.42434541037628,0.846541864266598,-5.23662554893402
"hsa-mir-4493",0.528320833573719,0.597493750120193,0.826715515381016,0.42434541037628,0.846541864266598,-5.23662554893402
"hsa-mir-4520-2",-0.528320833573719,0.597493750120193,-0.826715515381016,0.42434541037628,0.846541864266598,-5.23662554893402
"hsa-mir-4768",0.528320833573719,0.597493750120193,0.826715515381016,0.42434541037628,0.846541864266598,-5.23662554893402
"hsa-mir-5088",-0.528320833573719,0.597493750120193,-0.826715515381016,0.42434541037628,0.846541864266598,-5.23662554893402
"hsa-mir-513a-2",0.528320833573719,0.597493750120193,0.826715515381016,0.42434541037628,0.846541864266598,-5.23662554893402
"hsa-mir-5195",0.528320833573719,0.597493750120193,0.826715515381016,0.42434541037628,0.846541864266598,-5.23662554893402
"hsa-mir-6801",-0.528320833573719,0.597493750120193,-0.826715515381016,0.42434541037628,0.846541864266598,-5.23662554893402
"hsa-mir-944",0.817070370610776,2.74186851863872,0.825942599188836,0.424767115073239,0.846541864266598,-5.23717663507744
"hsa-mir-296",0.492218368830309,7.80300943847657,0.825659563581848,0.424921608929764,0.846541864266598,-5.23737832527458
"hsa-let-7c",0.511499798680575,12.6331108121467,0.825120058311409,0.425216198219185,0.846541864266598,-5.23776260696303
"hsa-mir-190b",0.550692232193233,4.64420042957824,0.823225456713842,0.426251783726442,0.846541864266598,-5.23911035823446
"hsa-mir-483",0.604124332274742,4.39020969954624,0.822499719670987,0.426648909166564,0.846541864266598,-5.23962590120389
"hsa-mir-489",0.635630198536173,0.984481765934753,0.819069597960261,0.428529170986906,0.846541864266598,-5.24205715839131
"hsa-mir-3179-2",0.6901297759638,1.45237425294435,0.814674029668296,0.430946585011552,0.846541864266598,-5.24515966331221
"hsa-mir-4706",-0.578988531388735,1.81781509926809,-0.813301101053074,0.431703473969756,0.846541864266598,-5.24612570103078
"hsa-mir-4745",-0.578988531388735,1.81781509926809,-0.813301101053074,0.431703473969756,0.846541864266598,-5.24612570103078
"hsa-mir-197",0.528289118256023,11.0384688684986,0.811662906266293,0.432607738615427,0.846541864266598,-5.24727651147573
"hsa-mir-216b",-0.728190592468903,4.23566524427286,-0.808916700518704,0.434126383277773,0.846541864266598,-5.24920109882738
"hsa-mir-5695",0.717334364481683,2.71760571459112,0.804878773570573,0.436365645343108,0.846541864266598,-5.2520204980458
"hsa-mir-6878",0.635630198536173,1.31781509926809,0.798746150159444,0.439780860875547,0.846541864266598,-5.25627863944977
"hsa-mir-4485",0.580360567546145,3.91823712347588,0.798360401331731,0.439996258588268,0.846541864266598,-5.25654551878557
"hsa-mir-3179-1",0.528320833573719,1.26416041678686,0.79758147190854,0.440431411802527,0.846541864266598,-5.25708407145796
"hsa-mir-5687",0.550692232193231,2.60110609059659,0.796848392688896,0.440841204603004,0.846541864266598,-5.25759049836759
"hsa-mir-3183",0.471679166426281,1.43082708345353,0.796841807625379,0.440844886783353,0.846541864266598,-5.25759504560377
"hsa-mir-99a",0.602127030271625,15.0538817182781,0.795087475641907,0.441826567135865,0.846541864266598,-5.25880529350518
"hsa-mir-548z",0.528320833573719,2.03813644841598,0.793071194932986,0.442956568590205,0.846541864266598,-5.260193332328
"hsa-mir-4671",-0.61599896885165,1.74864218272161,-0.792261129667537,0.443411084489414,0.846541864266598,-5.26075011451331
"hsa-mir-3149",0.666666666666666,2.49728436544322,0.791399528127721,0.443894846214366,0.846541864266598,-5.26134176568054
"hsa-mir-6741",0.540609961148242,3.28510302036027,0.786889834228893,0.446432434084253,0.846541864266598,-5.26442920047718
"hsa-mir-643",0.519213964907215,3.54352332959229,0.786602289987896,0.446594549377685,0.846541864266598,-5.26462552853962
"hsa-mir-8079",-0.578988531388735,0.817815099268086,-0.786340853341403,0.446741978184164,0.846541864266598,-5.26480397569494
"hsa-mir-548b",0.489331210713574,3.90375891319009,0.785477236175032,0.447229209242747,0.846541864266598,-5.26539307501268
"hsa-mir-4657",0.602451640685868,1.16287998724999,0.784763604761101,0.447632079094001,0.846541864266598,-5.2658794307029
"hsa-mir-4508",-0.523266484956778,8.16653183795238,-0.784368748933567,0.447855088902181,0.846541864266598,-5.26614836499019
"hsa-mir-744",0.512123513236418,11.5964766671079,0.784318394119892,0.447883533809998,0.846541864266598,-5.26618265275193
"hsa-mir-3152",-0.49566244705262,4.63905693562745,-0.784204695289954,0.447947765347149,0.846541864266598,-5.26626006573188
"hsa-mir-3682",0.528320833573719,0.930827083453526,0.778807274000878,0.451003698254634,0.846541864266598,-5.26992347313916
"hsa-mir-640",0.528320833573719,0.930827083453526,0.778807274000878,0.451003698254634,0.846541864266598,-5.26992347313916
"hsa-mir-6887",-0.497792983520211,4.27981553873339,-0.778361520319985,0.451256670407655,0.846541864266598,-5.27022501466642
"hsa-mir-6752",0.454190026461569,2.71083205050823,0.776908904792318,0.452081680259263,0.846541864266598,-5.27120660733728
"hsa-mir-7108",-0.483639453298129,4.75523610873094,-0.775268892847751,0.453014275927321,0.846541864266598,-5.27231286910859
"hsa-mir-6720",0.64515324926843,3.20386202122579,0.77473784275818,0.453316520797448,0.846541864266598,-5.27267063992567
"hsa-mir-7976",0.490961863896287,5.08601441185605,0.769499861415102,0.456304563899561,0.846541864266598,-5.27618778024269
"hsa-mir-10a",0.536077875230603,18.2297094158685,0.769011069962825,0.45658403416223,0.846541864266598,-5.27651490254682
"hsa-mir-135b",0.780371132965533,8.70230910116872,0.762404469392538,0.460372038495253,0.846541864266598,-5.28091813462255
"hsa-mir-4797",0.464105807592921,2.69615871138938,0.762221390990326,0.460477291147205,0.846541864266598,-5.2810396709392
"hsa-mir-4424",0.636953165937156,4.01473932920755,0.762152236552386,0.460517052313429,0.846541864266598,-5.28108557221424
"hsa-mir-6780b",0.592535859554517,2.16783787781566,0.759403344569874,0.462099313048817,0.846541864266598,-5.28290713202002
"hsa-mir-375",-0.560627044673062,16.6974209757145,-0.758821803302598,0.462434485872288,0.846541864266598,-5.28329173680981
"hsa-mir-582",0.601737754860332,9.82435202347758,0.755034975651895,0.46462077104638,0.846541864266598,-5.2857897169489
"hsa-mir-548h-2",0.602451640685868,1.30122582034293,0.752817670993362,0.46590391347438,0.846541864266598,-5.28724716216967
"hsa-mir-6780a",0.497284365443225,2.11029634962866,0.748946108204674,0.468149679548926,0.846541864266598,-5.28978273971021
"hsa-mir-3179-4",-0.528320833573719,1.37146978174931,-0.748367768857518,0.468485734654045,0.846541864266598,-5.29016050026491
"hsa-mir-30c-2",0.554535108238598,13.1003555006334,0.74823260116424,0.468564298121328,0.846541864266598,-5.29024875151975
"hsa-mir-100",0.530861396026953,15.7958942905387,0.744731789597052,0.470601935985222,0.846541864266598,-5.29252944900177
"hsa-mir-130a",0.503056068573229,8.10028750543308,0.742606810336983,0.471841460444032,0.846541864266598,-5.2939091339582
"hsa-mir-4659a",0.483344306878348,3.23409879460581,0.741994667806456,0.472198906218999,0.846541864266598,-5.29430592177655
"hsa-mir-4472-2",-0.477079271314753,6.28077445993844,-0.737877827769758,0.474607200579052,0.846541864266598,-5.29696678604824
"hsa-mir-301a",0.557852314190736,5.74966147434362,0.734190772271735,0.47677052045633,0.846541864266598,-5.2993385429625
"hsa-mir-548ag-2",-0.454007833488387,3.68244465482613,-0.731717157875249,0.478225280549218,0.846541864266598,-5.30092372963015
"hsa-mir-548o-2",0.531738592430017,6.7993829270431,0.727809886634288,0.480528755096714,0.846541864266598,-5.30341782012434
"hsa-mir-541",0.705159072473312,1.88090036981037,0.727334334074467,0.480809574837428,0.846541864266598,-5.30372055172009
"hsa-mir-339",0.450233308012315,10.9967026611858,0.720044081430134,0.4851271578065,0.846541864266598,-5.30833904933728
"hsa-mir-152",0.47287191436769,13.2450964848559,0.719132717331019,0.485668565272521,0.846541864266598,-5.30891345313205
"hsa-mir-29c",0.429128385157442,10.8382922468282,0.718841717430491,0.485841515097719,0.846541864266598,-5.30909672235957
"hsa-mir-939",0.547952063258242,2.85893853235028,0.718299032562324,0.486164149064529,0.846541864266598,-5.3094383211518
"hsa-mir-133a-2",-0.584727742580531,8.59143547473048,-0.716836395675515,0.487034357986928,0.846541864266598,-5.31035782980457
"hsa-mir-9-2",0.472354736670292,9.90717197022735,0.715686401047901,0.487719223298031,0.846541864266598,-5.31107959856535
"hsa-mir-199b",0.476345914932983,14.9170688965606,0.715130480931489,0.488050504765368,0.846541864266598,-5.31142813295307
"hsa-mir-491",0.481966154327868,4.9045874368818,0.713507008145303,0.489018740547896,0.846541864266598,-5.31244456428222
"hsa-mir-490",-1.06195551510378,3.83327462275473,-0.712943550435012,0.489355058120545,0.846541864266598,-5.31279684672988
"hsa-mir-33a",-0.426770538814771,8.21165499593805,-0.712004958254749,0.48991559824769,0.846541864266598,-5.31338310846481
"hsa-mir-9-1",0.478659888085176,9.8918658715776,0.711971634468331,0.48993550682817,0.846541864266598,-5.31340391022677
"hsa-mir-30c-1",0.531092688590935,13.1110514419814,0.710178622726303,0.491007426542386,0.846541864266598,-5.31452186207624
"hsa-mir-889",0.520907546421327,7.78678743209911,0.70949017526583,0.491419379628014,0.846541864266598,-5.31495043263382
"hsa-mir-199a-1",0.470769870506869,15.0235870965198,0.708905728298689,0.491769265078281,0.846541864266598,-5.31531396486952
"hsa-mir-758",0.570370722292216,5.78807248915152,0.708062601979139,0.492274277196301,0.846541864266598,-5.31583791905537
"hsa-mir-486-1",0.575088645658262,10.7810242363128,0.706686063277259,0.493099463952341,0.846541864266598,-5.31669214080955
"hsa-mir-199a-2",0.465951365789596,15.020941143123,0.699268175346212,0.497560583937529,0.846541864266598,-5.32126934388628
"hsa-mir-3155a",0.485226494592063,3.51918749232472,0.697653221828766,0.498535021160497,0.846541864266598,-5.32226002235904
"hsa-mir-3194",0.459503874417909,3.49020517505051,0.692476275425797,0.501666408545402,0.846541864266598,-5.3254216996999
"hsa-mir-449b",0.528320833573719,0.597493750120193,0.692272364169144,0.501789988609873,0.846541864266598,-5.32554579331831
"hsa-mir-3165",0.528320833573718,0.597493750120193,0.692272364169143,0.501789988609874,0.846541864266598,-5.32554579331831
"hsa-mir-498",0.528320833573718,0.597493750120193,0.692272364169143,0.501789988609874,0.846541864266598,-5.32554579331831
"hsa-mir-579",0.474675427502033,4.70358561106375,0.68631444273388,0.505408786605951,0.846541864266598,-5.32915685716675
"hsa-mir-6724-4",0.514773505407938,2.78570758627769,0.685616179051503,0.505833919507353,0.846541864266598,-5.32957820456394
"hsa-mir-3143",-0.492682432268215,2.51545952348664,-0.685294544419529,0.506029815842979,0.846541864266598,-5.32977215400124
"hsa-mir-3074",0.4403365554105,14.5669950655375,0.681110114955669,0.508582502132217,0.846541864266598,-5.33228782992366
"hsa-mir-4770",-0.635630198536173,0.984481765934753,-0.671312109603143,0.514589397031772,0.846541864266598,-5.33812317784357
"hsa-mir-4717",-0.465076339399555,3.35464557444838,-0.670964373895159,0.514803346395587,0.846541864266598,-5.33832885272958
"hsa-mir-6891",-0.528320833573719,2.03813644841598,-0.666661548499683,0.517455028540739,0.846541864266598,-5.34086574715969
"hsa-mir-3158-1",0.454076528893441,6.89477873758278,0.664391391411119,0.518857254479248,0.846541864266598,-5.34219816420005
"hsa-mir-4436b-2",0.528320833573719,0.930827083453526,0.663404842628177,0.519467313159237,0.846541864266598,-5.34277589469734
"hsa-mir-6817",0.471679166426281,1.53813644841598,0.661773690126164,0.520476894659495,0.846541864266598,-5.34372937884183
"hsa-mir-769",0.404944185041717,10.3254996720461,0.660999649256041,0.520956376219433,0.846541864266598,-5.34418108640833
"hsa-mir-7854",0.429835539064994,3.57385630188277,0.660850454458602,0.521048824785446,0.846541864266598,-5.34426809623049
"hsa-mir-1277",-0.51884195058093,5.38650055952849,-0.660679275150375,0.521154907786996,0.846541864266598,-5.34436790507826
"hsa-mir-1250",0.420225044319957,4.2648720015937,0.660088058741079,0.521521391997492,0.846541864266598,-5.34471244037571
"hsa-mir-4662a",-0.528320833573719,3.2565870579535,-0.65609444200753,0.52400087343151,0.846541864266598,-5.34703231145024
"hsa-mir-1537",0.471679166426282,1.09749375012019,0.655237655322763,0.524533705630386,0.846541864266598,-5.34752832556364
"hsa-mir-1267",0.471679166426281,1.09749375012019,0.655237655322762,0.524533705630387,0.846541864266598,-5.34752832556364
"hsa-mir-30e",0.440796868507512,15.0200580931839,0.652203913802045,0.526422890611518,0.846541864266598,-5.34927982932579
"hsa-mir-3613",0.445776655541771,9.63640288731465,0.651784502245495,0.526684376509221,0.846541864266598,-5.34952138342562
"hsa-mir-8065",0.528320833573718,2.53327872413939,0.649077918394788,0.528373617456316,0.846541864266598,-5.35107675567008
"hsa-mir-6739",-0.528320833573718,1.45914791702724,-0.646339094698938,0.530086142906123,0.846541864266598,-5.35264457602132
"hsa-mir-1302-4",0.52832083357372,1.3208020839343,0.6459108998875,0.530354170749395,0.846541864266598,-5.35288913998317
"hsa-mir-873",-0.459804529849373,4.65735710099931,-0.644402236279456,0.53129913430462,0.846541864266598,-5.35374962237011
"hsa-mir-1538",-0.528320833573718,2.37146978174931,-0.639443928956262,0.53441157975529,0.846541864266598,-5.35656454807885
"hsa-mir-6770-2",-0.407464140445483,1.59370707070351,-0.638557995571616,0.534968791900825,0.846541864266598,-5.35706539255841
"hsa-mir-4762",0.440642698295788,2.47195051653572,0.637981596075323,0.5353314985059,0.846541864266598,-5.35739090345325
"hsa-mir-6861",0.393916812279701,2.44858757352767,0.635630799087816,0.53681221308667,0.846541864266598,-5.35871565549787
"hsa-mir-5697",-0.38400103114835,1.58197551605495,-0.634765608592572,0.537357761427922,0.846541864266598,-5.35920207951486
"hsa-mir-551a",0.479135104102432,2.10122171895827,0.633517793319925,0.538145127792224,0.846541864266598,-5.35990254095315
"hsa-mir-6808",-0.396344608130005,3.34857600800911,-0.632667178933802,0.538682235997776,0.846541864266598,-5.36037930190622
"hsa-mir-24-2",0.403352220601491,14.3277104474539,0.632281084949589,0.538926129460414,0.846541864266598,-5.36059550798479
"hsa-mir-154",0.432993821247972,5.17019254595578,0.632147362758951,0.539010615587195,0.846541864266598,-5.360670361636
"hsa-mir-6865",0.440642698295788,0.88698801581456,0.631551748501493,0.53938701755859,0.846541864266598,-5.36100359037188
"hsa-mir-4291",-0.440642698295787,0.88698801581456,-0.631551748501493,0.53938701755859,0.846541864266598,-5.36100359037188
"hsa-mir-548aa-1",0.384203472046714,4.01768380400318,0.630170491629713,0.540260482060271,0.846541864266598,-5.3617752429193
"hsa-mir-9-3",0.422171481355544,9.91200014561733,0.628455539175582,0.5413460746747,0.846541864266598,-5.36273113838842
"hsa-mir-1275",0.361537376237575,9.28753274533745,0.627860679768515,0.541722917037673,0.846541864266598,-5.36306214222837
"hsa-mir-5006",-0.513522793787567,2.183881301402,-0.62679564361443,0.542397984114418,0.846541864266598,-5.36365404523062
"hsa-mir-6793",0.408836176602894,3.72133368342919,0.623710257008726,0.544356305177536,0.846541864266598,-5.36536351205518
"hsa-mir-1304",0.39904348304619,7.61995530707588,0.621983810529228,0.545453822317985,0.846541864266598,-5.36631663757376
"hsa-mir-7114",0.431818627842057,2.56404068704051,0.620409311019632,0.546455823887649,0.846541864266598,-5.36718373788741
"hsa-mir-6511b-2",0.428467406287417,3.6548764014395,0.619989086854416,0.546723425647334,0.846541864266598,-5.36741481641047
"hsa-mir-6789",0.397548359314133,3.24186851863872,0.619546621361563,0.547005269909178,0.846541864266598,-5.36765796806281
"hsa-mir-3139",0.528320833573718,1.65413541726763,0.619193735523672,0.547230111313277,0.846541864266598,-5.36785177665308
"hsa-mir-6803",0.438500608575975,3.35216486826739,0.618204144185014,0.547860904915183,0.846541864266598,-5.36839472313729
"hsa-mir-26b",0.419334429811608,15.8897958352062,0.616527751193899,0.548930409503205,0.846541864266598,-5.36931264610083
"hsa-mir-374c",0.420294924051021,10.1425471910749,0.615980884481957,0.549279550494915,0.846541864266598,-5.36961158617104
"hsa-mir-7848",0.510171572232927,1.64506078659723,0.613956606772378,0.55057300202341,0.846541864266598,-5.37071599320256
"hsa-mir-338",0.407626237071366,8.36108616317652,0.613048985074666,0.551153493000577,0.846541864266598,-5.37121007585842
"hsa-mir-6727",0.421011468611264,1.31781509926809,0.608998989801538,0.553747893354945,0.846541864266598,-5.37340648086239
"hsa-mir-532",0.424582185154696,14.2921027328798,0.60833581437477,0.554173361002227,0.846541864266598,-5.37376484409611
"hsa-mir-1252",-0.440642698295788,1.08197551605495,-0.607352601310999,0.554804484218678,0.846541864266598,-5.37429547804236
"hsa-mir-516a-1",0.528320833573719,0.792481250360578,0.605635026483699,0.555907943253984,0.846541864266598,-5.37522052303095
"hsa-mir-4511",0.38783291076096,3.04416538384156,0.605409386348804,0.556052995873688,0.846541864266598,-5.37534186595873
"hsa-mir-127",0.431871389562632,13.9031316835825,0.603227644081199,0.557456600776492,0.846541864266598,-5.3765129706585
"hsa-mir-3197",-0.440642698295788,0.553654682481227,-0.602328504014996,0.558035620187745,0.846541864266598,-5.37699445898692
"hsa-mir-4652",0.440642698295787,0.553654682481227,0.602328504014996,0.558035620187745,0.846541864266598,-5.37699445898692
"hsa-mir-519b",0.440642698295787,0.553654682481227,0.602328504014996,0.558035620187745,0.846541864266598,-5.37699445898692
"hsa-mir-891a",0.440642698295787,0.553654682481227,0.602328504014996,0.558035620187745,0.846541864266598,-5.37699445898692
"hsa-mir-4710",0.495142275723414,1.35488050282416,0.600642225414864,0.559122422007834,0.846541864266598,-5.37789565189012
"hsa-mir-3198-2",0.389975000480771,1.19498750024039,0.599190451676205,0.560059013535339,0.846541864266598,-5.37866962985683
"hsa-mir-3688-1",0.389975000480771,2.19498750024039,0.599190451676205,0.560059013535339,0.846541864266598,-5.37866962985683
"hsa-mir-4766",-0.38997500048077,1.19498750024039,-0.599190451676204,0.560059013535339,0.846541864266598,-5.37866962985683
"hsa-mir-6879",0.402862207270473,2.56036963598551,0.599035060861408,0.560159312534667,0.846541864266598,-5.37875236910028
"hsa-mir-6746",0.389975000480771,0.861654166907052,0.594839542729716,0.562871069150592,0.846541864266598,-5.38097873301678
"hsa-mir-921",-0.389975000480771,0.861654166907052,-0.594839542729716,0.562871069150592,0.846541864266598,-5.38097873301678
"hsa-mir-4664",0.370804180929035,5.15012029302487,0.59431172659089,0.563212726320919,0.846541864266598,-5.38125778471426
"hsa-mir-558",0.379167841249979,2.76099909318036,0.591190516429887,0.565235398799417,0.846541864266598,-5.38290320605614
"hsa-mir-24-1",0.374360078362475,14.2341653315753,0.589278979768838,0.566476094568817,0.846541864266598,-5.38390691701311
"hsa-mir-6770-3",0.45419002646157,1.49621332058332,0.589259982158265,0.566488432485393,0.846541864266598,-5.38391687702657
"hsa-mir-548av",0.333333333333333,1.55664166714744,0.589170541572173,0.56654652124259,0.846541864266598,-5.3839637646461
"hsa-mir-374b",0.392902948836007,10.2343757252713,0.587772889556402,0.567454669127244,0.846541864266598,-5.38469559318583
"hsa-mir-3155b",0.474675427502033,2.73462207919424,0.5874672867707,0.567653344362235,0.846541864266598,-5.38485539395417
"hsa-mir-3662",0.440642698295787,2.61029634962866,0.585733202286526,0.568781399506907,0.846541864266598,-5.38576067924296
"hsa-mir-7977",0.361687783835849,5.2672778636111,0.584461803742319,0.569609235411046,0.846541864266598,-5.38642282505738
"hsa-mir-1247",0.504343669340453,5.86805338236467,0.582634539983537,0.57080014195177,0.846541864266598,-5.38737210505734
"hsa-mir-1273c",0.36198359363829,6.72142416993969,0.582114154069961,0.571139544350821,0.846541864266598,-5.38764194059202
"hsa-mir-6892",-0.426702639730912,2.67745712745838,-0.581304926265742,0.571667548236011,0.846541864266598,-5.38806110020956
"hsa-mir-7641-1",0.397346141193768,10.732739483645,0.577344967459238,0.574255105386789,0.846541864266598,-5.3901043733297
"hsa-mir-455",0.457560891862993,11.8169661776405,0.576221832573452,0.574990132663455,0.846541864266598,-5.39068150697
"hsa-mir-639",-0.333333333333334,2.88997500048077,-0.575669295113778,0.575351920717688,0.846541864266598,-5.39096504655723
"hsa-mir-561",-0.395643808916001,3.63279579431856,-0.575174919918107,0.575675728331679,0.846541864266598,-5.39121852321685
"hsa-mir-7109",0.333333333333334,0.833333333333333,0.573466066444251,0.576795746258249,0.846541864266598,-5.39209311375497
"hsa-mir-1182",-0.333333333333333,0.166666666666667,-0.573466066444251,0.576795746258249,0.846541864266598,-5.39209311375497
"hsa-mir-1184-2",0.333333333333333,0.166666666666667,0.573466066444251,0.576795746258249,0.846541864266598,-5.39209311375497
"hsa-mir-1204",0.333333333333333,0.166666666666667,0.573466066444251,0.576795746258249,0.846541864266598,-5.39209311375497
"hsa-mir-1302-10",-0.333333333333333,0.166666666666667,-0.573466066444251,0.576795746258249,0.846541864266598,-5.39209311375497
"hsa-mir-1302-11",-0.333333333333333,0.166666666666667,-0.573466066444251,0.576795746258249,0.846541864266598,-5.39209311375497
"hsa-mir-1302-2",-0.333333333333333,0.166666666666667,-0.573466066444251,0.576795746258249,0.846541864266598,-5.39209311375497
"hsa-mir-1302-8",-0.333333333333333,0.166666666666667,-0.573466066444251,0.576795746258249,0.846541864266598,-5.39209311375497
"hsa-mir-1302-9",0.333333333333333,0.166666666666667,0.573466066444251,0.576795746258249,0.846541864266598,-5.39209311375497
"hsa-mir-1321",-0.333333333333333,0.166666666666667,-0.573466066444251,0.576795746258249,0.846541864266598,-5.39209311375497
"hsa-mir-1324",-0.333333333333333,0.166666666666667,-0.573466066444251,0.576795746258249,0.846541864266598,-5.39209311375497
"hsa-mir-1470",-0.333333333333333,0.166666666666667,-0.573466066444251,0.576795746258249,0.846541864266598,-5.39209311375497
"hsa-mir-2909",-0.333333333333333,0.166666666666667,-0.573466066444251,0.576795746258249,0.846541864266598,-5.39209311375497
"hsa-mir-298",-0.333333333333333,0.166666666666667,-0.573466066444251,0.576795746258249,0.846541864266598,-5.39209311375497
"hsa-mir-302a",0.333333333333333,0.166666666666667,0.573466066444251,0.576795746258249,0.846541864266598,-5.39209311375497
"hsa-mir-302b",-0.333333333333333,0.166666666666667,-0.573466066444251,0.576795746258249,0.846541864266598,-5.39209311375497
"hsa-mir-302e",-0.333333333333333,0.166666666666667,-0.573466066444251,0.576795746258249,0.846541864266598,-5.39209311375497
"hsa-mir-3118-1",0.333333333333333,0.166666666666667,0.573466066444251,0.576795746258249,0.846541864266598,-5.39209311375497
"hsa-mir-3118-3",-0.333333333333333,0.166666666666667,-0.573466066444251,0.576795746258249,0.846541864266598,-5.39209311375497
"hsa-mir-3118-4",0.333333333333333,0.166666666666667,0.573466066444251,0.576795746258249,0.846541864266598,-5.39209311375497
"hsa-mir-3147",0.333333333333333,0.166666666666667,0.573466066444251,0.576795746258249,0.846541864266598,-5.39209311375497
"hsa-mir-3151",-0.333333333333333,0.166666666666667,-0.573466066444251,0.576795746258249,0.846541864266598,-5.39209311375497
"hsa-mir-3153",0.333333333333333,0.166666666666667,0.573466066444251,0.576795746258249,0.846541864266598,-5.39209311375497
"hsa-mir-3156-2",-0.333333333333333,0.166666666666667,-0.573466066444251,0.576795746258249,0.846541864266598,-5.39209311375497
"hsa-mir-3156-3",0.333333333333333,0.166666666666667,0.573466066444251,0.576795746258249,0.846541864266598,-5.39209311375497
"hsa-mir-3612",-0.333333333333333,0.166666666666667,-0.573466066444251,0.576795746258249,0.846541864266598,-5.39209311375497
"hsa-mir-3618",0.333333333333333,0.166666666666667,0.573466066444251,0.576795746258249,0.846541864266598,-5.39209311375497
"hsa-mir-3621",0.333333333333333,0.166666666666667,0.573466066444251,0.576795746258249,0.846541864266598,-5.39209311375497
"hsa-mir-3649",-0.333333333333333,0.166666666666667,-0.573466066444251,0.576795746258249,0.846541864266598,-5.39209311375497
"hsa-mir-3668",-0.333333333333333,0.166666666666667,-0.573466066444251,0.576795746258249,0.846541864266598,-5.39209311375497
"hsa-mir-3689a",0.333333333333333,0.166666666666667,0.573466066444251,0.576795746258249,0.846541864266598,-5.39209311375497
"hsa-mir-3689c",-0.333333333333333,0.166666666666667,-0.573466066444251,0.576795746258249,0.846541864266598,-5.39209311375497
"hsa-mir-3689d-2",-0.333333333333333,0.166666666666667,-0.573466066444251,0.576795746258249,0.846541864266598,-5.39209311375497
"hsa-mir-3915",0.333333333333333,0.166666666666667,0.573466066444251,0.576795746258249,0.846541864266598,-5.39209311375497
"hsa-mir-3921",0.333333333333333,0.166666666666667,0.573466066444251,0.576795746258249,0.846541864266598,-5.39209311375497
"hsa-mir-3923",0.333333333333333,0.166666666666667,0.573466066444251,0.576795746258249,0.846541864266598,-5.39209311375497
"hsa-mir-3926-2",0.333333333333333,0.166666666666667,0.573466066444251,0.576795746258249,0.846541864266598,-5.39209311375497
"hsa-mir-3935",-0.333333333333333,0.166666666666667,-0.573466066444251,0.576795746258249,0.846541864266598,-5.39209311375497
"hsa-mir-3943",0.333333333333333,0.166666666666667,0.573466066444251,0.576795746258249,0.846541864266598,-5.39209311375497
"hsa-mir-3945",0.333333333333333,0.166666666666667,0.573466066444251,0.576795746258249,0.846541864266598,-5.39209311375497
"hsa-mir-3973",0.333333333333333,0.166666666666667,0.573466066444251,0.576795746258249,0.846541864266598,-5.39209311375497
"hsa-mir-3975",-0.333333333333333,0.166666666666667,-0.573466066444251,0.576795746258249,0.846541864266598,-5.39209311375497
"hsa-mir-4261",-0.333333333333333,0.166666666666667,-0.573466066444251,0.576795746258249,0.846541864266598,-5.39209311375497
"hsa-mir-4272",0.333333333333333,0.166666666666667,0.573466066444251,0.576795746258249,0.846541864266598,-5.39209311375497
"hsa-mir-4281",0.333333333333333,0.166666666666667,0.573466066444251,0.576795746258249,0.846541864266598,-5.39209311375497
"hsa-mir-4283-1",-0.333333333333333,0.166666666666667,-0.573466066444251,0.576795746258249,0.846541864266598,-5.39209311375497
"hsa-mir-4293",-0.333333333333333,0.166666666666667,-0.573466066444251,0.576795746258249,0.846541864266598,-5.39209311375497
"hsa-mir-4299",-0.333333333333333,0.166666666666667,-0.573466066444251,0.576795746258249,0.846541864266598,-5.39209311375497
"hsa-mir-4302",-0.333333333333333,0.166666666666667,-0.573466066444251,0.576795746258249,0.846541864266598,-5.39209311375497
"hsa-mir-4303",-0.333333333333333,0.166666666666667,-0.573466066444251,0.576795746258249,0.846541864266598,-5.39209311375497
"hsa-mir-4305",-0.333333333333333,0.166666666666667,-0.573466066444251,0.576795746258249,0.846541864266598,-5.39209311375497
"hsa-mir-4308",0.333333333333333,0.166666666666667,0.573466066444251,0.576795746258249,0.846541864266598,-5.39209311375497
"hsa-mir-4309",-0.333333333333333,0.166666666666667,-0.573466066444251,0.576795746258249,0.846541864266598,-5.39209311375497
"hsa-mir-4310",-0.333333333333333,0.166666666666667,-0.573466066444251,0.576795746258249,0.846541864266598,-5.39209311375497
"hsa-mir-4315-2",0.333333333333333,0.166666666666667,0.573466066444251,0.576795746258249,0.846541864266598,-5.39209311375497
"hsa-mir-4318",0.333333333333333,0.166666666666667,0.573466066444251,0.576795746258249,0.846541864266598,-5.39209311375497
"hsa-mir-4320",-0.333333333333333,0.166666666666667,-0.573466066444251,0.576795746258249,0.846541864266598,-5.39209311375497
"hsa-mir-4327",0.333333333333333,0.166666666666667,0.573466066444251,0.576795746258249,0.846541864266598,-5.39209311375497
"hsa-mir-4330",0.333333333333333,0.166666666666667,0.573466066444251,0.576795746258249,0.846541864266598,-5.39209311375497
"hsa-mir-4439",0.333333333333333,0.166666666666667,0.573466066444251,0.576795746258249,0.846541864266598,-5.39209311375497
"hsa-mir-4447",-0.333333333333333,0.166666666666667,-0.573466066444251,0.576795746258249,0.846541864266598,-5.39209311375497
"hsa-mir-4462",-0.333333333333333,0.166666666666667,-0.573466066444251,0.576795746258249,0.846541864266598,-5.39209311375497
"hsa-mir-4469",0.333333333333333,0.166666666666667,0.573466066444251,0.576795746258249,0.846541864266598,-5.39209311375497
"hsa-mir-4475",-0.333333333333333,0.166666666666667,-0.573466066444251,0.576795746258249,0.846541864266598,-5.39209311375497
"hsa-mir-448",-0.333333333333333,0.166666666666667,-0.573466066444251,0.576795746258249,0.846541864266598,-5.39209311375497
"hsa-mir-4500",0.333333333333333,0.166666666666667,0.573466066444251,0.576795746258249,0.846541864266598,-5.39209311375497
"hsa-mir-4509-3",0.333333333333333,0.166666666666667,0.573466066444251,0.576795746258249,0.846541864266598,-5.39209311375497
"hsa-mir-4527",-0.333333333333333,0.166666666666667,-0.573466066444251,0.576795746258249,0.846541864266598,-5.39209311375497
"hsa-mir-4531",-0.333333333333333,0.166666666666667,-0.573466066444251,0.576795746258249,0.846541864266598,-5.39209311375497
"hsa-mir-4534",-0.333333333333333,0.166666666666667,-0.573466066444251,0.576795746258249,0.846541864266598,-5.39209311375497
"hsa-mir-4540",-0.333333333333333,0.166666666666667,-0.573466066444251,0.576795746258249,0.846541864266598,-5.39209311375497
"hsa-mir-4641",-0.333333333333333,0.166666666666667,-0.573466066444251,0.576795746258249,0.846541864266598,-5.39209311375497
"hsa-mir-4650-1",0.333333333333333,0.166666666666667,0.573466066444251,0.576795746258249,0.846541864266598,-5.39209311375497
"hsa-mir-4653",0.333333333333333,0.166666666666667,0.573466066444251,0.576795746258249,0.846541864266598,-5.39209311375497
"hsa-mir-4656",-0.333333333333333,0.166666666666667,-0.573466066444251,0.576795746258249,0.846541864266598,-5.39209311375497
"hsa-mir-4670",-0.333333333333333,0.166666666666667,-0.573466066444251,0.576795746258249,0.846541864266598,-5.39209311375497
"hsa-mir-4678",0.333333333333333,0.166666666666667,0.573466066444251,0.576795746258249,0.846541864266598,-5.39209311375497
"hsa-mir-4692",0.333333333333333,0.166666666666667,0.573466066444251,0.576795746258249,0.846541864266598,-5.39209311375497
"hsa-mir-4693",-0.333333333333333,0.166666666666667,-0.573466066444251,0.576795746258249,0.846541864266598,-5.39209311375497
"hsa-mir-4711",0.333333333333333,0.166666666666667,0.573466066444251,0.576795746258249,0.846541864266598,-5.39209311375497
"hsa-mir-4719",0.333333333333333,0.166666666666667,0.573466066444251,0.576795746258249,0.846541864266598,-5.39209311375497
"hsa-mir-4736",-0.333333333333333,0.166666666666667,-0.573466066444251,0.576795746258249,0.846541864266598,-5.39209311375497
"hsa-mir-4752",0.333333333333333,0.166666666666667,0.573466066444251,0.576795746258249,0.846541864266598,-5.39209311375497
"hsa-mir-4771-1",-0.333333333333333,0.166666666666667,-0.573466066444251,0.576795746258249,0.846541864266598,-5.39209311375497
"hsa-mir-4776-1",-0.333333333333333,0.166666666666667,-0.573466066444251,0.576795746258249,0.846541864266598,-5.39209311375497
"hsa-mir-4789",0.333333333333333,0.166666666666667,0.573466066444251,0.576795746258249,0.846541864266598,-5.39209311375497
"hsa-mir-4790",-0.333333333333333,0.166666666666667,-0.573466066444251,0.576795746258249,0.846541864266598,-5.39209311375497
"hsa-mir-4801",0.333333333333333,0.166666666666667,0.573466066444251,0.576795746258249,0.846541864266598,-5.39209311375497
"hsa-mir-5007",-0.333333333333333,0.166666666666667,-0.573466066444251,0.576795746258249,0.846541864266598,-5.39209311375497
"hsa-mir-5092",-0.333333333333333,0.166666666666667,-0.573466066444251,0.576795746258249,0.846541864266598,-5.39209311375497
"hsa-mir-514b",0.333333333333333,0.166666666666667,0.573466066444251,0.576795746258249,0.846541864266598,-5.39209311375497
"hsa-mir-5186",0.333333333333333,0.166666666666667,0.573466066444251,0.576795746258249,0.846541864266598,-5.39209311375497
"hsa-mir-5189",-0.333333333333333,0.166666666666667,-0.573466066444251,0.576795746258249,0.846541864266598,-5.39209311375497
"hsa-mir-521-2",-0.333333333333333,0.166666666666667,-0.573466066444251,0.576795746258249,0.846541864266598,-5.39209311375497
"hsa-mir-526a-2",0.333333333333333,0.166666666666667,0.573466066444251,0.576795746258249,0.846541864266598,-5.39209311375497
"hsa-mir-5584",-0.333333333333333,0.166666666666667,-0.573466066444251,0.576795746258249,0.846541864266598,-5.39209311375497
"hsa-mir-563",-0.333333333333333,0.166666666666667,-0.573466066444251,0.576795746258249,0.846541864266598,-5.39209311375497
"hsa-mir-567",0.333333333333333,0.166666666666667,0.573466066444251,0.576795746258249,0.846541864266598,-5.39209311375497
"hsa-mir-569",0.333333333333333,0.166666666666667,0.573466066444251,0.576795746258249,0.846541864266598,-5.39209311375497
"hsa-mir-5692c-1",0.333333333333333,0.166666666666667,0.573466066444251,0.576795746258249,0.846541864266598,-5.39209311375497
"hsa-mir-5739",-0.333333333333333,0.166666666666667,-0.573466066444251,0.576795746258249,0.846541864266598,-5.39209311375497
"hsa-mir-588",-0.333333333333333,0.166666666666667,-0.573466066444251,0.576795746258249,0.846541864266598,-5.39209311375497
"hsa-mir-595",0.333333333333333,0.166666666666667,0.573466066444251,0.576795746258249,0.846541864266598,-5.39209311375497
"hsa-mir-601",0.333333333333333,0.166666666666667,0.573466066444251,0.576795746258249,0.846541864266598,-5.39209311375497
"hsa-mir-606",0.333333333333333,0.166666666666667,0.573466066444251,0.576795746258249,0.846541864266598,-5.39209311375497
"hsa-mir-6071",0.333333333333333,0.166666666666667,0.573466066444251,0.576795746258249,0.846541864266598,-5.39209311375497
"hsa-mir-6073",-0.333333333333333,0.166666666666667,-0.573466066444251,0.576795746258249,0.846541864266598,-5.39209311375497
"hsa-mir-6076",0.333333333333333,0.166666666666667,0.573466066444251,0.576795746258249,0.846541864266598,-5.39209311375497
"hsa-mir-6078",-0.333333333333333,0.166666666666667,-0.573466066444251,0.576795746258249,0.846541864266598,-5.39209311375497
"hsa-mir-6081",-0.333333333333333,0.166666666666667,-0.573466066444251,0.576795746258249,0.846541864266598,-5.39209311375497
"hsa-mir-6085",-0.333333333333333,0.166666666666667,-0.573466066444251,0.576795746258249,0.846541864266598,-5.39209311375497
"hsa-mir-6086",-0.333333333333333,0.166666666666667,-0.573466066444251,0.576795746258249,0.846541864266598,-5.39209311375497
"hsa-mir-6090",-0.333333333333333,0.166666666666667,-0.573466066444251,0.576795746258249,0.846541864266598,-5.39209311375497
"hsa-mir-646",-0.333333333333333,0.166666666666667,-0.573466066444251,0.576795746258249,0.846541864266598,-5.39209311375497
"hsa-mir-6499",0.333333333333333,0.166666666666667,0.573466066444251,0.576795746258249,0.846541864266598,-5.39209311375497
"hsa-mir-6722",0.333333333333333,0.166666666666667,0.573466066444251,0.576795746258249,0.846541864266598,-5.39209311375497
"hsa-mir-6778",0.333333333333333,0.166666666666667,0.573466066444251,0.576795746258249,0.846541864266598,-5.39209311375497
"hsa-mir-6830",-0.333333333333333,0.166666666666667,-0.573466066444251,0.576795746258249,0.846541864266598,-5.39209311375497
"hsa-mir-6844",0.333333333333333,0.166666666666667,0.573466066444251,0.576795746258249,0.846541864266598,-5.39209311375497
"hsa-mir-6860",0.333333333333333,0.166666666666667,0.573466066444251,0.576795746258249,0.846541864266598,-5.39209311375497
"hsa-mir-6871",0.333333333333333,0.166666666666667,0.573466066444251,0.576795746258249,0.846541864266598,-5.39209311375497
"hsa-mir-6893",0.333333333333333,0.166666666666667,0.573466066444251,0.576795746258249,0.846541864266598,-5.39209311375497
"hsa-mir-7106",0.333333333333333,0.166666666666667,0.573466066444251,0.576795746258249,0.846541864266598,-5.39209311375497
"hsa-mir-7158",-0.333333333333333,0.166666666666667,-0.573466066444251,0.576795746258249,0.846541864266598,-5.39209311375497
"hsa-mir-7161",-0.333333333333333,0.166666666666667,-0.573466066444251,0.576795746258249,0.846541864266598,-5.39209311375497
"hsa-mir-7843",-0.333333333333333,0.166666666666667,-0.573466066444251,0.576795746258249,0.846541864266598,-5.39209311375497
"hsa-mir-7852",-0.333333333333333,0.166666666666667,-0.573466066444251,0.576795746258249,0.846541864266598,-5.39209311375497
"hsa-mir-7856",0.333333333333333,0.166666666666667,0.573466066444251,0.576795746258249,0.846541864266598,-5.39209311375497
"hsa-mir-8057",-0.333333333333333,0.166666666666667,-0.573466066444251,0.576795746258249,0.846541864266598,-5.39209311375497
"hsa-mir-8067",-0.333333333333333,0.166666666666667,-0.573466066444251,0.576795746258249,0.846541864266598,-5.39209311375497
"hsa-mir-8071-1",0.333333333333333,0.166666666666667,0.573466066444251,0.576795746258249,0.846541864266598,-5.39209311375497
"hsa-mir-8073",-0.333333333333333,0.166666666666667,-0.573466066444251,0.576795746258249,0.846541864266598,-5.39209311375497
"hsa-mir-8081",0.333333333333333,0.166666666666667,0.573466066444251,0.576795746258249,0.846541864266598,-5.39209311375497
"hsa-mir-888",-0.333333333333333,0.166666666666667,-0.573466066444251,0.576795746258249,0.846541864266598,-5.39209311375497
"hsa-mir-920",0.333333333333333,0.166666666666667,0.573466066444251,0.576795746258249,0.846541864266598,-5.39209311375497
"hsa-mir-922",0.333333333333333,0.166666666666667,0.573466066444251,0.576795746258249,0.846541864266598,-5.39209311375497
"hsa-mir-936",0.333333333333333,0.166666666666667,0.573466066444251,0.576795746258249,0.846541864266598,-5.39209311375497
"hsa-mir-938",-0.333333333333333,0.166666666666667,-0.573466066444251,0.576795746258249,0.846541864266598,-5.39209311375497
"hsa-mir-9500",-0.333333333333333,0.166666666666667,-0.573466066444251,0.576795746258249,0.846541864266598,-5.39209311375497
"hsa-mir-3913-2",0.385780221947441,5.18507815211216,0.570849447863239,0.578512974142549,0.846541864266598,-5.39342756119345
"hsa-mir-4669",0.440642698295788,0.88698801581456,0.570483313356888,0.578753475947232,0.846541864266598,-5.39361382856735
"hsa-mir-6809",-0.389975000480771,1.7233083338141,-0.570429780126103,0.57878864461703,0.846541864266598,-5.39364105366797
"hsa-mir-4723",-0.333333333333333,1.36165416690705,-0.570403306510078,0.578806036884269,0.846541864266598,-5.39365451632195
"hsa-mir-6758",0.333333333333333,1.36165416690705,0.570403306510077,0.578806036884269,0.846541864266598,-5.39365451632195
"hsa-mir-487b",0.400664410473172,7.59177743323547,0.569434102378075,0.57944296163906,0.846541864266598,-5.39414698236287
"hsa-mir-107",0.394674997200081,8.85142673320207,0.568819553853694,0.579847012033994,0.846541864266598,-5.39445883515031
"hsa-mir-6502",0.343249114464684,3.0022422560089,0.566125861366466,0.581619803755779,0.846541864266598,-5.3958220142472
"hsa-mir-376c",-0.39108521422455,5.79644029250263,-0.565614784497709,0.581956479505429,0.846541864266598,-5.39607996462542
"hsa-mir-4741",0.407464140445482,2.59370707070351,0.565340858542905,0.582136972555258,0.846541864266598,-5.39621813013636
"hsa-mir-369",0.382242885103379,7.95682335719089,0.564958417774499,0.582389016607086,0.846541864266598,-5.39641092410627
"hsa-mir-3064",0.38317460312753,4.94581468235115,0.564316262238052,0.582812352456673,0.846541864266598,-5.39673436796811
"hsa-mir-6511a-1",0.38400103114835,3.11029634962866,0.562655151402215,0.583908176816328,0.846541864266598,-5.3975694378857
"hsa-mir-27a",0.351662726042491,16.3395011147569,0.560963341708712,0.585025364057578,0.846541864266598,-5.39841755847496
"hsa-mir-4787",0.389975000480771,2.32575997449997,0.560757981027581,0.585161050279845,0.846541864266598,-5.39852034409595
"hsa-mir-486-2",0.460135375984718,10.7500377336223,0.559992669083406,0.585666853524238,0.846541864266598,-5.39890308023656
"hsa-mir-378b",-0.315421611314219,4.65989598257422,-0.557737749028416,0.587158484764511,0.846541864266598,-5.40002791354603
"hsa-mir-329-1",0.396276583419142,5.95547497930046,0.556269831294835,0.588130578290464,0.846541864266598,-5.40075786408187
"hsa-mir-548aj-2",-0.355424406473056,3.13450044309766,-0.553841987580739,0.58974019876062,0.846541864266598,-5.40196117587619
"hsa-mir-6786",0.428584827444626,2.45237425294435,0.553734289068001,0.589811654114446,0.846541864266598,-5.40201443950087
"hsa-mir-1343",0.370356412667087,4.67195417345452,0.553443290623894,0.590004747030046,0.846541864266598,-5.40215830749968
"hsa-mir-548d-2",0.348131373119485,3.26919975951383,0.544926388524329,0.595670661390975,0.846541864266598,-5.40633739329136
"hsa-mir-1231",0.333333333333333,0.5,0.544720358413566,0.595808070142343,0.846541864266598,-5.40643773012997
"hsa-mir-4287",-0.333333333333333,0.5,-0.544720358413566,0.595808070142343,0.846541864266598,-5.40643773012997
"hsa-mir-4435-2",0.333333333333334,0.5,0.544720358413566,0.595808070142343,0.846541864266598,-5.40643773012997
"hsa-mir-518a-1",0.333333333333334,0.5,0.544720358413566,0.595808070142343,0.846541864266598,-5.40643773012997
"hsa-mir-6074",-0.333333333333333,0.5,-0.544720358413566,0.595808070142343,0.846541864266598,-5.40643773012997
"hsa-mir-6082",-0.333333333333333,0.5,-0.544720358413566,0.595808070142343,0.846541864266598,-5.40643773012997
"hsa-mir-637",-0.333333333333333,0.5,-0.544720358413566,0.595808070142343,0.846541864266598,-5.40643773012997
"hsa-mir-647",0.333333333333334,0.5,0.544720358413566,0.595808070142343,0.846541864266598,-5.40643773012997
"hsa-mir-661",0.333333333333333,0.5,0.544720358413566,0.595808070142343,0.846541864266598,-5.40643773012997
"hsa-mir-8063",0.333333333333333,0.5,0.544720358413566,0.595808070142343,0.846541864266598,-5.40643773012997
"hsa-mir-4533",-0.333333333333333,0.5,-0.544720358413565,0.595808070142343,0.846541864266598,-5.40643773012997
"hsa-mir-6859-3",0.333333333333333,0.5,0.544720358413565,0.595808070142343,0.846541864266598,-5.40643773012997
"hsa-mir-6867",-0.333333333333333,0.5,-0.544720358413565,0.595808070142343,0.846541864266598,-5.40643773012997
"hsa-mir-1208",-0.333333333333333,0.5,-0.544720358413565,0.595808070142343,0.846541864266598,-5.40643773012997
"hsa-mir-1244-1",0.333333333333333,0.5,0.544720358413565,0.595808070142343,0.846541864266598,-5.40643773012997
"hsa-mir-1302-5",-0.333333333333333,0.5,-0.544720358413565,0.595808070142343,0.846541864266598,-5.40643773012997
"hsa-mir-3175",-0.333333333333333,0.5,-0.544720358413565,0.595808070142343,0.846541864266598,-5.40643773012997
"hsa-mir-3714",-0.333333333333333,0.5,-0.544720358413565,0.595808070142343,0.846541864266598,-5.40643773012997
"hsa-mir-4296",-0.333333333333333,0.5,-0.544720358413565,0.595808070142343,0.846541864266598,-5.40643773012997
"hsa-mir-4436b-1",-0.333333333333333,0.5,-0.544720358413565,0.595808070142343,0.846541864266598,-5.40643773012997
"hsa-mir-4737",0.333333333333333,0.5,0.544720358413565,0.595808070142343,0.846541864266598,-5.40643773012997
"hsa-mir-6807",-0.333333333333333,0.5,-0.544720358413565,0.595808070142343,0.846541864266598,-5.40643773012997
"hsa-mir-6846",0.333333333333333,0.5,0.544720358413565,0.595808070142343,0.846541864266598,-5.40643773012997
"hsa-mir-8059",-0.333333333333333,0.5,-0.544720358413565,0.595808070142343,0.846541864266598,-5.40643773012997
"hsa-mir-1286",-0.333333333333333,1.02832083357372,-0.537689324235857,0.600507054803127,0.850338259881559,-5.40984034443758
"hsa-mir-4705",-0.333333333333333,1.55664166714744,-0.537689324235858,0.600507054803127,0.850338259881559,-5.40984034443758
"hsa-mir-548i-3",0.333333333333333,1.55664166714744,0.537689324235858,0.600507054803127,0.850338259881559,-5.40984034443758
"hsa-mir-4526",0.333333333333333,1.02832083357372,0.537689324235857,0.600507054803127,0.850338259881559,-5.40984034443758
"hsa-mir-548h-4",0.324668263822351,2.53876180422616,0.536104837985376,0.601568603412221,0.850645464167517,-5.41060136956202
"hsa-mir-320d-1",0.317368436631897,6.09844454777075,0.535852301405921,0.601737881982624,0.850645464167517,-5.41072246588186
"hsa-mir-204",-0.423016432139429,7.71740313762361,-0.534818713594846,0.602430961771996,0.850908378664486,-5.41121752882381
"hsa-mir-7107",0.389975000480771,0.861654166907052,0.530881665502083,0.605074685235701,0.852329769537322,-5.41309498466204
"hsa-mir-4784",-0.38997500048077,0.861654166907052,-0.530881665502082,0.605074685235701,0.852329769537322,-5.41309498466204
"hsa-mir-5682",-0.38997500048077,0.861654166907052,-0.530881665502082,0.605074685235701,0.852329769537322,-5.41309498466204
"hsa-mir-210",0.421451388350636,11.2791234065033,0.529689287944941,0.605876521219292,0.852329769537322,-5.41366099909459
"hsa-mir-4651",0.421011468611265,1.8461359328418,0.529539918220678,0.605977005398108,0.852329769537322,-5.41373181897703
"hsa-mir-885",0.444633578851147,2.41730428966596,0.527979078153355,0.607027518310054,0.853092274475939,-5.41447071909672
"hsa-mir-4662b",-0.356796442630467,3.53733675366551,-0.526013776221814,0.608351554683308,0.853171428430691,-5.4153981491642
"hsa-mir-7845",0.356796442630466,1.95237425294435,0.526013776221814,0.608351554683309,0.853171428430691,-5.4153981491642
"hsa-mir-5684",-0.303238879895763,5.90240936258989,-0.52563162990507,0.608609177491977,0.853171428430691,-5.41557810383329
"hsa-mir-550a-1",-0.370593653029442,4.1552611877714,-0.524131921268993,0.609620730610163,0.853228100618192,-5.41628312533219
"hsa-mir-3186",0.333333333333334,1.36165416690705,0.523310639031883,0.61017504215842,0.853228100618192,-5.4166684046893
"hsa-mir-6848",-0.333333333333333,1.2233083338141,-0.523310639031882,0.610175042158421,0.853228100618192,-5.4166684046893
"hsa-mir-5699",0.364369801463826,3.42026673995395,0.520606794957545,0.612001739914298,0.854847345940783,-5.41793277764138
"hsa-mir-574",0.345331157462404,12.0100726302876,0.520069983468897,0.612364730358826,0.854847345940783,-5.41818306176222
"hsa-mir-1909",0.421011468611265,1.75845779756387,0.518731035850014,0.613270590514741,0.854847345940783,-5.41880626676325
"hsa-mir-6802",0.346880661499115,2.21653466973121,0.518582975341774,0.61337080125906,0.854847345940783,-5.418875086915
"hsa-mir-7853",0.454190026461569,1.16287998724999,0.515502586235133,0.615457524980741,0.857043756778161,-5.4203026509427
"hsa-mir-6820",0.492682432268215,2.37711369039369,0.514632240052247,0.616047753798126,0.857154337374175,-5.42070453616783
"hsa-mir-548a-2",-0.288749537037059,3.00602893542558,-0.512641535750763,0.617398810529723,0.858152354965145,-5.42162132283095
"hsa-mir-5787",-0.294030797017295,7.44887986550788,-0.512068679209354,0.617787869367041,0.858152354965145,-5.42188451648581
"hsa-mir-206",0.417651984269418,4.89589346114971,0.511194066364419,0.618382100979351,0.858267299787718,-5.42228580932683
"hsa-mir-33b",0.365677928772544,5.64032463119224,0.507374107274238,0.620980763120839,0.859736245080397,-5.4240308432175
"hsa-mir-320d-2",0.302406898002074,6.10418755258468,0.505355204752643,0.622356353066326,0.859736245080397,-5.42494808466239
"hsa-mir-1910",0.407464140445483,1.39871957046313,0.504256527908338,0.623105568073552,0.859736245080397,-5.42544577935889
"hsa-mir-4732",-0.333333333333333,1.96410580759292,-0.504198339319173,0.623145260596111,0.859736245080397,-5.42547210970346
"hsa-mir-659",0.314033872097268,5.75243163552169,0.501891104024995,0.624720102468737,0.859736245080397,-5.42651380047286
"hsa-mir-6821",0.37517696069462,2.44804171818886,0.5007406333022,0.625506098749982,0.859736245080397,-5.42703152360537
"hsa-mir-580",0.402150292489142,2.89866085988452,0.50053854950167,0.625644211085387,0.859736245080397,-5.42712234635354
"hsa-mir-4734",-0.333333333333334,1.36165416690705,-0.496186488572685,0.628622175906789,0.859736245080397,-5.42906981310574
"hsa-mir-4758",0.333333333333333,1.36165416690705,0.496186488572684,0.62862217590679,0.859736245080397,-5.42906981310574
"hsa-mir-135a-2",0.543350130083232,3.56639857141109,0.495884650959381,0.628828966697442,0.859736245080397,-5.4292042782198
"hsa-mir-181c",0.313858465061969,8.04452765416827,0.493679738441325,0.630340560933596,0.859736245080397,-5.43018417208469
"hsa-mir-4539",0.35933417066709,3.03374789340724,0.491480224089165,0.631850194879509,0.859736245080397,-5.43115751327013
"hsa-mir-6857",0.31584419336862,2.2886945709439,0.490744895617057,0.632355273434472,0.859736245080397,-5.43148198912727
"hsa-mir-200c",0.351134604570934,16.6908964129993,0.490463977235422,0.63254828026124,0.859736245080397,-5.43160582651283
"hsa-mir-3976",0.333333333333333,0.694987500240385,0.489486859329404,0.633219835320852,0.859736245080397,-5.43203604230684
"hsa-mir-4460",-0.333333333333333,0.694987500240385,-0.489486859329403,0.633219835320852,0.859736245080397,-5.43203604230684
"hsa-mir-554",-0.333333333333333,0.694987500240385,-0.489486859329403,0.633219835320852,0.859736245080397,-5.43203604230684
"hsa-mir-23c",-0.298159343794452,4.87752635650689,-0.488582699879171,0.633841551158007,0.859736245080397,-5.43243340501837
"hsa-mir-3120",0.332187433459776,10.1669060146908,0.487800254614181,0.634379809570928,0.859736245080397,-5.43277670978805
"hsa-mir-4773-2",0.417179588998654,2.33936226875891,0.487308626200608,0.63471812135254,0.859736245080397,-5.43299214709836
"hsa-mir-3126",-0.302296865202839,1.48448176593475,-0.486536089641384,0.635249912586065,0.859736245080397,-5.43333026214713
"hsa-mir-3910-1",-0.389975000480771,2.58496250072116,-0.48455772621052,0.636612726411046,0.859736245080397,-5.43419379148596
"hsa-mir-4473",0.296918245430524,6.96815224110382,0.483644314285059,0.637242407178725,0.859736245080397,-5.43459134835818
"hsa-mir-3065",0.323607448639104,8.28813672187738,0.483227777302732,0.637529654298424,0.859736245080397,-5.43477240531957
"hsa-mir-4286",0.289883011909825,6.96621074538384,0.482102899639016,0.63830568534016,0.859736245080397,-5.4352606124959
"hsa-mir-548x",0.319786005167552,2.657177368027,0.481518969647064,0.63870870351545,0.859736245080397,-5.43551361425878
"hsa-mir-200b",0.355494681412971,18.3935477489069,0.479643679623245,0.640003809086569,0.859736245080397,-5.43632414466347
"hsa-mir-30d",0.35123183179974,17.0401483726456,0.479467445860497,0.64012558266062,0.859736245080397,-5.4364001601227
"hsa-mir-30a",0.348695569300192,14.3048398840354,0.479183128823914,0.640322062391218,0.859736245080397,-5.43652273911287
"hsa-mir-1244-3",0.333333333333333,0.5,0.479002151357781,0.640447143236291,0.859736245080397,-5.43660072856025
"hsa-mir-4312",-0.333333333333333,0.5,-0.479002151357781,0.640447143236291,0.859736245080397,-5.43660072856025
"hsa-mir-6512",-0.333333333333333,0.5,-0.479002151357781,0.640447143236291,0.859736245080397,-5.43660072856025
"hsa-mir-1202",-0.333333333333333,0.5,-0.479002151357781,0.640447143236291,0.859736245080397,-5.43660072856025
"hsa-mir-3937",-0.333333333333333,0.5,-0.479002151357781,0.640447143236291,0.859736245080397,-5.43660072856025
"hsa-mir-4523",0.333333333333333,0.5,0.479002151357781,0.640447143236291,0.859736245080397,-5.43660072856025
"hsa-mir-4528",0.333333333333333,0.5,0.479002151357781,0.640447143236291,0.859736245080397,-5.43660072856025
"hsa-mir-4644",-0.333333333333333,0.5,-0.479002151357781,0.640447143236291,0.859736245080397,-5.43660072856025
"hsa-mir-4715",0.333333333333333,0.5,0.479002151357781,0.640447143236291,0.859736245080397,-5.43660072856025
"hsa-mir-4769",-0.333333333333333,0.5,-0.479002151357781,0.640447143236291,0.859736245080397,-5.43660072856025
"hsa-mir-513a-1",0.333333333333333,0.5,0.479002151357781,0.640447143236291,0.859736245080397,-5.43660072856025
"hsa-mir-635",0.333333333333333,0.5,0.479002151357781,0.640447143236291,0.859736245080397,-5.43660072856025
"hsa-mir-3925",0.300154775483028,2.31402841985141,0.477317353725297,0.641612127355691,0.860611630457913,-5.43732541264635
"hsa-mir-205",0.333333333333333,1.02832083357372,0.474200239551425,0.643770136440162,0.860754015096886,-5.43865973314232
"hsa-mir-3121",0.333333333333333,1.02832083357372,0.474200239551425,0.643770136440162,0.860754015096886,-5.43865973314232
"hsa-mir-3658",0.333333333333333,1.02832083357372,0.474200239551425,0.643770136440162,0.860754015096886,-5.43865973314232
"hsa-mir-4477a",-0.333333333333333,1.02832083357372,-0.474200239551425,0.643770136440162,0.860754015096886,-5.43865973314232
"hsa-mir-192",-0.30610959295657,20.2444523660537,-0.471661635746112,0.645530144219098,0.862420049362776,-5.43974022609179
"hsa-mir-5100",-0.301663186764461,8.10852061327402,-0.469722924006164,0.646875758191706,0.863104820212416,-5.44056164591913
"hsa-mir-495",0.325662437586304,9.29737080359807,0.469441159903649,0.647071432554958,0.863104820212416,-5.44068075759317
"hsa-mir-642a",0.321666659401949,6.14185473242164,0.467325779540267,0.648541361012599,0.864010269573935,-5.44157281480899
"hsa-mir-3622b",0.281293599360905,3.17156584665374,0.46433412409766,0.65062283032525,0.864010269573935,-5.44282779902945
"hsa-mir-1914",-0.333333333333333,1.36165416690705,-0.464249219458783,0.650681948412921,0.864010269573935,-5.44286330322339
"hsa-mir-6736",0.333333333333333,1.36165416690705,0.464249219458783,0.650681948412921,0.864010269573935,-5.44286330322339
"hsa-mir-934",-0.389975000480771,0.861654166907052,-0.464243698419472,0.65068579273258,0.864010269573935,-5.44286561171598
"hsa-mir-4289",0.370343770796248,1.73312394865637,0.4640227067573,0.650839678630187,0.864010269573935,-5.44295799253999
"hsa-mir-133a-1",-0.38711615319758,8.52906068590092,-0.460294642207317,0.653438213594838,0.86620432023686,-5.44451006437568
"hsa-mir-499b",0.285896702929082,7.52228310157248,0.460170488861201,0.653524832788954,0.86620432023686,-5.44456154516562
"hsa-mir-1278",0.286449972141722,6.36904207214634,0.457477622713677,0.655404882871605,0.867630512595669,-5.44567487224552
"hsa-mir-4700",0.309677826215285,2.81010034132834,0.456832085705261,0.655855937498221,0.867630512595669,-5.44594082736503
"hsa-mir-597",0.322721304292664,4.4871206266463,0.456408424302093,0.656152038429025,0.867630512595669,-5.44611517567934
"hsa-mir-4659b",0.270009685451976,3.41892118986467,0.454919310028539,0.657193277551938,0.868323086403269,-5.44672675339333
"hsa-mir-4757",-0.276691666185896,1.7233083338141,-0.453777305182269,0.657992314875187,0.868374454197401,-5.4471944717807
"hsa-mir-376a-1",0.38004140796969,4.28592483050133,0.453384625442845,0.658267166709829,0.868374454197401,-5.44735503614272
"hsa-mir-1273d",0.276637555403291,7.62227967445125,0.45170039850226,0.659446613074316,0.868560995048297,-5.44804218996436
"hsa-mir-1262",0.261084713934897,4.76960421574625,0.451319750436559,0.659713309375912,0.868560995048297,-5.44819715114746
"hsa-mir-215",0.27525990409119,16.840269393031,0.450965686634701,0.65996142353193,0.868560995048297,-5.44834117710783
"hsa-mir-3659",-0.333333333333334,0.833333333333333,-0.446447200870673,0.663131497825747,0.86932394793094,-5.45016965300017
"hsa-mir-4783",-0.333333333333334,0.833333333333333,-0.446447200870673,0.663131497825747,0.86932394793094,-5.45016965300017
"hsa-mir-3168",0.333333333333333,1.83333333333333,0.446447200870673,0.663131497825747,0.86932394793094,-5.45016965300017
"hsa-mir-4273",-0.333333333333333,0.833333333333333,-0.446447200870673,0.663131497825747,0.86932394793094,-5.45016965300017
"hsa-mir-3180-4",-0.333333333333333,0.833333333333333,-0.446447200870673,0.663131497825747,0.86932394793094,-5.45016965300017
"hsa-mir-4684",-0.285531958270126,5.61409646768077,-0.440537154734456,0.667288142901383,0.874090166891897,-5.45253448033877
"hsa-mir-619",0.25445395757571,7.69742482230762,0.431245380873626,0.673846518422858,0.881992556874849,-5.45619101898319
"hsa-mir-4665",-0.302296865202839,1.48448176593475,-0.42929997705448,0.675223204855339,0.883105641268323,-5.45694705992965
"hsa-mir-214",0.296724222306521,10.155307960085,0.427910793853757,0.676207026439129,0.883703575050513,-5.45748491727352
"hsa-mir-1294",0.271858476287524,4.98617816660484,0.426252413170305,0.677382310755827,0.884550597236013,-5.45812479648492
"hsa-mir-4536-2",-0.333333333333334,1.69498750024039,-0.42363711426467,0.679237557100131,0.88556389633221,-5.45912902057091
"hsa-mir-1260b",0.247394086774081,10.5013546192901,0.423368311666941,0.679428365362017,0.88556389633221,-5.45923189708714
"hsa-mir-4461",0.304506826424843,5.78046925385798,0.422927199941164,0.679741536636405,0.88556389633221,-5.45940058324375
"hsa-mir-4689",0.276691666185896,1.19498750024039,0.422045372109069,0.680367785093792,0.885692120548785,-5.45973729473392
"hsa-mir-4685",0.282665635518316,3.67710958900903,0.419227847767565,0.682370373411585,0.887610454716775,-5.46080856624815
"hsa-mir-5191",-0.333333333333333,0.694987500240385,-0.417394419528485,0.683674861052108,0.88861844836982,-5.46150194012626
"hsa-mir-1257",0.296605694083193,2.70577796103209,0.416010434104461,0.684660275296409,0.88896047285399,-5.46202339446955
"hsa-mir-3663",0.282665635518317,1.24864218272161,0.415536934975435,0.684997551489994,0.88896047285399,-5.46220141347354
"hsa-mir-8078",0.333333333333333,0.940642698295787,0.414237220881521,0.685923709265134,0.889474485430367,-5.46268905181015
"hsa-mir-136",-0.287432020234871,9.11846102586727,-0.410735346990683,0.68842174043175,0.892024463663689,-5.46399555585505
"hsa-mir-6733",0.297859313621281,3.86083275217877,0.409912949765248,0.689008947858373,0.892096461810456,-5.46430082429054
"hsa-mir-6728",0.333333333333333,1.02832083357372,0.407794565742,0.690522487411478,0.892986355455124,-5.46508442498324
"hsa-mir-380",0.284147603862047,2.97269150070758,0.407324173502488,0.69085876219564,0.892986355455124,-5.46525789170419
"hsa-mir-139",0.308713227895554,11.0895916498485,0.405974497659345,0.691824002408246,0.892986355455124,-5.465754535251
"hsa-mir-5095",-0.24386059816988,7.21224867425322,-0.404993637681183,0.692525833171173,0.892986355455124,-5.46611446236096
"hsa-mir-3158-2",0.279671950306979,6.7988398218486,0.404524225177846,0.692861815392949,0.892986355455124,-5.4662864149611
"hsa-mir-3127",0.256237896185969,5.47312356075805,0.403874056687134,0.693327286337717,0.892986355455124,-5.46652426179464
"hsa-mir-219b",-0.302296865202839,1.15114843260142,-0.401943278787235,0.694710344621432,0.892986355455124,-5.46722839906225
"hsa-mir-6785",0.302296865202839,1.15114843260142,0.401943278787235,0.694710344621432,0.892986355455124,-5.46722839906225
"hsa-mir-6880",0.302296865202839,1.15114843260142,0.401943278787235,0.694710344621432,0.892986355455124,-5.46722839906225
"hsa-mir-548h-3",0.269118307352535,1.90853518530539,0.401396966199884,0.695101888601574,0.892986355455124,-5.46742704043438
"hsa-mir-147b",-0.227961080819473,11.8629723601652,-0.400771661760132,0.695550158867608,0.892986355455124,-5.46765408195643
"hsa-mir-1284",0.434273090646552,2.96644571647114,0.399132982558684,0.696725469499469,0.893525442719294,-5.46824744040428
"hsa-mir-28",0.264981523648064,14.6788761261528,0.398372436820097,0.697271235358263,0.893525442719294,-5.46852202928861
"hsa-mir-378c",-0.227646378545279,12.2992073266168,-0.396754782907836,0.698432647304547,0.893525442719294,-5.46910438013632
"hsa-mir-6833",0.243934629683476,4.48001446909257,0.39670607867757,0.698467627396496,0.893525442719294,-5.46912187786291
"hsa-mir-4502",0.245655198055402,2.17946926617514,0.396437727917304,0.698660373794549,0.893525442719294,-5.46921824951776
"hsa-mir-1285-2",0.254251024033047,6.51021577839035,0.395313313740743,0.699468236909072,0.893525442719294,-5.46962136729327
"hsa-mir-6755",-0.245655198055402,1.8461359328418,-0.394994291938188,0.699697515931557,0.893525442719294,-5.46973553854496
"hsa-mir-4750",-0.31584419336862,2.09370707070351,-0.392520958551929,0.701476131637742,0.895115550485271,-5.47061765644241
"hsa-mir-3125",-0.352964563017856,1.70480311508265,-0.389329985052047,0.703773540934422,0.896844630840431,-5.47174777127072
"hsa-mir-217",-0.319786005167551,3.93984300354532,-0.389154315855487,0.703900106565463,0.896844630840431,-5.47180972599729
"hsa-mir-6089-1",-0.258311148121742,2.6264399395041,-0.387921535567584,0.704788556544206,0.897295294295278,-5.47224373660828
"hsa-mir-4791",-0.219745087699929,6.91197271707407,-0.386330394235335,0.705935944528732,0.897300520628377,-5.47280193281892
"hsa-mir-1587",0.333333333333333,1.60730936496245,0.385724197529667,0.706373277642727,0.897300520628377,-5.47301400906036
"hsa-mir-422a",-0.246445028102194,8.69548776739285,-0.385691467026196,0.706396893772399,0.897300520628377,-5.47302545052484
"hsa-mir-676",0.251941540472508,4.0702674416245,0.384659987211755,0.707141303427478,0.897566646861806,-5.47338553699916
"hsa-mir-767",-0.226023968370879,1.943629682962,-0.382675904094215,0.708574085904951,0.898530955902181,-5.47407553799392
"hsa-mir-4754",-0.245655198055402,1.75845779756387,-0.38206682244561,0.709014160829587,0.898530955902181,-5.47428666106494
"hsa-mir-573",-0.333333333333333,1.27397603162912,-0.380087848224121,0.710444768757311,0.898530955902181,-5.47497036530763
"hsa-mir-4537",0.240244352415546,4.79482243629208,0.379708181209527,0.710719363271011,0.898530955902181,-5.47510113933468
"hsa-mir-3688-2",-0.226023968370879,1.74864218272161,-0.378950738448998,0.711267310915477,0.898530955902181,-5.47536165603873
"hsa-mir-4647",-0.226023968370879,1.74864218272161,-0.378950738448998,0.711267310915477,0.898530955902181,-5.47536165603873
"hsa-mir-3929",0.226607524286721,7.05192302772357,0.378422747539849,0.711649368530393,0.898530955902181,-5.47554295510888
"hsa-mir-4708",-0.274119028465617,4.38701599003176,-0.37647829740001,0.71305708862154,0.899631424591688,-5.47620851005063
"hsa-mir-651",0.25572818177597,7.63087434178397,0.375043645183925,0.714096438575975,0.900265833155888,-5.47669742940698
"hsa-mir-4444-1",-0.245655198055403,2.44858757352767,-0.372368890008938,0.716035791790864,0.902033077045848,-5.47760411357541
"hsa-mir-129-2",0.2798813816342,7.75182386526865,0.36916999974529,0.718357888159676,0.904279472116982,-5.4786801672849
"hsa-mir-2392",-0.282665635518317,0.915308849388279,-0.367833776316955,0.719328732762218,0.90482279878186,-5.47912697212378
"hsa-mir-4448",0.239772538315929,11.9471150730868,0.365499948427835,0.721025619996532,0.90627789539639,-5.47990356696521
"hsa-mir-497",0.262651690172364,8.92168720590979,0.364578009360564,0.721696374116448,0.90644200281991,-5.48020901973659
"hsa-mir-1972-1",-0.235362093760745,3.64411969274038,-0.360619122945894,0.724579388312959,0.909382358705419,-5.48151210841556
"hsa-mir-1260a",0.210461609905927,10.3301904344531,0.358831653653836,0.725882540446183,0.910336997659712,-5.48209591537133
"hsa-mir-654",0.265474743509316,9.9493326994211,0.356822210736567,0.727348591174389,0.911144336744675,-5.48274884115799
"hsa-mir-3146",0.22816605809069,2.24485550330493,0.355142312641805,0.728575077024817,0.911144336744675,-5.48329194156135
"hsa-mir-451b",0.298941070781407,13.8360420944113,0.355084387503611,0.728617381903399,0.911144336744675,-5.4833106237664
"hsa-mir-605",0.237898604947786,4.45567543714741,0.354901632782813,0.72875086056888,0.911144336744675,-5.4833695469152
"hsa-mir-6782",-0.282665635518317,1.24864218272161,-0.354230294386388,0.729241265940464,0.911144336744675,-5.48358574329881
"hsa-mir-451a",0.302565771850466,13.8724432952439,0.352223428152242,0.730708004087599,0.911489828401907,-5.48422964661771
"hsa-mir-6766",0.245655198055402,1.31781509926809,0.351817891562981,0.731004529675083,0.911489828401907,-5.48435932913981
"hsa-mir-105-1",0.245655198055402,1.8461359328418,0.351443381707763,0.731278408989773,0.911489828401907,-5.48447896032447
"hsa-mir-4697",-0.30229686520284,1.67946926617514,-0.348380218211717,0.733519949395595,0.911489828401907,-5.48545276601288
"hsa-mir-548f-4",-0.269118307352535,2.52453415415704,-0.348247009459166,0.733617486300711,0.911489828401907,-5.48549492521361
"hsa-mir-3179-3",-0.194987500240385,1.09749375012019,-0.348087714692262,0.733734130036951,0.911489828401907,-5.48554531968332
"hsa-mir-194-2",-0.221530431851551,15.8870100761608,-0.34540352953336,0.735700667324219,0.911489828401907,-5.48639109889646
"hsa-mir-378h",-0.215476639622082,6.62405241598987,-0.344162717334863,0.736610395649102,0.911489828401907,-5.48677991212672
"hsa-mir-4785",0.276691666185896,1.19498750024039,0.343350199255572,0.737206336623211,0.911489828401907,-5.48703377648616
"hsa-mir-513c",0.276691666185896,1.19498750024039,0.343350199255572,0.737206336623211,0.911489828401907,-5.48703377648616
"hsa-mir-6716",0.230270338981104,4.85156885150193,0.342954539266794,0.73749659779494,0.911489828401907,-5.48715718465504
"hsa-mir-8086",0.196849077433686,7.57293946217627,0.342451672389068,0.73786556822636,0.911489828401907,-5.48731383033297
"hsa-mir-627",0.213718470067448,5.00512362003371,0.341740148341996,0.738387753840998,0.911489828401907,-5.48753508975627
"hsa-mir-1179",0.245655198055402,0.984481765934753,0.340420721385934,0.73935643789966,0.911489828401907,-5.4879441947415
"hsa-mir-7152",-0.245655198055402,0.984481765934753,-0.340420721385934,0.73935643789966,0.911489828401907,-5.4879441947415
"hsa-mir-6792",-0.245655198055402,0.984481765934753,-0.340420721385933,0.739356437899661,0.911489828401907,-5.4879441947415
"hsa-mir-1227",-0.205931297729509,4.1264511208463,-0.339550638537515,0.739995482257221,0.911489828401907,-5.48821312785747
"hsa-mir-3150b",0.198120399574468,3.80967918665683,0.338933495419854,0.740448874291472,0.911489828401907,-5.48840347188756
"hsa-mir-5188",-0.269118307352535,1.13455915367627,-0.338154240799103,0.741021508855908,0.911489828401907,-5.48864333160663
"hsa-mir-548n",-0.259202526221183,2.92704040403685,-0.335639742129564,0.742870387872746,0.911489828401907,-5.48941362624084
"hsa-mir-372",0.306287745758199,2.1531438728791,0.332395275694974,0.745258475064355,0.911489828401907,-5.4903992239165
"hsa-mir-3687-1",0.187346637221843,4.28275435370407,0.329744350321291,0.747211739600136,0.911489828401907,-5.49119755734801
"hsa-mir-4798",-0.226023968370879,1.41530884938828,-0.325037435075732,0.750684413393184,0.911489828401907,-5.49259962500262
"hsa-mir-1297",0.212476640205097,1.49621332058332,0.32277151209513,0.752358207751765,0.911489828401907,-5.49326753969853
"hsa-mir-6872",0.194987500240386,1.43082708345353,0.322490208066175,0.752566093575147,0.911489828401907,-5.49335013863448
"hsa-mir-378f",-0.201963750443431,9.27649137223787,-0.321583891666573,0.753236005881596,0.911489828401907,-5.49361577889785
"hsa-mir-7851",-0.188754609060899,7.08847083938321,-0.321303988635099,0.753442941225911,0.911489828401907,-5.49369766999073
"hsa-mir-3926-1",-0.245655198055402,0.65114843260142,-0.319671965100805,0.754649911184855,0.911489828401907,-5.49417375775867
"hsa-mir-6508",-0.245655198055402,1.31781509926809,-0.317843032223209,0.756003309462948,0.911489828401907,-5.49470446159507
"hsa-mir-4301",0.202560859073747,2.33936226875891,0.317581515030468,0.756196899594495,0.911489828401907,-5.49478010228837
"hsa-mir-3182",-0.217660727641581,7.57419245928128,-0.31483031447305,0.758234540649513,0.911489828401907,-5.49557215200538
"hsa-mir-499a",0.193126227693059,7.56099657051018,0.311891886964015,0.760412942136985,0.911489828401907,-5.49641063342317
"hsa-mir-5585",0.181459123360175,5.50963779070201,0.31167487683565,0.760573907730003,0.911489828401907,-5.4964722513012
"hsa-mir-26a-2",0.214061335206321,18.2346246077314,0.306316270004459,0.764552303599544,0.911489828401907,-5.49798041458483
"hsa-mir-548s",0.203811570694116,2.82521411916116,0.306180514937436,0.764653184003786,0.911489828401907,-5.4980182887838
"hsa-mir-3913-1",0.184579146755244,5.25103620881891,0.306030267302955,0.764764839172382,0.911489828401907,-5.49806018702488
"hsa-mir-1238",0.194987500240386,0.764160416786859,0.305116098987972,0.765444313833637,0.911489828401907,-5.49831467769901
"hsa-mir-4729",-0.194987500240385,0.764160416786859,-0.305116098987971,0.765444313833637,0.911489828401907,-5.49831467769901
"hsa-mir-8052",-0.194987500240385,0.764160416786859,-0.305116098987971,0.765444313833637,0.911489828401907,-5.49831467769901
"hsa-mir-3148",0.194987500240385,0.764160416786859,0.305116098987971,0.765444313833637,0.911489828401907,-5.49831467769901
"hsa-mir-548ai",0.194987500240385,0.764160416786859,0.305116098987971,0.765444313833637,0.911489828401907,-5.49831467769901
"hsa-mir-6129",0.194987500240385,0.764160416786859,0.305116098987971,0.765444313833637,0.911489828401907,-5.49831467769901
"hsa-mir-3122",-0.194987500240385,0.764160416786859,-0.305116098987971,0.765444313833637,0.911489828401907,-5.49831467769901
"hsa-mir-4520-1",-0.194987500240385,0.764160416786859,-0.305116098987971,0.765444313833637,0.911489828401907,-5.49831467769901
"hsa-mir-5692a-1",0.194987500240385,0.764160416786859,0.305116098987971,0.765444313833637,0.911489828401907,-5.49831467769901
"hsa-mir-578",0.194987500240385,0.764160416786859,0.305116098987971,0.765444313833637,0.911489828401907,-5.49831467769901
"hsa-mir-6862-2",0.194987500240385,0.764160416786859,0.305116098987971,0.765444313833637,0.911489828401907,-5.49831467769901
"hsa-mir-875",-0.194987500240385,0.764160416786859,-0.305116098987971,0.765444313833637,0.911489828401907,-5.49831467769901
"hsa-mir-194-1",-0.192634716237826,15.8014593795516,-0.304464935112031,0.765928429157106,0.911489828401907,-5.49849549573704
"hsa-mir-4524a",-0.194987500240386,1.09749375012019,-0.299595225838103,0.769552126315627,0.911489828401907,-5.49983570150506
"hsa-mir-4459",0.172754366112843,8.02841620608656,0.299068944233701,0.769944090121465,0.911489828401907,-5.49997926905476
"hsa-mir-4313",0.194987500240386,0.430827083453526,0.297419771364858,0.771172789303753,0.911489828401907,-5.50042754950577
"hsa-mir-4441",0.194987500240386,0.430827083453526,0.297419771364858,0.771172789303753,0.911489828401907,-5.50042754950577
"hsa-mir-4764",0.194987500240386,0.430827083453526,0.297419771364858,0.771172789303753,0.911489828401907,-5.50042754950577
"hsa-mir-4765",0.194987500240386,0.430827083453526,0.297419771364858,0.771172789303753,0.911489828401907,-5.50042754950577
"hsa-mir-564",0.194987500240386,0.430827083453526,0.297419771364858,0.771172789303753,0.911489828401907,-5.50042754950577
"hsa-mir-6088",0.194987500240386,0.430827083453526,0.297419771364858,0.771172789303753,0.911489828401907,-5.50042754950577
"hsa-mir-6133",0.194987500240386,0.430827083453526,0.297419771364858,0.771172789303753,0.911489828401907,-5.50042754950577
"hsa-mir-6743",-0.194987500240386,1.43082708345353,-0.297419771364858,0.771172789303753,0.911489828401907,-5.50042754950577
"hsa-mir-1243",-0.194987500240385,0.430827083453526,-0.297419771364858,0.771172789303753,0.911489828401907,-5.50042754950577
"hsa-mir-1244-2",-0.194987500240385,0.430827083453526,-0.297419771364858,0.771172789303753,0.911489828401907,-5.50042754950577
"hsa-mir-1264",0.194987500240385,0.430827083453526,0.297419771364858,0.771172789303753,0.911489828401907,-5.50042754950577
"hsa-mir-1272",-0.194987500240385,0.430827083453526,-0.297419771364858,0.771172789303753,0.911489828401907,-5.50042754950577
"hsa-mir-4458",0.194987500240385,0.430827083453526,0.297419771364858,0.771172789303753,0.911489828401907,-5.50042754950577
"hsa-mir-4744",0.194987500240385,0.430827083453526,0.297419771364858,0.771172789303753,0.911489828401907,-5.50042754950577
"hsa-mir-4760",0.194987500240385,0.430827083453526,0.297419771364858,0.771172789303753,0.911489828401907,-5.50042754950577
"hsa-mir-5691",-0.194987500240385,0.430827083453526,-0.297419771364858,0.771172789303753,0.911489828401907,-5.50042754950577
"hsa-mir-603",-0.194987500240385,0.430827083453526,-0.297419771364858,0.771172789303753,0.911489828401907,-5.50042754950577
"hsa-mir-6083",-0.194987500240385,0.430827083453526,-0.297419771364858,0.771172789303753,0.911489828401907,-5.50042754950577
"hsa-mir-6799",0.194987500240385,0.430827083453526,0.297419771364858,0.771172789303753,0.911489828401907,-5.50042754950577
"hsa-mir-7515",0.194987500240385,0.430827083453526,0.297419771364858,0.771172789303753,0.911489828401907,-5.50042754950577
"hsa-mir-3660",-0.194987500240385,0.430827083453526,-0.297419771364858,0.771172789303754,0.911489828401907,-5.50042754950577
"hsa-mir-4696",-0.194987500240385,0.430827083453526,-0.297419771364858,0.771172789303754,0.911489828401907,-5.50042754950577
"hsa-mir-4703",-0.194987500240385,0.430827083453526,-0.297419771364858,0.771172789303754,0.911489828401907,-5.50042754950577
"hsa-mir-4774",-0.194987500240385,0.430827083453526,-0.297419771364858,0.771172789303754,0.911489828401907,-5.50042754950577
"hsa-mir-4655",0.194987500240385,0.430827083453526,0.297419771364858,0.771172789303754,0.911489828401907,-5.50042754950577
"hsa-mir-429",0.202818605423802,14.8112183085246,0.297189780329895,0.771344193284093,0.911489828401907,-5.50048987232419
"hsa-mir-539",0.216988931321545,5.86119643814881,0.293544082823571,0.774062875155905,0.913561898496034,-5.50147144764307
"hsa-mir-135a-1",-0.276929205507575,3.90677182594768,-0.293378346387828,0.77418654330236,0.913561898496034,-5.50151578766075
"hsa-mir-548aa-2",-0.182812208232014,3.78367796979962,-0.291458370573607,0.775619648739037,0.91445447462757,-5.50202764920517
"hsa-mir-6882",0.187531562564233,3.29620921919865,0.290904967209899,0.776032879540918,0.91445447462757,-5.50217457142833
"hsa-mir-5696",0.194707174760596,4.89995320412096,0.288576697234402,0.777772199600126,0.91586087784492,-5.50278969007737
"hsa-mir-5694",-0.194987500240385,0.959147917027245,-0.286331457303473,0.779450682938571,0.916550978255727,-5.50337826409179
"hsa-mir-6757",-0.194987500240385,0.959147917027245,-0.286331457303473,0.779450682938571,0.916550978255727,-5.50337826409179
"hsa-mir-379",0.190280726745286,11.5094050027612,0.28293077857483,0.781995149766265,0.918899062540471,-5.50426110783934
"hsa-mir-10b",-0.196974578746225,17.7955780587111,-0.279973112117908,0.784210287002965,0.920557551808555,-5.50502049453172
"hsa-mir-4739",-0.259202526221184,1.39871957046313,-0.279581471170871,0.78450375392505,0.920557551808555,-5.50512045968458
"hsa-mir-6125",-0.192901170083158,3.04703359884693,-0.27765226035291,0.78594986620031,0.921609975879889,-5.50561087232319
"hsa-mir-6851",0.194987500240386,1.29248125036058,0.275659983849165,0.78744412632214,0.921818860186731,-5.50611380403323
"hsa-mir-548ax",-0.181440172074603,2.14736175318474,-0.275161095032009,0.78781844460236,0.921818860186731,-5.50623918500431
"hsa-mir-4474",-0.184375471199717,3.75128104343316,-0.274911639224626,0.78800563303027,0.921818860186731,-5.50630179439514
"hsa-mir-378a",-0.174831227312598,17.3878324699724,-0.27346262404758,0.789093228080117,0.921818860186731,-5.50666436685274
"hsa-mir-1468",0.203470351674521,6.51257494237526,0.273040811209283,0.789409917629382,0.921818860186731,-5.50676955782841
"hsa-mir-4297",0.194987500240385,0.764160416786859,0.270868763279848,0.791041272483136,0.921818860186731,-5.50730868447946
"hsa-mir-5683",0.194987500240385,0.764160416786859,0.270868763279848,0.791041272483136,0.921818860186731,-5.50730868447946
"hsa-mir-5089",-0.194987500240385,0.764160416786859,-0.270868763279848,0.791041272483137,0.921818860186731,-5.50730868447946
"hsa-mir-4524b",0.212476640205097,1.16287998724999,0.27082759291063,0.791072204212689,0.921818860186731,-5.50731886242229
"hsa-mir-4454",-0.20970575712521,5.89693425067832,-0.269589881268712,0.792002282954867,0.9222062411597,-5.50762413116564
"hsa-mir-3160-2",0.226023968370879,1.22032134914789,0.268922648383422,0.792503813916739,0.9222062411597,-5.50778812509901
"hsa-mir-4672",0.214618729924908,1.44064269829579,0.267234016094194,0.793773520099806,0.923043635985776,-5.50820136972551
"hsa-mir-137",0.171524390943252,2.21653466973121,0.265509030309412,0.795071197689388,0.923401018671381,-5.50862085920748
"hsa-mir-4680",-0.161808942390081,3.24485550330493,-0.26536251350035,0.795181449332626,0.923401018671381,-5.50865636629665
"hsa-mir-26a-1",0.187450125983858,18.3350287463233,0.263134816824462,0.796858323692025,0.924708345197246,-5.50919384681228
"hsa-mir-101-2",-0.18415723411951,13.8609213744379,-0.262017616449231,0.797699683014373,0.925044967586812,-5.50946171210422
"hsa-mir-5002",0.24082200815703,2.08937453594802,0.258809412156117,0.800117239548798,0.927207685057239,-5.51022467206801
"hsa-mir-6763",0.194987500240386,1.62581458369391,0.257468721231382,0.801128164967628,0.927738482274452,-5.51054075934288
"hsa-mir-27b",0.15887111230084,17.0893282132221,0.254551839100482,0.803328886320821,0.92964542844575,-5.51122285558324
"hsa-mir-4433a",0.194987500240386,1.29248125036058,0.251279730282778,0.80579971169716,0.931298870639693,-5.51197888298334
"hsa-mir-411",-0.181697947252545,10.0025313944902,-0.251189766521585,0.805867675905145,0.931298870639693,-5.5119995327906
"hsa-mir-4636",0.15649509443374,4.26851569312504,0.250400582277586,0.806463945479806,0.931346524786727,-5.51218036480015
"hsa-mir-3176",-0.162918464447431,4.79822677486692,-0.245813673030322,0.809932093366795,0.934177343228943,-5.51322026546086
"hsa-mir-548al",-0.173984234398451,3.73007825341155,-0.245686080869413,0.810028625982188,0.934177343228943,-5.51324892028076
"hsa-mir-548c",0.144319802425369,1.51280259950847,0.238807082851432,0.815237864633595,0.938767388042545,-5.51477203565378
"hsa-mir-656",0.15712785550788,5.42134318546707,0.238752638685613,0.815279130535944,0.938767388042545,-5.51478391979571
"hsa-mir-151a",0.150058567279839,16.0440979228377,0.237658756871339,0.81610835946647,0.938767388042545,-5.51502212571444
"hsa-mir-548aq",-0.138345833092948,1.45914791702724,-0.236738761914327,0.816805951455372,0.938767388042545,-5.51522162782099
"hsa-mir-621",0.138345833092948,1.45914791702724,0.236738761914327,0.816805951455372,0.938767388042545,-5.51522162782099
"hsa-mir-4515",0.138345833092948,1.26416041678686,0.233717644462581,0.819097881171014,0.940757183165613,-5.51587137544933
"hsa-mir-101-1",-0.165892613715528,13.8082317224558,-0.232323501336283,0.820156118411644,0.940932255121785,-5.51616842696961
"hsa-mir-1270",0.201192726296167,3.18952521004638,0.23203941088732,0.820371805270066,0.940932255121785,-5.51622874266481
"hsa-mir-3652",-0.135028008416473,4.04725129843037,-0.227711007381939,0.823659896108299,0.943402708574296,-5.51713867594707
"hsa-mir-4322",0.138345833092948,0.930827083453526,0.226888652591134,0.824284998499933,0.943402708574296,-5.51730963671907
"hsa-mir-3144",-0.194987500240385,1.36661205747273,-0.226498223992044,0.824581821804166,0.943402708574296,-5.51739058916928
"hsa-mir-1269a",0.233479906047029,2.3117274532639,0.226244675956345,0.824774596828661,0.943402708574296,-5.51744308651089
"hsa-mir-1197",0.185071719109035,1.96410580759292,0.224158757770346,0.826360991845639,0.944433288914182,-5.51787276735539
"hsa-mir-548y",-0.194987500240386,1.09749375012019,-0.221971661287602,0.828025194333533,0.944433288914182,-5.51831905624797
"hsa-mir-299",-0.16425718798119,5.73473778093518,-0.220835248909635,0.82889025613063,0.944433288914182,-5.51854923592193
"hsa-mir-6760",-0.138345833092948,1.12581458369391,-0.217193538969806,0.831663976145039,0.944433288914182,-5.51927897509848
"hsa-mir-6883",-0.138345833092948,1.12581458369391,-0.217193538969806,0.831663976145039,0.944433288914182,-5.51927897509848
"hsa-mir-6784",0.194987500240385,1.09749375012019,0.21569389001376,0.832806878570676,0.944433288914182,-5.51957598454848
"hsa-mir-548ag-1",0.163951032109892,3.74864218272161,0.215358739501114,0.833062355834009,0.944433288914182,-5.51964208313123
"hsa-mir-6130",0.123350014835176,4.39594667928661,0.214995362002249,0.833339372322044,0.944433288914182,-5.51971363353832
"hsa-mir-556",0.137405430257044,5.95939374129514,0.214969392813601,0.833359170516165,0.944433288914182,-5.51971874238425
"hsa-mir-548f-1",0.138027676837114,6.43128040029304,0.213586092129839,0.834413932757535,0.944433288914182,-5.51998999104659
"hsa-mir-3135a",0.131928443800575,5.8069838786886,0.212665436424008,0.835116116122885,0.944433288914182,-5.52016955839199
"hsa-mir-7155",-0.136287910552881,4.0401037482217,-0.212302226135719,0.835393177135561,0.944433288914182,-5.52024018842434
"hsa-mir-5096",0.13059657814971,9.50002105768348,0.212156208798191,0.835504567345959,0.944433288914182,-5.52026854928527
"hsa-mir-3160-1",0.138345833092948,0.597493750120193,0.211022686054535,0.836369408418637,0.944433288914182,-5.52048805466349
"hsa-mir-648",0.138345833092948,0.597493750120193,0.211022686054535,0.836369408418637,0.944433288914182,-5.52048805466349
"hsa-mir-4435-1",-0.138345833092948,0.597493750120193,-0.211022686054535,0.836369408418638,0.944433288914182,-5.52048805466349
"hsa-mir-4642",-0.138345833092948,0.597493750120193,-0.211022686054535,0.836369408418638,0.944433288914182,-5.52048805466349
"hsa-mir-4716",-0.138345833092948,0.597493750120193,-0.211022686054535,0.836369408418638,0.944433288914182,-5.52048805466349
"hsa-mir-6834",0.138345833092948,0.597493750120193,0.211022686054535,0.836369408418638,0.944433288914182,-5.52048805466349
"hsa-mir-378g",-0.12802644454168,10.0990176828688,-0.209398980308129,0.837608631636769,0.945196559439474,-5.52080045190208
"hsa-mir-600",0.14915299232374,2.08937453594802,0.208442715991679,0.838338671898651,0.945207797600167,-5.52098331526199
"hsa-mir-548p",0.130772474259587,2.70101643566597,0.207235491354947,0.839260526700238,0.945207797600167,-5.52121298343021
"hsa-mir-3128",0.138345833092949,2.89979061532303,0.207172711131779,0.83930847343519,0.945207797600167,-5.52122489084512
"hsa-mir-6813",0.138345833092948,2.12581458369391,0.205935999393157,0.840253116196006,0.945636974498255,-5.5214587261804
"hsa-mir-4712",-0.138345833092948,0.930827083453526,-0.199353471756677,0.845285407181177,0.950026063797733,-5.52267996481329
"hsa-mir-6075",0.138345833092948,0.930827083453526,0.199353471756677,0.845285407181177,0.950026063797733,-5.52267996481329
"hsa-mir-4767",0.123316536583434,2.93076837287492,0.197376747989509,0.846797999143529,0.951089051246881,-5.52303901455558
"hsa-mir-3617",-0.168014168445862,2.67779365539782,-0.194751012841873,0.848808199356158,0.952577368943969,-5.52351045743599
"hsa-mir-378e",-0.120753640495074,9.81148031856328,-0.193898037762073,0.849461456166767,0.952577368943969,-5.52366225767727
"hsa-mir-219a-2",-0.161808942390081,1.52154716949083,-0.192796679543802,0.850305111293576,0.952577368943969,-5.52385728294715
"hsa-mir-548au",0.138345833092948,1.45914791702724,0.192680835086328,0.850393860952363,0.952577368943969,-5.52387773222703
"hsa-mir-195",0.132304104508608,11.6225944252998,0.190094224065873,0.852376045343028,0.954160776574784,-5.52433115121359
"hsa-mir-4691",0.138345833092948,0.597493750120193,0.188333268022597,0.853726112531614,0.955034944552033,-5.52463635515658
"hsa-mir-548a-1",-0.117225146093805,2.58693340662062,-0.184926298266716,0.856339492615123,0.956499730991237,-5.52521883104499
"hsa-mir-320e",0.1089015422759,4.7876748860834,0.184507649029722,0.856660748645561,0.956499730991237,-5.52528967700837
"hsa-mir-4504",0.133512643194575,3.41214752578178,0.184397096045304,0.856745587413486,0.956499730991237,-5.52530835872286
"hsa-mir-5587",0.138345833092948,1.26416041678686,0.183245390359197,0.857629521422638,0.956849958076587,-5.52550231719443
"hsa-mir-1288",-0.107309364962455,3.06845272226738,-0.182286026409265,0.858365986957786,0.956905842439711,-5.5256629615769
"hsa-mir-4517",0.138345833092948,1.12581458369391,0.18169450693015,0.858820142261147,0.956905842439711,-5.52576159321948
"hsa-mir-1-1",0.149413222729997,12.2120767965474,0.179772346778002,0.860296296382229,0.957465322676413,-5.52607989992745
"hsa-mir-129-1",0.119648459083806,7.80503143427131,0.179554705508851,0.860463472345668,0.957465322676413,-5.52611572893486
"hsa-mir-19b-2",-0.133394500703259,9.44289382401648,-0.178735709344305,0.861092627901061,0.957530437122585,-5.52625016887188
"hsa-mir-143",-0.126286563260027,20.4478815595797,-0.177097914278902,0.862351085262382,0.957684226145009,-5.52651718394261
"hsa-mir-200a",0.11486077427077,16.8722541651312,0.177070195722461,0.862372387190172,0.957684226145009,-5.52652168196345
"hsa-mir-762",0.107309364962454,1.58197551605495,0.17473329795809,0.864168715629107,0.958641996073518,-5.52689838432532
"hsa-mir-149",-0.113065248855394,9.11815047639791,-0.174075468504043,0.864674519807235,0.958641996073518,-5.52700352742608
"hsa-mir-548h-5",-0.138345833092948,1.26416041678686,-0.173718865126838,0.864948737816035,0.958641996073518,-5.52706035973319
"hsa-mir-5689",-0.107309364962455,3.90261950244377,-0.172664049506676,0.865759968710052,0.958907740921101,-5.52722778862264
"hsa-mir-548u",0.112805405891978,4.12234636895005,0.170469328895247,0.867448380719029,0.959873761321422,-5.52757290260697
"hsa-mir-4536-1",-0.138345833092948,1.79248125036058,-0.170043283658348,0.867776219263765,0.959873761321422,-5.52763938822499
"hsa-mir-618",0.263488182931677,4.83218380960693,0.166284086663851,0.870669997015798,0.962440220680178,-5.52821885032188
"hsa-mir-3199-2",0.113400755452084,2.9999412894214,0.162924272648552,0.873257990244193,0.964179427090816,-5.52872584396206
"hsa-mir-548f-3",-0.115974434473435,4.16791932997695,-0.162749614195428,0.873392568044124,0.964179427090816,-5.52875191827372
"hsa-mir-337",0.113109831386612,6.94702569988358,0.159225401847996,0.876108920390414,0.965903667546907,-5.52927209273135
"hsa-mir-4419a",0.0936030358539206,7.2456624775655,0.158326385145892,0.87680211930868,0.965903667546907,-5.52940297363172
"hsa-mir-376a-2",-0.100334085344272,4.31639180894775,-0.157843117155141,0.877174793675159,0.965903667546907,-5.52947302408695
"hsa-mir-548f-2",0.133229844981801,3.8896592624341,0.157736564698039,0.877256966234498,0.965903667546907,-5.52948844035624
"hsa-mir-943",0.119965315028794,2.89060035629096,0.154519834520014,0.879738385386219,0.968000662739721,-5.52994896628868
"hsa-mir-1-2",0.129693595004825,12.3767906522747,0.153317964930627,0.880665863533065,0.968386185457721,-5.53011860916873
"hsa-mir-1827",0.0868186205773398,5.12959798825198,0.149237805705352,0.88381587576129,0.971213516389944,-5.53068468141112
"hsa-mir-124-1",-0.107309364962454,0.720321349147894,-0.146684580306484,0.885788104623335,0.972164811904167,-5.53103117656895
"hsa-mir-548w",0.106139769703408,3.23084646228698,0.144766141393787,0.887270521113916,0.972164811904167,-5.53128760744521
"hsa-mir-4639",-0.120856693128236,1.85786748749037,-0.143726537139191,0.888074030555283,0.972164811904167,-5.53142516286356
"hsa-mir-6737",0.096502205731662,2.82820110382737,0.143605735325793,0.88816740662802,0.972164811904167,-5.53144108273642
"hsa-mir-95",-0.0902542939177486,11.0476907863331,-0.143431257638625,0.888302275583561,0.972164811904167,-5.53146405274956
"hsa-mir-4676",0.110858446362291,3.5761766979215,0.143348853117282,0.888365974462108,0.972164811904167,-5.53147489164583
"hsa-mir-378j",-0.087678135277931,1.92512446423054,-0.14219335980798,0.889259258787217,0.972164811904167,-5.53162622338125
"hsa-mir-1253",-0.107309364962454,1.24864218272161,-0.141128041183004,0.890082971765773,0.972164811904167,-5.53176466419363
"hsa-mir-2681",0.107309364962454,1.24864218272161,0.141128041183003,0.890082971765773,0.972164811904167,-5.53176466419363
"hsa-mir-6764",-0.0876781352779319,2.28192090686101,-0.140503722758276,0.89056576208244,0.972164811904167,-5.53184531390941
"hsa-mir-6859-1",-0.0876781352779312,1.48448176593475,-0.139871750594434,0.891054517704773,0.972164811904167,-5.53192658952692
"hsa-mir-548ac",0.119484656970825,1.82154306810616,0.138554162509915,0.892073665943853,0.972428995561722,-5.53209486576703
"hsa-mir-624",-0.0923579530343677,3.44606975812931,-0.138060332335909,0.892455693185371,0.972428995561722,-5.53215752663279
"hsa-mir-3133",0.0781550845456733,4.54921298797253,0.136901367239791,0.893352379471317,0.97277436259109,-5.53230370925606
"hsa-mir-3918",-0.0876781352779314,2.63762563881385,-0.134484023817305,0.89522316097909,0.97417928931447,-5.53260466181541
"hsa-mir-7156",0.107309364962454,0.720321349147894,0.133617008047097,0.895894305059157,0.974277799020911,-5.53271130103659
"hsa-mir-151b",0.078903180957723,6.49114350603521,0.13227018659617,0.896937026083441,0.974780006326434,-5.53287559101258
"hsa-mir-3646",0.0838462556653212,2.50602893542558,0.129670218396419,0.898950510516865,0.975749406607301,-5.53318805178926
"hsa-mir-4472-1",0.0876781352779312,1.15114843260142,0.128892581975683,0.899552876038173,0.975749406607301,-5.53328030590344
"hsa-mir-636",0.105013903100705,3.62392212410573,0.128388246560842,0.899943574577986,0.975749406607301,-5.53333984151223
"hsa-mir-4654",-0.0876781352779314,1.3461359328418,-0.128115348182389,0.900154994891599,0.975749406607301,-5.5333719595071
"hsa-mir-190a",-0.105227710365733,6.28010728903721,-0.126113293204939,0.901706273699414,0.976799953045588,-5.53360550225729
"hsa-mir-301b",0.087678135277931,3.67189590734178,0.12291602342317,0.904184531994455,0.97845176559854,-5.5339708635231
"hsa-mir-559",0.0755185463291044,5.14356347775284,0.122083613655537,0.904829920850208,0.97845176559854,-5.53406445060618
"hsa-mir-6511a-4",0.0741308071121494,3.00602893542558,0.11902482368722,0.907202085294697,0.97845176559854,-5.5344029007646
"hsa-mir-589",-0.0867163794690171,8.65053262951181,-0.118917215483658,0.907285555160917,0.97845176559854,-5.53441465149613
"hsa-mir-3159",0.0683710940870448,8.03776650403404,0.117812752833689,0.908142334751923,0.97845176559854,-5.53453464521658
"hsa-mir-566",0.0687539673248372,7.2646566659985,0.117094693439781,0.908699429300881,0.97845176559854,-5.53461205934703
"hsa-mir-147a",-0.0728412365893329,3.56817311211101,-0.116401078330199,0.909237607244758,0.97845176559854,-5.534686389915
"hsa-mir-6859-4",0.0876781352779313,0.817815099268086,0.116222126180093,0.909376464363822,0.97845176559854,-5.53470549566216
"hsa-mir-4463",-0.0876781352779312,0.817815099268086,-0.116222126180092,0.909376464363822,0.97845176559854,-5.53470549566216
"hsa-mir-4701",-0.0876781352779311,0.817815099268086,-0.116222126180092,0.909376464363822,0.97845176559854,-5.53470549566216
"hsa-mir-4328",0.0876781352779319,1.15114843260142,0.115875720973425,0.909645264799597,0.97845176559854,-5.5347423961496
"hsa-mir-4668",0.114882723795815,2.04986800306455,0.114864061578468,0.910430349928558,0.978668883523459,-5.53484953323562
"hsa-mir-4426",-0.096502205731662,2.10489277001327,-0.114002385681758,0.911099120134976,0.978760770541927,-5.5349400476943
"hsa-mir-1273e",0.0673109399033347,8.8738014061395,0.110657462258733,0.913695874855414,0.979715932450481,-5.53528497139017
"hsa-mir-145",-0.0852262176912788,15.3737914492797,-0.110625797777975,0.91372046186557,0.979715932450481,-5.53528818762623
"hsa-mir-3162",0.0817041659455107,1.62581458369391,0.109429788557539,0.91464921363487,0.979715932450481,-5.53540899667551
"hsa-mir-548ah",0.0750221852115907,2.45977327283743,0.108054864640462,0.91571706255892,0.979715932450481,-5.53554625901088
"hsa-mir-632",-0.065979792537302,3.43857184900042,-0.106429746040011,0.916979448840664,0.979715932450481,-5.53570626587514
"hsa-mir-218-1",0.0785411786500809,10.8131650225958,0.106420703783026,0.916986473497217,0.979715932450481,-5.53570714939444
"hsa-mir-6777",-0.0705013683979034,3.08685672054965,-0.105650339522191,0.917584973017577,0.979715932450481,-5.53578214667593
"hsa-mir-3173",-0.0773619391800988,5.72369742577219,-0.105506904295865,0.917696414329845,0.979715932450481,-5.53579605048552
"hsa-mir-218-2",0.0785659468830886,10.8592851987096,0.105406831401489,0.917774166566137,0.979715932450481,-5.53580573982976
"hsa-mir-4796",0.0688169591558077,3.20367335964414,0.104781424478085,0.91826010028912,0.979715932450481,-5.53586608566864
"hsa-mir-548d-1",0.0728800954917803,3.53037319163447,0.104587603010562,0.918410704257811,0.979715932450481,-5.53588471486192
"hsa-mir-4442",-0.0876781352779317,1.48448176593475,-0.101855291665845,0.92053412477134,0.981357218148862,-5.53614366866528
"hsa-mir-335",0.0695346446620224,10.9864812175714,0.0976163380584712,0.923829693783358,0.984245222964111,-5.536531873514
"hsa-mir-6859-2",-0.0566416671474372,1.02832083357372,-0.0903285918877282,0.92949895529133,0.989193454502431,-5.53716078650508
"hsa-mir-3687-2",0.054018919369657,3.87773904620388,0.0901303808936789,0.929653204857172,0.989193454502431,-5.53717721137122
"hsa-mir-6729",0.0506676978150171,2.08197551605495,0.0878330893595354,0.931441193442142,0.990194409898722,-5.53736494917826
"hsa-mir-19b-1",-0.0665499281814004,9.37886329096373,-0.0874053855730408,0.931774119922576,0.990194409898722,-5.53739936730844
"hsa-mir-3610",0.0642150259807988,1.63455915367627,0.085263080826659,0.933441900503168,0.991338929774883,-5.53756923787858
"hsa-mir-6895",0.0566416671474377,1.36165416690705,0.0834965036066588,0.934817426135415,0.99217181597421,-5.53770614898379
"hsa-mir-377",0.0524905333623487,6.28130609431162,0.0822115447827171,0.935818083133402,0.992606032552369,-5.53780393594005
"hsa-mir-1273f",0.0468464031352021,8.53761455546527,0.0767502786060186,0.940072278682781,0.996488492501394,-5.53820264539239
"hsa-mir-6862-1",-0.0566416671474375,1.36165416690705,-0.0750244815834426,0.94141704089862,0.997231316409476,-5.5383229501682
"hsa-mir-4802",-0.0471574753176265,3.67400697598114,-0.0737367479259921,0.9424205817258,0.997231316409476,-5.53841093721319
"hsa-mir-4419b",-0.0438718815149461,3.42468072687074,-0.0735630673168229,0.942555940301209,0.997231316409476,-5.53842268783716
"hsa-mir-4423",-0.0566416671474375,1.69498750024039,-0.0719350732905081,0.943824813369631,0.997483069817259,-5.53853148637089
"hsa-mir-6505",-0.0405206599603054,3.29683457500884,-0.0710091254998612,0.944546577297616,0.997483069817259,-5.53859228214914
"hsa-mir-548o",0.0464101424808554,6.95288482378932,0.0698243237337236,0.945470189231738,0.997483069817259,-5.53866892612971
"hsa-mir-6510",0.0409522492618444,3.45354546409335,0.0692185003597605,0.94594249072975,0.997483069817259,-5.53870761858721
"hsa-mir-3150a",0.0449970704443086,4.1199390794895,0.0690130463371324,0.946102668102077,0.997483069817259,-5.53872066394041
"hsa-mir-1285-1",-0.0402399455850855,8.81590724473467,-0.0686822428648497,0.946360576370129,0.997483069817259,-5.53874158697578
"hsa-mir-216a",0.0591015106026362,2.70367335964414,0.0651322596680264,0.949128685113964,0.999300078004974,-5.53895979752296
"hsa-mir-581",0.0411618366902919,4.60345164392414,0.0648604278967845,0.949340675676794,0.999300078004974,-5.53897602966725
"hsa-mir-378i",-0.0411748598671107,8.48628961956098,-0.064180358971439,0.949871051500556,0.999300078004974,-5.53901634211998
"hsa-mir-548v",0.0506676978150169,1.41530884938828,0.0622933038253777,0.95134286861316,1,-5.53912597749157
"hsa-mir-381",-0.0461078424959016,12.5194698786288,-0.0591961441756771,0.953758915323983,1,-5.53929883203826
"hsa-mir-3611",0.037120369649235,3.32683101935988,0.0591301282870753,0.953810418611699,1,-5.53930242056523
"hsa-mir-196a-2",-0.0342619036204681,11.1691759199703,-0.0567677075952435,0.955653637959542,1,-5.53942820442481
"hsa-mir-188",0.0337737291477662,5.02883022218555,0.0553156596800135,0.956786695280525,1,-5.53950297374832
"hsa-mir-3130-1",-0.0356384013055027,3.59208837770927,-0.0516145685679761,0.959675158099647,1,-5.53968479435206
"hsa-mir-196a-1",-0.0306331525562165,10.9032155537054,-0.0511703065874008,0.96002191689507,1,-5.53970577361704
"hsa-mir-3135b",-0.029460436288077,5.90944552174419,-0.0509661857001601,0.960181241772442,1,-5.53971535198821
"hsa-mir-488",-0.0418436273612861,2.03571985346679,-0.0505845580347935,0.960479122909404,1,-5.53973315721301
"hsa-mir-1296",0.0307098467809253,6.96506498038129,0.0472400859813123,0.963089926188765,1,-5.53988347413664
"hsa-mir-6888",-0.0310364681304942,1.31781509926809,-0.044227975924079,0.96544165988856,1,-5.54001005986519
"hsa-mir-1322",0.031036468130494,1.31781509926809,0.0442279759240787,0.965441659888561,1,-5.54001005986519
"hsa-mir-196b",-0.0281493465572513,12.26736244926,-0.0421915070508512,0.967031845938037,1,-5.54009092162014
"hsa-mir-30b",0.0266817911677588,12.0699371090173,0.0380438314460155,0.97027102709578,1,-5.54024383118874
"hsa-mir-548aj-1",-0.0196312296845227,1.87146978174931,-0.0322071504505602,0.97483018208021,1,-5.54043223853524
"hsa-mir-19a",-0.0245705226753561,9.80032013592378,-0.0296137659435482,0.976856237207623,1,-5.54050590902616
"hsa-mir-4430",-0.0175096837136506,4.63451621969789,-0.0293729998237178,0.977044342045967,1,-5.54051243499151
"hsa-mir-6723",-0.0153805938815728,5.1270575327544,-0.023422510832235,0.981693745337468,1,-5.54065679643396
"hsa-mir-1287",0.0127154247606835,7.3501181132515,0.0199822480382983,0.984382119549833,1,-5.54072541475163
"hsa-mir-32",0.0142981644362052,10.4541567669676,0.0195149014612557,0.984747341128578,1,-5.54073389716382
"hsa-mir-376b",0.0108071592307915,2.76099909318036,0.0175354721348483,0.986294262700567,1,-5.54076759864847
"hsa-mir-7704",0.00880296699665273,9.17284617539116,0.0153782622332971,0.987980185527775,1,-5.54080022653751
"hsa-mir-374a",0.00909993887329641,11.3400217356789,0.0137153946929921,0.989279807055123,1,-5.54082245850188
"hsa-mir-6852",0.008511697369046,3.20915913005626,0.0119151456705699,0.990686835736813,1,-5.54084366232437
"hsa-mir-504",-0.00759719468863196,8.07581900858847,-0.0107132550857325,0.991626221226666,1,-5.54085616042789
"hsa-mir-7641-2",-0.00673679678511796,10.2552776439432,-0.010223827700637,0.992008756540569,1,-5.54086086944784
"hsa-mir-6761",-0.00277632806482053,4.18856370541124,-0.00424148024059027,0.99668468294524,1,-5.54090063686658
"hsa-mir-4709",0.00253772803662455,3.96265903705446,0.00382402057971644,0.997010984932892,1,-5.54090218417109
"hsa-mir-1254-1",-0.00155182494442574,6.34627802536011,-0.00248842078174143,0.99805494286264,1,-5.54090605856594
"hsa-mir-4306",4.44089209850063e-16,1.91829583405449,7.2571330067137e-16,0.999999999999999,1,-5.5409089041939
"hsa-mir-7151",-4.44089209850063e-16,1.77397603162912,-5.61636244675301e-16,1,1,-5.5409089041939
"hsa-mir-1199",1.11022302462516e-16,0.333333333333333,1.81428325167842e-16,1,1,-5.5409089041939
"hsa-mir-1207",1.11022302462516e-16,0.333333333333333,1.81428325167842e-16,1,1,-5.5409089041939
"hsa-mir-1233-1",2.22044604925031e-16,0.528320833573719,3.18787983640222e-16,1,1,-5.5409089041939
"hsa-mir-3185",1.11022302462516e-16,0.333333333333333,1.81428325167842e-16,1,1,-5.5409089041939
"hsa-mir-3689b",-2.22044604925031e-16,1.30229686520284,-2.84203645531199e-16,1,1,-5.5409089041939
"hsa-mir-371a",1.11022302462516e-16,0.333333333333333,1.81428325167842e-16,1,1,-5.5409089041939
"hsa-mir-4251",2.22044604925031e-16,0.528320833573719,3.18787983640222e-16,1,1,-5.5409089041939
"hsa-mir-4315-1",1.11022302462516e-16,0.333333333333333,1.81428325167842e-16,1,1,-5.5409089041939
"hsa-mir-4438",2.22044604925031e-16,0.666666666666667,3.62856650335685e-16,1,1,-5.5409089041939
"hsa-mir-4519",2.22044604925031e-16,1.63563019853617,3.52130527851494e-16,1,1,-5.5409089041939
"hsa-mir-4720",1.11022302462516e-16,0.333333333333333,1.81428325167842e-16,1,1,-5.5409089041939
"hsa-mir-4748",2.22044604925031e-16,0.666666666666667,2.88086803306229e-16,1,1,-5.5409089041939
"hsa-mir-4779",2.22044604925031e-16,0.528320833573719,3.18787983640222e-16,1,1,-5.5409089041939
"hsa-mir-5190",1.11022302462516e-16,0.333333333333333,1.81428325167842e-16,1,1,-5.5409089041939
"hsa-mir-520h",2.22044604925031e-16,0.528320833573719,3.18787983640222e-16,1,1,-5.5409089041939
"hsa-mir-548m",1.11022302462516e-16,0.333333333333333,1.81428325167842e-16,1,1,-5.5409089041939
"hsa-mir-548x-2",2.22044604925031e-16,0.666666666666667,3.19079530369435e-16,1,1,-5.5409089041939
"hsa-mir-5579",1.11022302462516e-16,0.333333333333333,1.81428325167842e-16,1,1,-5.5409089041939
"hsa-mir-5586",1.11022302462516e-16,0.333333333333333,1.81428325167842e-16,1,1,-5.5409089041939
"hsa-mir-5706",-1.11022302462516e-16,0.666666666666667,-1.81428325167842e-16,1,1,-5.5409089041939
"hsa-mir-611",1.11022302462516e-16,0.333333333333333,1.81428325167842e-16,1,1,-5.5409089041939
"hsa-mir-631",1.11022302462516e-16,0.333333333333333,1.81428325167842e-16,1,1,-5.5409089041939
"hsa-mir-649",1.11022302462516e-16,0.333333333333333,1.81428325167842e-16,1,1,-5.5409089041939
"hsa-mir-6717",1.11022302462516e-16,0.333333333333333,1.81428325167842e-16,1,1,-5.5409089041939
"hsa-mir-6738",-2.22044604925031e-16,1.19498750024039,-2.84266075863738e-16,1,1,-5.5409089041939
"hsa-mir-6769a",1.11022302462516e-16,0.333333333333333,1.81428325167842e-16,1,1,-5.5409089041939
"hsa-mir-6822",1.11022302462516e-16,0.333333333333333,1.81428325167842e-16,1,1,-5.5409089041939
"hsa-mir-892a",2.22044604925031e-16,0.528320833573719,3.18787983640222e-16,1,1,-5.5409089041939
"hsa-mir-4275",-1.11022302462516e-16,0.861654166907052,-1.66930780044708e-16,1,1,-5.5409089041939
"hsa-mir-4658",-1.11022302462516e-16,0.666666666666667,-1.59539765184718e-16,1,1,-5.5409089041939
"hsa-mir-4674",-1.11022302462516e-16,0.861654166907052,-1.66930780044708e-16,1,1,-5.5409089041939
"hsa-mir-4743",-1.11022302462516e-16,0.666666666666667,-1.44043401653115e-16,1,1,-5.5409089041939
"hsa-mir-1193",-5.55111512312578e-17,0.333333333333333,-9.07141625839212e-17,1,1,-5.5409089041939
"hsa-mir-1281",-5.55111512312578e-17,0.333333333333333,-9.07141625839212e-17,1,1,-5.5409089041939
"hsa-mir-3907",-5.55111512312578e-17,0.333333333333333,-9.07141625839212e-17,1,1,-5.5409089041939
"hsa-mir-3939",0,1.19498750024039,0,1,1,-5.5409089041939
"hsa-mir-4501",-5.55111512312578e-17,0.333333333333333,-9.07141625839212e-17,1,1,-5.5409089041939
"hsa-mir-4666a",0,0.666666666666667,0,1,1,-5.5409089041939
"hsa-mir-4782",0,0.333333333333333,0,1,1,-5.5409089041939
"hsa-mir-548ae-1",0,0.333333333333333,0,1,1,-5.5409089041939
"hsa-mir-5572",0,0.333333333333333,0,1,1,-5.5409089041939
"hsa-mir-5583-2",-5.55111512312578e-17,0.333333333333333,-9.07141625839212e-17,1,1,-5.5409089041939
"hsa-mir-6745",0,0.666666666666667,0,1,1,-5.5409089041939
"hsa-mir-6765",0,0.333333333333333,0,1,1,-5.5409089041939
"hsa-mir-6768",0,0.333333333333333,0,1,1,-5.5409089041939
"hsa-mir-6835",0,0.333333333333333,0,1,1,-5.5409089041939
"hsa-mir-6838",-5.55111512312578e-17,0.333333333333333,-9.07141625839212e-17,1,1,-5.5409089041939
"hsa-mir-6881",0,1,0,1,1,-5.5409089041939
"hsa-mir-6884",0,1.19498750024039,0,1,1,-5.5409089041939
"hsa-mir-765",0,1.19498750024039,0,1,1,-5.5409089041939
"hsa-mir-8076",0,0.333333333333333,0,1,1,-5.5409089041939
"hsa-mir-892c",0,0.666666666666667,0,1,1,-5.5409089041939
